instance_id;x;y
ID;4.46218;0.83785
UN;-0.69485;0.83785
AN;0.45532;2.62046
ST;3.09411;-0.88895
Impartial Culture_0;-0.41851;0.86211
Impartial Culture_1;-0.23685;0.56142
Impartial Culture_2;-0.2082;0.71712
Impartial Culture_3;-0.11975;0.99927
Impartial Culture_4;-0.48773;0.88131
Impartial Culture_5;-0.05541;0.82684
Impartial Culture_6;-0.37544;0.94724
Impartial Culture_7;-0.16768;0.86486
Impartial Culture_8;-0.32391;0.71703
Impartial Culture_9;-0.25277;0.80285
Impartial Culture_10;-0.32584;0.67895
Impartial Culture_11;-0.56792;0.74161
Impartial Culture_12;-0.41964;1.10566
Impartial Culture_13;-0.53541;1.08474
Impartial Culture_14;-0.40169;0.67241
Impartial Culture_15;-0.32484;0.766
Impartial Culture_16;0.24637;0.4951
Impartial Culture_17;-0.27133;0.86349
Impartial Culture_18;-0.59511;0.82091
Impartial Culture_19;-0.48365;0.78056
SP by Conitzer_0;0.66149;0.13641
SP by Conitzer_1;0.55506;0.12018
SP by Conitzer_2;0.56667;-0.17507
SP by Conitzer_3;0.61;0.0429
SP by Conitzer_4;0.65919;0.35993
SP by Conitzer_5;0.9759;0.44818
SP by Conitzer_6;0.84648;0.28124
SP by Conitzer_7;0.74997;0.33687
SP by Conitzer_8;0.55688;-0.09775
SP by Conitzer_9;0.71146;-0.17273
SP by Conitzer_10;0.6923;-0.23216
SP by Conitzer_11;0.8884;0.16354
SP by Conitzer_12;0.79906;-0.10468
SP by Conitzer_13;0.98862;0.21685
SP by Conitzer_14;0.72181;0.08608
SP by Conitzer_15;0.68894;-0.02215
SP by Conitzer_16;0.54224;0.01528
SP by Conitzer_17;1.08964;0.64207
SP by Conitzer_18;0.52985;0.21646
SP by Conitzer_19;0.74006;-0.04455
SP by Walsh_0;1.49615;-0.31484
SP by Walsh_1;2.06099;-0.39314
SP by Walsh_2;1.9537;-0.24907
SP by Walsh_3;1.41162;-0.31672
SP by Walsh_4;1.29251;-0.37206
SP by Walsh_5;1.95647;-0.08528
SP by Walsh_6;1.47979;-0.44431
SP by Walsh_7;1.55394;-0.53353
SP by Walsh_8;1.67665;-0.46287
SP by Walsh_9;1.30252;-0.2895
SP by Walsh_10;1.50997;-0.2013
SP by Walsh_11;1.39759;-0.41588
SP by Walsh_12;1.42913;-0.52662
SP by Walsh_13;1.37221;-0.48353
SP by Walsh_14;1.65991;-0.31937
SP by Walsh_15;1.45145;-0.21738
SP by Walsh_16;1.60383;-0.38889
SP by Walsh_17;1.77639;-0.34913
SP by Walsh_18;1.74394;-0.12482
SP by Walsh_19;1.53509;-0.44518
SPOC_0;-0.13337;0.73696
SPOC_1;-0.19868;0.97033
SPOC_2;-0.23384;0.6718
SPOC_3;-0.01341;0.55792
SPOC_4;-0.0859;0.89724
SPOC_5;-0.09387;0.52093
SPOC_6;-0.49713;0.98232
SPOC_7;-0.51733;0.84991
SPOC_8;-0.2727;0.52485
SPOC_9;-0.24723;0.88026
SPOC_10;-0.25091;0.5007
SPOC_11;-0.19819;0.61028
SPOC_12;-0.22396;0.82317
SPOC_13;-0.18016;0.80684
SPOC_14;-0.3706;1.16031
SPOC_15;0.19951;0.86413
SPOC_16;-0.41196;1.07356
SPOC_17;0.0158;0.46563
SPOC_18;-0.16317;0.57028
SPOC_19;-0.50002;0.91144
Single-Crossing_0;1.28026;0.20162
Single-Crossing_1;1.48774;0.05015
Single-Crossing_2;1.80501;0.87404
Single-Crossing_3;2.01715;0.198
Single-Crossing_4;1.73252;1.69028
Single-Crossing_5;1.06772;-0.165
Single-Crossing_6;1.15503;-0.09275
Single-Crossing_7;1.29075;0.03521
Single-Crossing_8;1.75291;-0.0702
Single-Crossing_9;1.98239;0.71578
Single-Crossing_10;1.03353;0.02391
Single-Crossing_11;1.74784;0.57464
Single-Crossing_12;1.40998;0.29732
Single-Crossing_13;1.37997;0.87927
Single-Crossing_14;1.88672;1.80085
Single-Crossing_15;1.75415;0.92251
Single-Crossing_16;1.84802;0.0155
Single-Crossing_17;1.44525;0.22135
Single-Crossing_18;1.35178;-0.03739
Single-Crossing_19;1.25053;-0.19496
1D Uniform_0;0.90534;0.55196
1D Uniform_1;0.65492;0.22543
1D Uniform_2;0.48411;0.00187
1D Uniform_3;0.25872;-0.00942
1D Uniform_4;1.36811;1.36144
1D Uniform_5;2.71286;1.43205
1D Uniform_6;1.42051;1.67196
1D Uniform_7;1.67993;1.18003
1D Uniform_8;1.50828;1.24077
1D Uniform_9;2.26529;1.39908
1D Uniform_10;1.17212;1.68059
1D Uniform_11;2.96996;1.41891
1D Uniform_12;2.00185;1.4026
1D Uniform_13;1.97735;1.72629
1D Uniform_14;1.19234;-0.00481
1D Uniform_15;0.33447;-0.15998
1D Uniform_16;1.14542;1.22468
1D Uniform_17;0.95627;-0.29206
1D Uniform_18;1.6486;0.85897
1D Uniform_19;3.21437;1.48355
2D Uniform_0;0.75106;0.95409
2D Uniform_1;0.42262;0.01017
2D Uniform_2;0.26545;-0.05724
2D Uniform_3;0.36513;1.32013
2D Uniform_4;0.83066;0.83205
2D Uniform_5;0.38935;0.99428
2D Uniform_6;0.31682;1.14204
2D Uniform_7;0.88573;0.69802
2D Uniform_8;2.17129;1.06337
2D Uniform_9;1.14498;1.35779
2D Uniform_10;0.63663;0.70908
2D Uniform_11;0.48684;1.57109
2D Uniform_12;0.86612;0.09718
2D Uniform_13;-0.26943;0.62672
2D Uniform_14;1.6667;0.1352
2D Uniform_15;0.0891;0.23358
2D Uniform_16;1.90106;1.26328
2D Uniform_17;0.8272;0.95171
2D Uniform_18;0.49321;1.18104
2D Uniform_19;1.74921;0.15844
3D Uniform_0;1.29724;0.0886
3D Uniform_1;1.48944;0.76672
3D Uniform_2;2.06564;0.55149
3D Uniform_3;0.32264;1.18985
3D Uniform_4;2.05747;-0.16142
3D Uniform_5;1.13151;0.75994
3D Uniform_6;0.80124;-0.40182
3D Uniform_7;2.08865;-0.07637
3D Uniform_8;0.69903;0.34007
3D Uniform_9;0.10314;0.3257
3D Uniform_10;0.0494;0.92911
3D Uniform_11;0.23758;1.01832
3D Uniform_12;1.58856;1.62314
3D Uniform_13;1.09116;0.9682
3D Uniform_14;0.55177;1.03954
3D Uniform_15;1.01885;0.96757
3D Uniform_16;1.28959;0.77411
3D Uniform_17;0.14236;0.97283
3D Uniform_18;0.72771;1.09833
3D Uniform_19;0.78629;0.17253
5D Uniform_0;0.51272;0.73049
5D Uniform_1;-0.04197;1.22174
5D Uniform_2;0.23601;0.95969
5D Uniform_3;0.98942;1.10573
5D Uniform_4;1.73649;1.25217
5D Uniform_5;0.35872;1.04702
5D Uniform_6;1.01323;0.31591
5D Uniform_7;1.20214;0.23462
5D Uniform_8;0.41477;0.87514
5D Uniform_9;1.52477;1.1473
5D Uniform_10;0.35007;0.65247
5D Uniform_11;1.33266;-0.15412
5D Uniform_12;0.74427;0.54951
5D Uniform_13;0.02075;0.4919
5D Uniform_14;-0.01304;1.20697
5D Uniform_15;0.69127;1.27445
5D Uniform_16;0.75242;0.76903
5D Uniform_17;0.8024;0.47712
5D Uniform_18;0.38313;0.46759
5D Uniform_19;1.28239;1.22748
10D Uniform_0;-0.35443;0.82159
10D Uniform_1;0.98973;1.52139
10D Uniform_2;1.13253;0.85032
10D Uniform_3;1.14971;0.39717
10D Uniform_4;1.00548;0.57101
10D Uniform_5;1.06527;1.35963
10D Uniform_6;1.68254;0.06529
10D Uniform_7;1.48909;0.45849
10D Uniform_8;0.20725;0.3271
10D Uniform_9;1.83695;1.58642
10D Uniform_10;1.0758;1.08145
10D Uniform_11;1.20294;0.48241
10D Uniform_12;1.0646;0.68839
10D Uniform_13;0.94373;0.93721
10D Uniform_14;0.68799;0.4318
10D Uniform_15;0.99531;0.49075
10D Uniform_16;1.98614;0.31445
10D Uniform_17;1.70133;-0.03445
10D Uniform_18;1.19429;0.90632
10D Uniform_19;-0.0092;0.99913
20D Uniform_0;1.35856;0.19847
20D Uniform_1;0.30143;0.67473
20D Uniform_2;-0.25759;1.20562
20D Uniform_3;0.92213;1.2295
20D Uniform_4;1.82109;0.21518
20D Uniform_5;0.52435;0.50375
20D Uniform_6;0.17894;0.45474
20D Uniform_7;0.17117;0.80396
20D Uniform_8;0.80963;1.25312
20D Uniform_9;1.68364;1.48561
20D Uniform_10;0.45088;0.76165
20D Uniform_11;0.26318;0.75582
20D Uniform_12;1.0634;0.06907
20D Uniform_13;-0.21765;0.92541
20D Uniform_14;0.89432;1.16085
20D Uniform_15;1.20718;0.79955
20D Uniform_16;0.23045;1.00221
20D Uniform_17;1.47977;1.063
20D Uniform_18;0.80892;0.66542
20D Uniform_19;0.31724;0.65598
2D Sphere_0;-0.25466;1.57912
2D Sphere_1;-0.34845;0.7623
2D Sphere_2;-0.25965;1.53197
2D Sphere_3;-0.45396;1.07278
2D Sphere_4;-0.10825;1.57233
2D Sphere_5;0.22658;1.58475
2D Sphere_6;0.51472;1.88021
2D Sphere_7;0.02023;1.27768
2D Sphere_8;0.06017;1.5392
2D Sphere_9;-0.06844;1.44481
2D Sphere_10;0.07144;1.08999
2D Sphere_11;-0.28331;1.10042
2D Sphere_12;0.36482;1.87641
2D Sphere_13;0.00241;1.89481
2D Sphere_14;0.37903;1.76692
2D Sphere_15;-0.20526;1.28481
2D Sphere_16;-0.03885;1.70262
2D Sphere_17;-0.32555;1.4955
2D Sphere_18;-0.2368;0.96721
2D Sphere_19;-0.37118;0.87914
3D Sphere_0;-0.34265;1.4095
3D Sphere_1;0.63026;1.65563
3D Sphere_2;0.31518;2.08668
3D Sphere_3;0.15687;1.29845
3D Sphere_4;0.12053;1.67897
3D Sphere_5;0.00381;1.11767
3D Sphere_6;-0.26921;1.32661
3D Sphere_7;0.59117;1.24439
3D Sphere_8;-0.32138;0.94869
3D Sphere_9;-0.1365;0.91633
3D Sphere_10;0.1005;1.153
3D Sphere_11;-0.1356;1.2495
3D Sphere_12;0.14021;1.62031
3D Sphere_13;-0.00766;1.15619
3D Sphere_14;0.56552;1.5261
3D Sphere_15;-0.15836;1.71229
3D Sphere_16;-0.17522;1.22394
3D Sphere_17;0.34679;1.413
3D Sphere_18;0.17737;1.40722
3D Sphere_19;-0.21442;1.16141
5D Sphere_0;-0.08829;0.97623
5D Sphere_1;-0.08168;1.18966
5D Sphere_2;0.18923;0.82747
5D Sphere_3;0.08747;0.72858
5D Sphere_4;-0.34141;1.25434
5D Sphere_5;0.00892;0.91398
5D Sphere_6;-0.29546;1.19785
5D Sphere_7;-0.53862;0.63209
5D Sphere_8;0.00992;0.60249
5D Sphere_9;-0.48428;0.73384
5D Sphere_10;-0.42043;0.80258
5D Sphere_11;0.04995;1.47601
5D Sphere_12;-0.20257;1.03487
5D Sphere_13;-0.2563;1.03674
5D Sphere_14;-0.15229;0.65093
5D Sphere_15;-0.15469;1.09725
5D Sphere_16;-0.43713;1.01033
5D Sphere_17;0.15296;1.11518
5D Sphere_18;-0.11843;1.37704
5D Sphere_19;-0.32354;1.13906
GS Balanced_0;-0.47186;0.96367
GS Balanced_1;-0.07459;0.54605
GS Balanced_2;-0.13285;0.78925
GS Balanced_3;-0.55089;0.97349
GS Balanced_4;-0.4062;0.7724
GS Balanced_5;-0.09653;0.44723
GS Balanced_6;-0.5789;0.87653
GS Balanced_7;-0.43226;0.7098
GS Balanced_8;-0.48813;1.11572
GS Balanced_9;-0.52555;0.9269
GS Balanced_10;-0.08768;0.84693
GS Balanced_11;0.27134;0.37651
GS Balanced_12;-0.23033;0.61892
GS Balanced_13;-0.53685;0.80441
GS Balanced_14;-0.2545;0.76172
GS Balanced_15;0.1252;0.35471
GS Balanced_16;-0.01838;0.66167
GS Balanced_17;-0.35778;0.9888
GS Balanced_18;-0.41919;0.97962
GS Balanced_19;-0.36505;0.65495
GS Caterpillar_0;0.10047;1.81956
GS Caterpillar_1;-0.25911;1.77982
GS Caterpillar_2;0.23527;1.83022
GS Caterpillar_3;0.31628;1.97069
GS Caterpillar_4;0.25189;1.75564
GS Caterpillar_5;-0.11571;1.77318
GS Caterpillar_6;0.29921;1.67445
GS Caterpillar_7;0.01307;1.9724
GS Caterpillar_8;0.04421;1.76254
GS Caterpillar_9;-0.05371;1.84033
GS Caterpillar_10;-0.17823;1.90589
GS Caterpillar_11;0.06862;1.8842
GS Caterpillar_12;0.3494;1.79308
GS Caterpillar_13;0.22287;1.93065
GS Caterpillar_14;0.5775;1.69298
GS Caterpillar_15;0.09437;2.05164
GS Caterpillar_16;0.67064;1.50799
GS Caterpillar_17;-0.15474;1.83009
GS Caterpillar_18;0.42255;1.63623
GS Caterpillar_19;0.19596;1.71177
Urn_0;3.9428;0.64529
Urn_1;-0.02314;0.77138
Urn_2;1.18713;1.12036
Urn_3;0.46638;1.00608
Urn_4;2.69839;-0.39615
Urn_5;2.01046;1.64618
Urn_6;3.31312;0.25243
Urn_7;2.22321;1.78091
Urn_8;4.32482;0.97011
Urn_9;2.05128;-0.7991
Urn_10;0.99789;1.19391
Urn_11;3.77506;1.19887
Urn_12;3.99998;1.28104
Urn_13;4.22608;0.98601
Urn_14;4.45004;0.81733
Urn_15;0.97512;0.8057
Urn_16;0.26007;-0.22479
Urn_17;-0.17531;0.63404
Urn_18;0.19074;1.0786
Urn_19;4.03937;1.15171
Urn_20;2.98598;0.32094
Urn_21;2.16864;1.24164
Urn_22;0.53885;1.37747
Urn_23;2.55131;-0.13534
Urn_24;3.79959;1.07457
Urn_25;3.19839;1.04458
Urn_26;0.04393;0.68466
Urn_27;1.87824;1.39905
Urn_28;2.85989;1.25744
Urn_29;1.29532;1.1589
Urn_30;0.60401;0.98604
Urn_31;1.80168;0.5069
Urn_32;4.08725;1.08718
Urn_33;4.42456;0.87362
Urn_34;1.35017;0.998
Urn_35;2.90515;-0.97392
Urn_36;0.59834;0.14554
Urn_37;3.02932;1.59955
Urn_38;1.26033;2.12766
Urn_39;0.74365;1.17612
Urn_40;-0.00748;1.05404
Urn_41;1.85227;1.11006
Urn_42;2.83925;-0.10323
Urn_43;1.10737;1.55153
Urn_44;3.07684;1.20955
Urn_45;1.78095;0.8532
Urn_46;1.82751;-0.90141
Urn_47;1.42064;1.4855
Urn_48;1.93319;0.95596
Urn_49;3.89091;1.09216
Urn_50;1.21943;1.68533
Urn_51;4.37736;0.91026
Urn_52;4.45853;0.83004
Urn_53;0.86366;1.44816
Urn_54;0.4253;1.51119
Urn_55;2.61069;0.20897
Urn_56;0.47409;0.9393
Urn_57;0.40938;0.25586
Urn_58;2.30822;0.04966
Urn_59;4.45442;0.82368
Urn_60;1.12473;-0.32446
Urn_61;3.74894;0.71779
Urn_62;0.17216;0.73153
Urn_63;0.62968;1.30869
Urn_64;1.2442;1.55793
Urn_65;1.82366;1.40249
Urn_66;3.5672;1.18989
Urn_67;2.38466;1.02937
Urn_68;-0.35611;0.1475
Urn_69;4.30449;0.61659
Urn_70;3.77199;0.95553
Urn_71;1.17357;0.68147
Urn_72;-0.07277;0.60659
Urn_73;0.22456;0.47214
Urn_74;0.06907;0.32588
Urn_75;3.73446;0.03254
Urn_76;3.33883;1.14425
Urn_77;0.31448;-0.03677
Urn_78;2.70935;1.72267
Urn_79;2.13613;1.37558
Norm-Mallows_0;0.21502;0.57107
Norm-Mallows_1;3.98726;0.78409
Norm-Mallows_2;1.76588;0.631
Norm-Mallows_3;1.54176;0.7239
Norm-Mallows_4;0.84021;0.87355
Norm-Mallows_5;0.49368;0.36518
Norm-Mallows_6;4.27547;0.81311
Norm-Mallows_7;0.54855;0.54268
Norm-Mallows_8;0.14366;0.89173
Norm-Mallows_9;4.28189;0.83246
Norm-Mallows_10;3.38784;0.39037
Norm-Mallows_11;1.33051;0.54309
Norm-Mallows_12;4.02845;0.84106
Norm-Mallows_13;3.47223;0.67396
Norm-Mallows_14;2.80658;0.65225
Norm-Mallows_15;2.66541;0.10779
Norm-Mallows_16;0.34032;0.3643
Norm-Mallows_17;3.63519;0.59032
Norm-Mallows_18;3.14401;0.51724
Norm-Mallows_19;1.35444;0.43582
Norm-Mallows_20;2.59456;0.61623
Norm-Mallows_21;2.74103;0.4742
Norm-Mallows_22;1.40714;0.53989
Norm-Mallows_23;1.80769;0.3957
Norm-Mallows_24;2.22613;0.25599
Norm-Mallows_25;0.16087;0.36445
Norm-Mallows_26;1.52568;0.63916
Norm-Mallows_27;4.18996;0.84796
Norm-Mallows_28;3.19211;0.72169
Norm-Mallows_29;3.09041;0.6285
Norm-Mallows_30;2.32366;0.73698
Norm-Mallows_31;4.20433;0.91411
Norm-Mallows_32;4.19444;0.71357
Norm-Mallows_33;2.6764;0.80706
Norm-Mallows_34;-0.15524;0.69237
Norm-Mallows_35;0.53223;0.82227
Norm-Mallows_36;2.74557;0.58172
Norm-Mallows_37;2.43433;0.51046
Norm-Mallows_38;1.18492;1.00812
Norm-Mallows_39;4.08159;0.74816
Norm-Mallows_40;0.86684;0.71128
Norm-Mallows_41;2.21126;0.41118
Norm-Mallows_42;-0.43629;0.91714
Norm-Mallows_43;2.75613;0.74075
Norm-Mallows_44;2.3274;0.81607
Norm-Mallows_45;2.2969;0.56096
Norm-Mallows_46;3.9121;0.88644
Norm-Mallows_47;0.8923;0.40428
Norm-Mallows_48;1.02133;0.29637
Norm-Mallows_49;1.54409;0.93956
Norm-Mallows_50;3.00834;0.604
Norm-Mallows_51;2.8244;0.84884
Norm-Mallows_52;2.3525;0.36436
Norm-Mallows_53;2.39967;0.68132
Norm-Mallows_54;2.83073;0.31949
Norm-Mallows_55;0.09458;0.64742
Norm-Mallows_56;-0.2964;1.04623
Norm-Mallows_57;3.0374;0.4462
Norm-Mallows_58;1.51299;0.36968
Norm-Mallows_59;0.26348;0.58233
Norm-Mallows_60;3.89509;0.81398
Norm-Mallows_61;4.05597;0.6593
Norm-Mallows_62;1.98861;0.50389
Norm-Mallows_63;1.57974;0.49365
Norm-Mallows_64;2.52363;0.97294
Norm-Mallows_65;0.34849;0.59117
Norm-Mallows_66;1.3271;0.62698
Norm-Mallows_67;2.45498;0.40692
Norm-Mallows_68;-0.07893;0.77671
Norm-Mallows_69;2.56847;0.29995
Norm-Mallows_70;1.81593;0.58172
Norm-Mallows_71;1.98643;0.46677
Norm-Mallows_72;0.63615;0.4896
Norm-Mallows_73;0.07568;0.86008
Norm-Mallows_74;0.41757;0.63679
Norm-Mallows_75;2.28617;0.66472
Norm-Mallows_76;1.97;0.66044
Norm-Mallows_77;0.92689;0.45528
Norm-Mallows_78;0.43241;0.82143
Norm-Mallows_79;1.18714;0.3561
ANID_0;4.35726;1.02138
ANID_1;4.18515;1.16293
ANID_2;3.99378;1.29248
ANID_3;3.79494;1.39912
ANID_4;3.59553;1.49375
ANID_5;3.40379;1.59489
ANID_6;3.19944;1.69672
ANID_7;2.98971;1.78392
ANID_8;2.78078;1.87312
ANID_9;2.57019;1.94686
ANID_10;2.36574;2.02516
ANID_11;2.15504;2.10317
ANID_12;1.94328;2.17557
ANID_13;1.73452;2.23693
ANID_14;1.53242;2.29089
ANID_15;1.33631;2.34872
ANID_16;1.14193;2.3911
ANID_17;0.95874;2.42689
ANID_18;0.78532;2.47492
ANID_19;0.6185;2.54087
STID_0;4.36438;0.80599
STID_1;4.29046;0.72786
STID_2;4.20187;0.64471
STID_3;4.12819;0.56024
STID_4;4.05133;0.48123
STID_5;3.96443;0.41321
STID_6;3.88124;0.34256
STID_7;3.80252;0.26686
STID_8;3.72536;0.18904
STID_9;3.65049;0.10768
STID_10;3.5838;0.0197
STID_11;3.52355;-0.07055
STID_12;3.46603;-0.1607
STID_13;3.41186;-0.25142
STID_14;3.36074;-0.34281
STID_15;3.31102;-0.43401
STID_16;3.26249;-0.52495
STID_17;3.21461;-0.61523
STID_18;3.16733;-0.70495
STID_19;3.12422;-0.79564
ANUN_0;-0.65709;0.91772
ANUN_1;-0.61955;0.99874
ANUN_2;-0.58244;1.08429
ANUN_3;-0.53841;1.17879
ANUN_4;-0.50044;1.26361
ANUN_5;-0.47222;1.34975
ANUN_6;-0.4471;1.43873
ANUN_7;-0.41864;1.53143
ANUN_8;-0.38357;1.62722
ANUN_9;-0.34058;1.72392
ANUN_10;-0.29156;1.82489
ANUN_11;-0.23075;1.92599
ANUN_12;-0.1585;2.02365
ANUN_13;-0.07973;2.11407
ANUN_14;0.004;2.19659
ANUN_15;0.08725;2.27329
ANUN_16;0.16883;2.34533
ANUN_17;0.24713;2.41399
ANUN_18;0.32195;2.48114
ANUN_19;0.38943;2.5505
STUN_0;-0.54126;0.71018
STUN_1;-0.3877;0.60041
STUN_2;-0.22547;0.48883
STUN_3;-0.09229;0.38375
STUN_4;0.0392;0.27737
STUN_5;0.21558;0.17411
STUN_6;0.38616;0.08335
STUN_7;0.57575;-0.03846
STUN_8;0.76974;-0.16093
STUN_9;0.94473;-0.25153
STUN_10;1.08997;-0.38354
STUN_11;1.26351;-0.5103
STUN_12;1.53258;-0.60425
STUN_13;1.78964;-0.62159
STUN_14;2.00206;-0.64839
STUN_15;2.19687;-0.68531
STUN_16;2.37145;-0.73837
STUN_17;2.54042;-0.79576
STUN_18;2.71426;-0.84703
STUN_19;2.89697;-0.88281
