instance_id;x;y
ID;4.23697;1.17497
UN;-0.79194;1.17497
AN;0.30802;2.9248
ST;2.80759;-0.64023
Impartial Culture_0;-0.5424;1.20733
Impartial Culture_1;-0.33969;0.89957
Impartial Culture_2;-0.39644;1.02329
Impartial Culture_3;-0.32844;1.20581
Impartial Culture_4;-0.59847;1.21152
Impartial Culture_5;-0.27735;1.07975
Impartial Culture_6;-0.50751;1.24239
Impartial Culture_7;-0.33863;1.11921
Impartial Culture_8;-0.4522;1.02998
Impartial Culture_9;-0.41609;1.09576
Impartial Culture_10;-0.42844;1.04057
Impartial Culture_11;-0.65022;1.12118
Impartial Culture_12;-0.5172;1.3636
Impartial Culture_13;-0.59851;1.38795
Impartial Culture_14;-0.5032;1.0127
Impartial Culture_15;-0.49006;1.05656
Impartial Culture_16;0.09087;0.79738
Impartial Culture_17;-0.40943;1.1733
Impartial Culture_18;-0.68864;1.17779
Impartial Culture_19;-0.58862;1.11782
SP by Conitzer_0;0.69025;1.63939
SP by Conitzer_1;0.62097;1.63406
SP by Conitzer_2;0.7444;1.40185
SP by Conitzer_3;0.68131;1.55229
SP by Conitzer_4;0.62849;1.82461
SP by Conitzer_5;0.81489;1.57479
SP by Conitzer_6;0.7742;1.57077
SP by Conitzer_7;0.65305;1.61196
SP by Conitzer_8;0.39133;0.2783
SP by Conitzer_9;0.55355;0.3104
SP by Conitzer_10;0.54832;0.20902
SP by Conitzer_11;0.84265;1.32589
SP by Conitzer_12;0.85118;1.12226
SP by Conitzer_13;0.91798;1.38352
SP by Conitzer_14;0.74081;1.54372
SP by Conitzer_15;0.76436;1.3974
SP by Conitzer_16;0.34861;0.3921
SP by Conitzer_17;0.87553;1.77321
SP by Conitzer_18;0.60372;1.80296
SP by Conitzer_19;0.81894;1.35673
SP by Walsh_0;1.35134;0.12458
SP by Walsh_1;1.89626;0.00194
SP by Walsh_2;1.78081;0.17037
SP by Walsh_3;1.27861;0.12374
SP by Walsh_4;1.17991;0.10907
SP by Walsh_5;1.72674;0.2564
SP by Walsh_6;1.34196;0.01309
SP by Walsh_7;1.42302;-0.04748
SP by Walsh_8;1.54894;0.02571
SP by Walsh_9;1.20475;0.19218
SP by Walsh_10;1.345;0.22634
SP by Walsh_11;1.29176;0.04762
SP by Walsh_12;1.31934;-0.02629
SP by Walsh_13;1.28906;0.02648
SP by Walsh_14;1.51843;0.12266
SP by Walsh_15;1.30824;0.18727
SP by Walsh_16;1.41162;0.02656
SP by Walsh_17;1.59712;0.07918
SP by Walsh_18;1.55263;0.31564
SP by Walsh_19;1.39815;0.01766
SPOC_0;-0.30962;1.03449
SPOC_1;-0.40256;1.22341
SPOC_2;-0.36019;0.97096
SPOC_3;-0.16323;0.86915
SPOC_4;-0.26035;1.15383
SPOC_5;-0.22543;0.93797
SPOC_6;-0.56658;1.25398
SPOC_7;-0.61047;1.19064
SPOC_8;-0.3591;0.89425
SPOC_9;-0.36907;1.19878
SPOC_10;-0.33529;0.94367
SPOC_11;-0.33853;1.01603
SPOC_12;-0.37917;1.11865
SPOC_13;-0.36227;1.06995
SPOC_14;-0.49343;1.31837
SPOC_15;-0.05234;1.07179
SPOC_16;-0.52372;1.33533
SPOC_17;-0.11777;0.82514
SPOC_18;-0.30286;0.8997
SPOC_19;-0.60917;1.24191
Single-Crossing_0;0.99471;0.4854
Single-Crossing_1;1.3576;1.06795
Single-Crossing_2;1.43573;1.65802
Single-Crossing_3;1.17958;-0.33714
Single-Crossing_4;1.51765;1.91924
Single-Crossing_5;0.9311;0.27583
Single-Crossing_6;1.12736;0.5014
Single-Crossing_7;1.07356;0.46175
Single-Crossing_8;1.59455;0.39799
Single-Crossing_9;1.4848;-0.03362
Single-Crossing_10;0.79177;0.31755
Single-Crossing_11;1.10603;-0.08014
Single-Crossing_12;1.14721;0.68753
Single-Crossing_13;0.77136;0.29809
Single-Crossing_14;1.66337;2.03815
Single-Crossing_15;1.04947;-0.13458
Single-Crossing_16;1.71206;1.23825
Single-Crossing_17;1.20203;0.68836
Single-Crossing_18;1.21934;0.43526
Single-Crossing_19;1.17166;0.28593
1D Uniform_0;0.75941;1.55295
1D Uniform_1;0.64172;1.44974
1D Uniform_2;0.64103;1.38229
1D Uniform_3;0.15967;-0.01553
1D Uniform_4;1.11132;1.99665
1D Uniform_5;2.51044;1.60475
1D Uniform_6;0.92983;0.17645
1D Uniform_7;1.31571;1.79773
1D Uniform_8;1.22035;1.90273
1D Uniform_9;2.03123;1.6948
1D Uniform_10;0.96593;2.20161
1D Uniform_11;2.7259;1.57223
1D Uniform_12;1.76197;1.74484
1D Uniform_13;1.77911;1.99499
1D Uniform_14;1.18492;0.77971
1D Uniform_15;0.23875;0.21688
1D Uniform_16;0.39164;0.03109
1D Uniform_17;1.21119;1.41524
1D Uniform_18;1.30443;1.58434
1D Uniform_19;2.95186;1.66388
2D Uniform_0;0.42751;1.01891
2D Uniform_1;0.64803;1.25311
2D Uniform_2;0.63696;1.87319
2D Uniform_3;0.03217;1.57617
2D Uniform_4;0.58131;1.11207
2D Uniform_5;0.12016;1.2896
2D Uniform_6;0.01073;1.4095
2D Uniform_7;0.60508;1.32002
2D Uniform_8;1.96897;1.22492
2D Uniform_9;0.93426;1.89283
2D Uniform_10;0.43605;1.07631
2D Uniform_11;0.16793;1.84762
2D Uniform_12;0.7821;0.94384
2D Uniform_13;-0.39911;0.99315
2D Uniform_14;1.44729;0.54581
2D Uniform_15;0.15374;1.32225
2D Uniform_16;1.65744;1.14365
2D Uniform_17;0.49966;0.83368
2D Uniform_18;0.23838;1.39422
2D Uniform_19;1.52718;0.59324
3D Uniform_0;1.03993;0.36252
3D Uniform_1;1.14525;0.63211
3D Uniform_2;1.75373;1.15779
3D Uniform_3;-0.00799;1.34031
3D Uniform_4;1.78806;0.25131
3D Uniform_5;0.67827;0.48307
3D Uniform_6;0.71657;0.02582
3D Uniform_7;1.81993;0.28185
3D Uniform_8;0.43306;0.58536
3D Uniform_9;-0.08961;0.69198
3D Uniform_10;-0.19818;1.14162
3D Uniform_11;-0.07249;1.221
3D Uniform_12;1.3987;1.93043
3D Uniform_13;0.83804;1.05669
3D Uniform_14;0.24928;1.15563
3D Uniform_15;0.74969;1.83665
3D Uniform_16;1.02495;1.21496
3D Uniform_17;-0.15957;1.10708
3D Uniform_18;0.50119;1.39191
3D Uniform_19;0.5798;0.49883
5D Uniform_0;0.28364;1.16928
5D Uniform_1;-0.26422;1.3855
5D Uniform_2;0.02539;1.24082
5D Uniform_3;0.74005;1.17792
5D Uniform_4;1.06251;-0.08943
5D Uniform_5;0.1548;1.19288
5D Uniform_6;0.82436;0.7409
5D Uniform_7;0.96884;0.59898
5D Uniform_8;0.17763;1.15506
5D Uniform_9;1.28459;1.22798
5D Uniform_10;-0.11137;0.62411
5D Uniform_11;1.14557;0.23321
5D Uniform_12;0.42948;0.62406
5D Uniform_13;-0.16907;0.78618
5D Uniform_14;-0.25444;1.4257
5D Uniform_15;-0.04339;0.29507
5D Uniform_16;0.32922;0.52217
5D Uniform_17;0.55373;0.66385
5D Uniform_18;0.15965;0.71932
5D Uniform_19;0.65154;0.11304
10D Uniform_0;-0.48321;1.13209
10D Uniform_1;0.25832;0.09099
10D Uniform_2;0.89602;0.9476
10D Uniform_3;0.82387;0.45243
10D Uniform_4;0.71143;0.65443
10D Uniform_5;0.32512;0.13526
10D Uniform_6;1.39507;0.2202
10D Uniform_7;1.19266;0.71314
10D Uniform_8;0.08584;0.72005
10D Uniform_9;1.09194;-0.32759
10D Uniform_10;0.50091;0.35921
10D Uniform_11;0.90262;0.57239
10D Uniform_12;0.84112;0.87581
10D Uniform_13;0.66799;0.99641
10D Uniform_14;0.45761;0.67424
10D Uniform_15;0.74889;0.84448
10D Uniform_16;1.72107;0.56661
10D Uniform_17;1.46629;0.29023
10D Uniform_18;0.76125;0.5499
10D Uniform_19;-0.22912;1.24361
20D Uniform_0;0.99655;0.22161
20D Uniform_1;-0.02706;0.7362
20D Uniform_2;-0.4113;1.4308
20D Uniform_3;0.36426;0.31076
20D Uniform_4;1.55189;0.43871
20D Uniform_5;0.34899;0.84977
20D Uniform_6;-0.04861;0.71178
20D Uniform_7;-0.05861;1.02578
20D Uniform_8;0.50647;1.28604
20D Uniform_9;1.55723;1.33577
20D Uniform_10;0.20872;0.89173
20D Uniform_11;0.10412;1.08589
20D Uniform_12;0.8207;0.27681
20D Uniform_13;-0.42074;1.13871
20D Uniform_14;0.53669;0.92199
20D Uniform_15;0.81067;0.59038
20D Uniform_16;-0.11458;0.9163
20D Uniform_17;1.21149;0.9402
20D Uniform_18;0.53978;0.78344
20D Uniform_19;0.12446;0.98569
2D Sphere_0;-0.32436;1.81152
2D Sphere_1;-0.46216;1.11076
2D Sphere_2;-0.35759;1.77772
2D Sphere_3;-0.53192;1.33381
2D Sphere_4;-0.2235;1.80113
2D Sphere_5;0.00205;1.84864
2D Sphere_6;0.21934;2.15712
2D Sphere_7;-0.20356;1.51261
2D Sphere_8;-0.09885;1.80379
2D Sphere_9;-0.20962;1.6881
2D Sphere_10;-0.22626;1.20763
2D Sphere_11;-0.41612;1.38037
2D Sphere_12;0.06377;2.14109
2D Sphere_13;0.00375;2.14127
2D Sphere_14;0.15102;2.05514
2D Sphere_15;-0.30298;1.52596
2D Sphere_16;-0.15248;1.95153
2D Sphere_17;-0.39549;1.72861
2D Sphere_18;-0.46045;1.03222
2D Sphere_19;-0.52532;1.17527
3D Sphere_0;-0.41714;1.65098
3D Sphere_1;0.36525;1.86944
3D Sphere_2;0.12941;2.34795
3D Sphere_3;-0.09451;1.51519
3D Sphere_4;-0.04219;1.93558
3D Sphere_5;-0.26866;1.2268
3D Sphere_6;-0.35548;1.55176
3D Sphere_7;0.33264;1.46682
3D Sphere_8;-0.47513;1.22879
3D Sphere_9;-0.34603;1.1563
3D Sphere_10;-0.11978;1.39572
3D Sphere_11;-0.31484;1.47125
3D Sphere_12;-0.43707;0.90083
3D Sphere_13;-0.20353;1.37533
3D Sphere_14;0.26981;1.86971
3D Sphere_15;-0.20494;1.93799
3D Sphere_16;-0.28522;1.47582
3D Sphere_17;0.08065;1.72623
3D Sphere_18;-0.04255;1.63377
3D Sphere_19;-0.38812;1.40668
5D Sphere_0;-0.40969;0.98408
5D Sphere_1;-0.31438;1.41893
5D Sphere_2;-0.10716;1.03636
5D Sphere_3;-0.09984;1.00638
5D Sphere_4;-0.41257;1.50719
5D Sphere_5;-0.20889;1.16247
5D Sphere_6;-0.40716;1.45051
5D Sphere_7;-0.61846;1.06145
5D Sphere_8;-0.1939;0.90723
5D Sphere_9;-0.57285;1.1721
5D Sphere_10;-0.538;1.13751
5D Sphere_11;-0.20208;1.72331
5D Sphere_12;-0.4085;1.26319
5D Sphere_13;-0.43401;1.28076
5D Sphere_14;-0.34731;0.92964
5D Sphere_15;-0.3769;1.33605
5D Sphere_16;-0.55186;1.27701
5D Sphere_17;-0.10945;1.36882
5D Sphere_18;-0.31893;1.55952
5D Sphere_19;-0.4266;1.40082
GS Balanced_0;-0.57633;1.27078
GS Balanced_1;-0.20732;0.87009
GS Balanced_2;-0.2809;1.10973
GS Balanced_3;-0.62254;1.29278
GS Balanced_4;-0.52208;1.11755
GS Balanced_5;-0.21303;0.78371
GS Balanced_6;-0.65548;1.20801
GS Balanced_7;-0.52593;1.13069
GS Balanced_8;-0.57348;1.39162
GS Balanced_9;-0.63177;1.22072
GS Balanced_10;-0.28095;1.14072
GS Balanced_11;0.12284;0.71098
GS Balanced_12;-0.32671;0.95406
GS Balanced_13;-0.63721;1.15556
GS Balanced_14;-0.38926;1.09245
GS Balanced_15;0.03434;0.69196
GS Balanced_16;-0.18504;0.97212
GS Balanced_17;-0.51476;1.2501
GS Balanced_18;-0.54772;1.28547
GS Balanced_19;-0.47584;1.04616
GS Caterpillar_0;-0.09129;2.04774
GS Caterpillar_1;-0.27024;2.00126
GS Caterpillar_2;0.04386;2.0741
GS Caterpillar_3;-0.53741;0.69313
GS Caterpillar_4;-0.06308;2.00764
GS Caterpillar_5;-0.23398;2.00351
GS Caterpillar_6;-0.04365;1.97697
GS Caterpillar_7;-0.09131;2.16582
GS Caterpillar_8;-0.10031;2.02931
GS Caterpillar_9;-0.12282;2.05855
GS Caterpillar_10;-0.21412;2.07248
GS Caterpillar_11;-0.06432;2.06898
GS Caterpillar_12;0.08795;2.061
GS Caterpillar_13;-0.59565;0.76181
GS Caterpillar_14;0.25044;2.02037
GS Caterpillar_15;-0.02982;2.23466
GS Caterpillar_16;-0.03563;0.50675
GS Caterpillar_17;-0.2533;2.03974
GS Caterpillar_18;-0.38996;0.64223
GS Caterpillar_19;0.04588;1.97059
Urn_0;3.73231;0.9148
Urn_1;-0.20705;1.06339
Urn_2;1.00906;1.18744
Urn_3;0.15726;0.90773
Urn_4;2.42978;-0.0807
Urn_5;1.7914;1.91029
Urn_6;3.06843;0.71166
Urn_7;2.08618;1.85122
Urn_8;4.05364;1.16001
Urn_9;1.80545;-0.42978
Urn_10;0.7244;1.12107
Urn_11;3.54806;1.37497
Urn_12;3.70058;1.45247
Urn_13;3.98158;1.16836
Urn_14;4.24095;1.07073
Urn_15;0.68863;0.88392
Urn_16;0.13217;0.02649
Urn_17;-0.36341;0.94222
Urn_18;-0.08894;1.19874
Urn_19;3.77112;1.31894
Urn_20;2.72165;0.9149
Urn_21;1.93298;1.38934
Urn_22;0.30609;1.58025
Urn_23;2.17831;2.26171
Urn_24;3.58782;1.26229
Urn_25;2.94982;1.22503
Urn_26;-0.14028;0.98154
Urn_27;1.65092;1.74351
Urn_28;2.63387;1.45544
Urn_29;1.08628;1.39541
Urn_30;0.31549;1.23517
Urn_31;1.49513;0.70084
Urn_32;3.81204;1.27909
Urn_33;4.18566;1.11096
Urn_34;1.10047;1.08907
Urn_35;2.72879;2.70516
Urn_36;0.40072;0.42937
Urn_37;2.79021;1.88966
Urn_38;1.11126;2.39635
Urn_39;0.18996;0.474
Urn_40;-0.184;1.26818
Urn_41;1.61701;1.23148
Urn_42;2.54825;0.15481
Urn_43;0.97191;1.67615
Urn_44;2.8495;1.35512
Urn_45;1.52502;0.94801
Urn_46;1.64482;-0.50893
Urn_47;1.24766;1.61778
Urn_48;1.63391;1.0289
Urn_49;3.6671;1.21928
Urn_50;1.08388;1.90987
Urn_51;4.12988;1.11541
Urn_52;4.24131;1.01839
Urn_53;0.63074;1.7049
Urn_54;0.21477;1.80497
Urn_55;2.33779;0.57834
Urn_56;0.17594;0.98678
Urn_57;0.118;0.35816
Urn_58;2.04531;0.40446
Urn_59;4.23947;1.12377
Urn_60;1.13388;0.2613
Urn_61;3.57579;1.05937
Urn_62;-0.04448;0.96133
Urn_63;0.32259;1.61524
Urn_64;1.10981;1.66589
Urn_65;1.68436;1.52221
Urn_66;3.34214;1.34505
Urn_67;2.1409;1.14198
Urn_68;-0.01598;1.93682
Urn_69;3.95699;1.27799
Urn_70;3.57315;1.16873
Urn_71;0.95577;1.01429
Urn_72;-0.2428;0.90429
Urn_73;0.02141;0.78472
Urn_74;0.2201;1.59655
Urn_75;3.39561;0.39582
Urn_76;3.11108;1.30146
Urn_77;0.71417;1.94521
Urn_78;2.50545;1.88831
Urn_79;1.92743;1.46804
Norm-Mallows_0;-0.00502;0.79772
Norm-Mallows_1;3.7662;1.02361
Norm-Mallows_2;1.50601;0.83332
Norm-Mallows_3;1.27002;0.84327
Norm-Mallows_4;0.5621;0.84827
Norm-Mallows_5;0.2951;0.64861
Norm-Mallows_6;4.05099;1.04868
Norm-Mallows_7;0.31544;0.71322
Norm-Mallows_8;-0.18897;0.90287
Norm-Mallows_9;4.06946;1.06176
Norm-Mallows_10;3.10996;0.61601
Norm-Mallows_11;1.05192;0.68073
Norm-Mallows_12;3.80079;1.04318
Norm-Mallows_13;3.23366;0.88643
Norm-Mallows_14;2.5271;0.83009
Norm-Mallows_15;2.41043;0.46845
Norm-Mallows_16;0.17549;0.72872
Norm-Mallows_17;3.38523;0.83615
Norm-Mallows_18;2.87253;0.72838
Norm-Mallows_19;1.06643;0.63139
Norm-Mallows_20;2.33086;0.80878
Norm-Mallows_21;2.47854;0.70983
Norm-Mallows_22;1.12754;0.75907
Norm-Mallows_23;1.55164;0.60627
Norm-Mallows_24;1.96731;0.54327
Norm-Mallows_25;-0.01862;0.67562
Norm-Mallows_26;1.22405;0.67184
Norm-Mallows_27;3.99261;1.06039
Norm-Mallows_28;2.92265;0.84013
Norm-Mallows_29;2.83218;0.77161
Norm-Mallows_30;2.05782;0.79145
Norm-Mallows_31;3.97884;1.10894
Norm-Mallows_32;3.9598;0.96272
Norm-Mallows_33;2.42423;0.92765
Norm-Mallows_34;-0.32176;1.0034
Norm-Mallows_35;0.2685;0.9653
Norm-Mallows_36;2.48604;0.83167
Norm-Mallows_37;2.15219;0.71511
Norm-Mallows_38;0.79921;0.68482
Norm-Mallows_39;3.84694;0.99918
Norm-Mallows_40;0.60665;0.77897
Norm-Mallows_41;1.94941;0.64182
Norm-Mallows_42;-0.55916;1.19037
Norm-Mallows_43;2.49644;0.86437
Norm-Mallows_44;2.05624;0.90625
Norm-Mallows_45;2.03205;0.7726
Norm-Mallows_46;3.70587;1.08395
Norm-Mallows_47;0.60298;0.55571
Norm-Mallows_48;0.73366;0.44881
Norm-Mallows_49;1.27623;0.98538
Norm-Mallows_50;2.76457;0.79636
Norm-Mallows_51;2.54832;0.88523
Norm-Mallows_52;2.09273;0.6775
Norm-Mallows_53;2.10204;0.84602
Norm-Mallows_54;2.56473;0.58706
Norm-Mallows_55;-0.15038;0.86112
Norm-Mallows_56;-0.46006;1.30263
Norm-Mallows_57;2.77817;0.66994
Norm-Mallows_58;1.21348;0.53547
Norm-Mallows_59;0.10107;0.87227
Norm-Mallows_60;3.68632;1.0558
Norm-Mallows_61;3.80507;0.91642
Norm-Mallows_62;1.72254;0.65045
Norm-Mallows_63;1.31323;0.69885
Norm-Mallows_64;2.25913;1.06735
Norm-Mallows_65;0.08709;0.7693
Norm-Mallows_66;1.07025;0.8368
Norm-Mallows_67;2.17389;0.61627
Norm-Mallows_68;-0.27298;1.04982
Norm-Mallows_69;2.30033;0.55698
Norm-Mallows_70;1.5466;0.77615
Norm-Mallows_71;1.72265;0.76029
Norm-Mallows_72;0.40123;0.66319
Norm-Mallows_73;-0.14997;1.07684
Norm-Mallows_74;0.16189;0.84398
Norm-Mallows_75;2.03703;0.86776
Norm-Mallows_76;1.6798;0.75486
Norm-Mallows_77;0.72944;0.74776
Norm-Mallows_78;0.10102;0.81049
Norm-Mallows_79;0.92415;0.59992
ANID_0;4.06157;1.21796
ANID_1;3.87655;1.34819
ANID_2;3.68938;1.45884
ANID_3;3.50229;1.55723
ANID_4;3.31597;1.64833
ANID_5;3.12881;1.73879
ANID_6;2.93986;1.82801
ANID_7;2.74153;1.92784
ANID_8;2.5533;2.01239
ANID_9;2.36722;2.09919
ANID_10;2.17612;2.18951
ANID_11;1.97213;2.30066
ANID_12;1.77844;2.39048
ANID_13;1.58291;2.47134
ANID_14;0.75511;-0.50578
ANID_15;1.19015;2.61229
ANID_16;0.99274;2.67347
ANID_17;0.80062;2.72482
ANID_18;0.6229;2.77845
ANID_19;0.45729;2.84428
STID_0;4.15075;1.04369
STID_1;4.0615;0.98014
STID_2;3.97122;0.90868
STID_3;3.88125;0.83513
STID_4;3.79046;0.7604
STID_5;3.70013;0.68949
STID_6;3.61128;0.61708
STID_7;3.52491;0.54063
STID_8;3.44138;0.45964
STID_9;3.35776;0.35628
STID_10;3.28707;0.27108
STID_11;3.2256;0.18422
STID_12;3.17115;0.09585
STID_13;3.12095;0.00644
STID_14;3.07456;-0.08294
STID_15;3.02978;-0.17217
STID_16;2.98512;-0.26245
STID_17;2.93968;-0.35342
STID_18;2.89372;-0.44674
STID_19;2.84929;-0.5428
ANUN_0;-0.74695;1.24862
ANUN_1;-0.7029;1.31996
ANUN_2;-0.66039;1.39081
ANUN_3;-0.61793;1.46411
ANUN_4;-0.5774;1.53686
ANUN_5;-0.53786;1.61332
ANUN_6;-0.49833;1.69285
ANUN_7;-0.45704;1.77733
ANUN_8;-0.41408;1.86341
ANUN_9;-0.37091;1.95128
ANUN_10;-0.31885;2.05204
ANUN_11;-0.24256;2.16376
ANUN_12;-0.16922;2.26307
ANUN_13;-0.09868;2.35429
ANUN_14;-0.03224;2.4395
ANUN_15;0.02991;2.52187
ANUN_16;0.08906;2.60283
ANUN_17;0.14567;2.68309
ANUN_18;0.2013;2.76333
ANUN_19;0.25583;2.84354
STUN_0;-0.64691;1.07055
STUN_1;-0.50061;0.95707
STUN_2;-0.3449;0.83139
STUN_3;-0.20349;0.7241
STUN_4;-0.05094;0.61531
STUN_5;0.10279;0.52045
STUN_6;0.25918;0.41165
STUN_7;0.44467;0.28611
STUN_8;0.62408;0.16907
STUN_9;0.80334;0.06383
STUN_10;0.97824;-0.02057
STUN_11;1.18511;-0.09892
STUN_12;1.38612;-0.17397
STUN_13;1.58607;-0.22454
STUN_14;1.77553;-0.2727
STUN_15;1.95614;-0.32925
STUN_16;2.12606;-0.39232
STUN_17;2.29652;-0.45401
STUN_18;2.46764;-0.51548
STUN_19;2.63993;-0.57457
