instance_id;x;y
ID;2.04554;1.00963
UN;0.41218;1.00963
AN;0.96771;1.55979
ST;1.57152;0.35196
Impartial Culture_0;0.50033;1.0533
Impartial Culture_1;0.57123;0.8566
Impartial Culture_2;0.54956;0.89346
Impartial Culture_3;0.63306;1.04914
Impartial Culture_4;0.48624;1.05496
Impartial Culture_5;0.64703;1.00034
Impartial Culture_6;0.50546;1.06783
Impartial Culture_7;0.62837;1.01046
Impartial Culture_8;0.52885;0.93352
Impartial Culture_9;0.53881;0.9218
Impartial Culture_10;0.53175;0.9185
Impartial Culture_11;0.4412;0.96037
Impartial Culture_12;0.50655;1.12792
Impartial Culture_13;0.48129;1.14584
Impartial Culture_14;0.50518;0.9234
Impartial Culture_15;0.51615;0.94258
Impartial Culture_16;0.7783;0.85293
Impartial Culture_17;0.56546;0.9896
Impartial Culture_18;0.42905;1.00213
Impartial Culture_19;0.47053;0.96953
SP by Conitzer_0;0.76898;0.61154
SP by Conitzer_1;0.76477;0.65131
SP by Conitzer_2;0.79024;0.56827
SP by Conitzer_3;0.77511;0.61514
SP by Conitzer_4;0.77944;0.6778
SP by Conitzer_5;0.93706;0.71652
SP by Conitzer_6;0.84511;0.63184
SP by Conitzer_7;0.83189;0.70451
SP by Conitzer_8;0.79098;0.60011
SP by Conitzer_9;0.84491;0.55153
SP by Conitzer_10;0.84375;0.54985
SP by Conitzer_11;0.9252;0.65895
SP by Conitzer_12;0.85724;0.55838
SP by Conitzer_13;0.94586;0.66696
SP by Conitzer_14;0.80029;0.60833
SP by Conitzer_15;0.82501;0.60699
SP by Conitzer_16;0.78102;0.64055
SP by Conitzer_17;0.97143;0.72166
SP by Conitzer_18;0.70117;0.64893
SP by Conitzer_19;0.8395;0.58186
SP by Walsh_0;1.12465;0.48767
SP by Walsh_1;1.35302;0.50865
SP by Walsh_2;1.32657;0.55202
SP by Walsh_3;1.08829;0.4742
SP by Walsh_4;1.07456;0.53763
SP by Walsh_5;1.31986;0.58767
SP by Walsh_6;1.12556;0.49106
SP by Walsh_7;1.13872;0.43733
SP by Walsh_8;1.23751;0.51589
SP by Walsh_9;1.03913;0.50144
SP by Walsh_10;1.12402;0.51327
SP by Walsh_11;1.13771;0.53684
SP by Walsh_12;1.0976;0.44362
SP by Walsh_13;1.11574;0.51808
SP by Walsh_14;1.21047;0.54105
SP by Walsh_15;1.13854;0.55675
SP by Walsh_16;1.14086;0.45329
SP by Walsh_17;1.24425;0.50527
SP by Walsh_18;1.24471;0.59458
SP by Walsh_19;1.13433;0.46149
SPOC_0;0.6239;0.95409
SPOC_1;0.61523;1.06385
SPOC_2;0.56732;0.89033
SPOC_3;0.67575;0.89251
SPOC_4;0.64852;1.02612
SPOC_5;0.65465;0.88551
SPOC_6;0.49625;1.07473
SPOC_7;0.46353;1.03809
SPOC_8;0.57393;0.85421
SPOC_9;0.60759;1.02611
SPOC_10;0.6197;0.88939
SPOC_11;0.58968;0.8862
SPOC_12;0.61802;1.01303
SPOC_13;0.62452;1.01074
SPOC_14;0.5625;1.16568
SPOC_15;0.77077;1.01542
SPOC_16;0.49905;1.11431
SPOC_17;0.64716;0.80791
SPOC_18;0.62917;0.90377
SPOC_19;0.48211;1.06456
Single-Crossing_0;1.09857;0.69062
Single-Crossing_1;1.17043;0.67257
Single-Crossing_2;1.26959;0.79467
Single-Crossing_3;1.346;1.13903
Single-Crossing_4;1.26337;1.25212
Single-Crossing_5;0.98333;0.55565
Single-Crossing_6;1.04506;0.60768
Single-Crossing_7;1.12647;0.68489
Single-Crossing_8;1.25588;0.61728
Single-Crossing_9;1.35355;0.96429
Single-Crossing_10;1.02928;0.66383
Single-Crossing_11;1.30622;0.97012
Single-Crossing_12;1.12527;0.69766
Single-Crossing_13;1.12967;0.84743
Single-Crossing_14;1.30625;1.2965
Single-Crossing_15;1.30358;0.9898
Single-Crossing_16;1.27911;0.63051
Single-Crossing_17;1.13365;0.69985
Single-Crossing_18;1.09821;0.60567
Single-Crossing_19;1.02541;0.53147
1D Uniform_0;0.92368;0.73527
1D Uniform_1;0.78592;0.64523
1D Uniform_2;0.77352;0.62011
1D Uniform_3;0.6551;0.63023
1D Uniform_4;1.16226;1.13416
1D Uniform_5;1.53014;1.17422
1D Uniform_6;1.17674;1.25167
1D Uniform_7;1.204;0.74758
1D Uniform_8;1.20967;1.03424
1D Uniform_9;1.42207;1.15427
1D Uniform_10;1.11021;1.26908
1D Uniform_11;1.58275;1.18016
1D Uniform_12;1.35057;1.14716
1D Uniform_13;1.31628;1.29566
1D Uniform_14;0.99998;0.56636
1D Uniform_15;0.70135;0.58576
1D Uniform_16;1.0637;1.05548
1D Uniform_17;0.9166;0.49908
1D Uniform_18;1.01718;0.56671
1D Uniform_19;1.62819;1.25092
2D Uniform_0;0.92106;0.85768
2D Uniform_1;1.02505;1.04242
2D Uniform_2;0.66381;0.63709
2D Uniform_3;0.86267;1.17131
2D Uniform_4;0.98556;0.95267
2D Uniform_5;0.85943;1.05892
2D Uniform_6;0.83635;1.10961
2D Uniform_7;0.87226;0.74333
2D Uniform_8;1.41586;1.03395
2D Uniform_9;1.08391;1.1241
2D Uniform_10;0.93174;0.94633
2D Uniform_11;0.92786;1.25086
2D Uniform_12;0.94128;0.67307
2D Uniform_13;0.64014;1.01264
2D Uniform_14;1.02859;0.48024
2D Uniform_15;0.63294;0.73547
2D Uniform_16;1.32533;1.1019
2D Uniform_17;0.99917;1.04496
2D Uniform_18;0.72214;0.77613
2D Uniform_19;1.24838;0.66885
3D Uniform_0;1.12654;0.69461
3D Uniform_1;1.21201;0.93571
3D Uniform_2;1.3373;0.7175
3D Uniform_3;0.81074;1.05637
3D Uniform_4;1.34912;0.59324
3D Uniform_5;1.10064;0.95641
3D Uniform_6;0.8825;0.48844
3D Uniform_7;1.35017;0.5885
3D Uniform_8;0.89363;0.73015
3D Uniform_9;0.86527;1.04241
3D Uniform_10;0.72089;1.02732
3D Uniform_11;0.79856;1.09473
3D Uniform_12;1.21622;1.25327
3D Uniform_13;1.08504;0.98331
3D Uniform_14;0.85099;0.89965
3D Uniform_15;0.98541;0.84016
3D Uniform_16;1.10591;0.85767
3D Uniform_17;0.75571;1.05441
3D Uniform_18;0.93872;1.0084
3D Uniform_19;0.9421;0.70508
5D Uniform_0;0.76422;0.79349
5D Uniform_1;0.70761;1.15748
5D Uniform_2;0.79571;1.05193
5D Uniform_3;1.04481;1.08109
5D Uniform_4;1.28959;1.09885
5D Uniform_5;0.85581;1.08511
5D Uniform_6;1.03718;0.79123
5D Uniform_7;1.07466;0.70633
5D Uniform_8;0.87172;1.02103
5D Uniform_9;1.21567;1.06115
5D Uniform_10;0.69895;0.79176
5D Uniform_11;1.10638;0.58423
5D Uniform_12;0.93298;0.82378
5D Uniform_13;0.63273;0.80027
5D Uniform_14;0.70659;1.14993
5D Uniform_15;0.63239;0.66509
5D Uniform_16;0.8784;0.75976
5D Uniform_17;0.97799;0.8426
5D Uniform_18;0.82774;0.85917
5D Uniform_19;1.14883;1.1149
10D Uniform_0;0.51119;0.96244
10D Uniform_1;1.07244;1.23357
10D Uniform_2;1.10039;0.97855
10D Uniform_3;1.10406;0.82589
10D Uniform_4;1.02544;0.82525
10D Uniform_5;1.07936;1.14199
10D Uniform_6;1.24701;0.65614
10D Uniform_7;1.17746;0.80612
10D Uniform_8;0.73662;0.7856
10D Uniform_9;1.29162;1.24885
10D Uniform_10;0.94937;0.69456
10D Uniform_11;1.1015;0.8198
10D Uniform_12;1.07541;0.93958
10D Uniform_13;1.01688;0.94089
10D Uniform_14;0.93898;0.8448
10D Uniform_15;1.00372;0.80402
10D Uniform_16;1.33862;0.74068
10D Uniform_17;1.24371;0.62404
10D Uniform_18;1.12064;0.9908
10D Uniform_19;0.68804;1.05585
20D Uniform_0;1.14343;0.715
20D Uniform_1;0.77659;0.86602
20D Uniform_2;0.60115;1.17085
20D Uniform_3;1.03882;1.12845
20D Uniform_4;1.29027;0.71496
20D Uniform_5;0.88308;0.85493
20D Uniform_6;0.72777;0.81935
20D Uniform_7;0.76491;0.98935
20D Uniform_8;0.96019;1.05408
20D Uniform_9;1.2579;1.205
20D Uniform_10;0.87643;0.98386
20D Uniform_11;0.79095;0.94074
20D Uniform_12;1.05024;0.68322
20D Uniform_13;0.54366;0.95986
20D Uniform_14;1.02653;1.10411
20D Uniform_15;1.12025;0.96868
20D Uniform_16;0.78761;1.0654
20D Uniform_17;1.20101;1.05325
20D Uniform_18;0.98967;0.93363
20D Uniform_19;0.81456;0.92072
2D Sphere_0;0.68035;1.26914
2D Sphere_1;0.5225;0.94917
2D Sphere_2;0.6678;1.26017
2D Sphere_3;0.50418;1.12219
2D Sphere_4;0.69066;1.29375
2D Sphere_5;0.81798;1.28538
2D Sphere_6;0.95035;1.37493
2D Sphere_7;0.72671;1.17793
2D Sphere_8;0.77369;1.25487
2D Sphere_9;0.70835;1.24526
2D Sphere_10;0.73128;1.12807
2D Sphere_11;0.59205;1.14022
2D Sphere_12;0.89982;1.36201
2D Sphere_13;0.77976;1.3982
2D Sphere_14;0.90168;1.33157
2D Sphere_15;0.62965;1.19246
2D Sphere_16;0.68697;1.34306
2D Sphere_17;0.57977;1.28604
2D Sphere_18;0.60147;1.04328
2D Sphere_19;0.51076;1.02922
3D Sphere_0;0.56339;1.25109
3D Sphere_1;0.97436;1.27409
3D Sphere_2;0.92361;1.42148
3D Sphere_3;0.77976;1.18588
3D Sphere_4;0.80277;1.30157
3D Sphere_5;0.71894;1.12736
3D Sphere_6;0.6112;1.2139
3D Sphere_7;0.93998;1.14369
3D Sphere_8;0.53591;1.06195
3D Sphere_9;0.63037;1.02506
3D Sphere_10;0.74775;1.12959
3D Sphere_11;0.6474;1.17291
3D Sphere_12;0.80637;1.29658
3D Sphere_13;0.71659;1.14465
3D Sphere_14;0.94259;1.23029
3D Sphere_15;0.65797;1.354
3D Sphere_16;0.63112;1.17931
3D Sphere_17;0.8608;1.20171
3D Sphere_18;0.80181;1.222
3D Sphere_19;0.60881;1.15245
5D Sphere_0;0.63615;1.04409
5D Sphere_1;0.6825;1.1639
5D Sphere_2;0.75438;0.9605
5D Sphere_3;0.70539;0.92233
5D Sphere_4;0.58615;1.19154
5D Sphere_5;0.68964;1.03161
5D Sphere_6;0.59622;1.16851
5D Sphere_7;0.45203;0.9084
5D Sphere_8;0.6684;0.88731
5D Sphere_9;0.47385;0.96011
5D Sphere_10;0.49482;0.96523
5D Sphere_11;0.74378;1.25009
5D Sphere_12;0.60943;1.08375
5D Sphere_13;0.59229;1.10632
5D Sphere_14;0.58315;0.87749
5D Sphere_15;0.61654;1.13276
5D Sphere_16;0.49335;1.07657
5D Sphere_17;0.76165;1.09937
5D Sphere_18;0.66808;1.23212
5D Sphere_19;0.58793;1.15124
GS Balanced_0;0.48527;1.07926
GS Balanced_1;0.65988;0.8912
GS Balanced_2;0.6405;1.00161
GS Balanced_3;0.46821;1.08313
GS Balanced_4;0.50003;0.96159
GS Balanced_5;0.65315;0.86077
GS Balanced_6;0.4454;1.03475
GS Balanced_7;0.49573;0.94605
GS Balanced_8;0.4963;1.1469
GS Balanced_9;0.46539;1.06179
GS Balanced_10;0.64522;1.01687
GS Balanced_11;0.78027;0.82545
GS Balanced_12;0.58509;0.88561
GS Balanced_13;0.44754;0.99521
GS Balanced_14;0.55521;0.9436
GS Balanced_15;0.73594;0.8114
GS Balanced_16;0.66491;0.90238
GS Balanced_17;0.50799;1.07348
GS Balanced_18;0.49929;1.08095
GS Balanced_19;0.51139;0.91907
GS Caterpillar_0;0.76548;1.37734
GS Caterpillar_1;0.65806;1.37234
GS Caterpillar_2;0.87817;1.34233
GS Caterpillar_3;0.9072;1.39584
GS Caterpillar_4;0.85842;1.32448
GS Caterpillar_5;0.65966;1.37696
GS Caterpillar_6;0.85506;1.30787
GS Caterpillar_7;0.76873;1.42291
GS Caterpillar_8;0.76977;1.3695
GS Caterpillar_9;0.76227;1.35223
GS Caterpillar_10;0.65789;1.39722
GS Caterpillar_11;0.78329;1.39998
GS Caterpillar_12;0.88579;1.33818
GS Caterpillar_13;0.80643;1.40582
GS Caterpillar_14;0.95076;1.25647
GS Caterpillar_15;0.78942;1.43414
GS Caterpillar_16;0.96726;1.22183
GS Caterpillar_17;0.71631;1.35905
GS Caterpillar_18;0.9048;1.28023
GS Caterpillar_19;0.85971;1.31686
Urn_0;1.87392;0.85433
Urn_1;0.67024;0.96347
Urn_2;1.11674;1.10811
Urn_3;0.88952;1.08327
Urn_4;1.4876;0.53726
Urn_5;1.32708;1.27671
Urn_6;1.68876;0.71467
Urn_7;1.41476;1.25743
Urn_8;1.967;1.08389
Urn_9;1.26217;0.35963
Urn_10;1.01379;1.05516
Urn_11;1.78406;1.1348
Urn_12;1.88695;1.19804
Urn_13;1.94104;1.07243
Urn_14;2.05373;1.00238
Urn_15;1.03777;0.94746
Urn_16;1.06739;1.30847
Urn_17;0.58012;0.87694
Urn_18;0.78343;1.10284
Urn_19;1.86064;1.17802
Urn_20;1.60827;1.00355
Urn_21;1.40029;1.11193
Urn_22;0.92362;1.16277
Urn_23;1.41205;1.38832
Urn_24;1.79235;1.10515
Urn_25;1.65388;1.05463
Urn_26;0.70261;0.94171
Urn_27;1.30402;1.17769
Urn_28;1.56391;1.13504
Urn_29;1.1429;1.10581
Urn_30;0.88612;0.98014
Urn_31;1.27767;0.75899
Urn_32;1.88587;1.15028
Urn_33;2.02077;1.00812
Urn_34;1.17819;1.02382
Urn_35;1.49589;0.34795
Urn_36;0.89313;0.71188
Urn_37;1.5769;1.25759
Urn_38;1.14387;1.40691
Urn_39;0.79123;0.71618
Urn_40;0.71246;1.07753
Urn_41;1.30878;1.07528
Urn_42;1.53786;0.57738
Urn_43;0.89915;0.59733
Urn_44;1.6187;1.12383
Urn_45;1.30127;0.97388
Urn_46;1.18981;0.33669
Urn_47;1.17183;1.15013
Urn_48;1.33127;0.974
Urn_49;1.8148;1.09374
Urn_50;1.12566;1.27461
Urn_51;2.01761;1.03509
Urn_52;2.05373;1.00238
Urn_53;1.00809;1.14934
Urn_54;0.90826;1.22735
Urn_55;1.50122;0.67602
Urn_56;0.88953;1.05012
Urn_57;0.6636;0.69364
Urn_58;1.41699;0.62878
Urn_59;2.04442;1.01072
Urn_60;0.99363;0.51535
Urn_61;1.79533;0.98799
Urn_62;0.76066;0.95754
Urn_63;0.68023;0.75511
Urn_64;1.15241;1.18728
Urn_65;1.30263;1.17198
Urn_66;1.73071;1.16634
Urn_67;1.45826;1.02894
Urn_68;0.53442;0.73045
Urn_69;1.93641;1.15581
Urn_70;1.78978;1.08213
Urn_71;1.11064;0.94708
Urn_72;0.6377;0.88126
Urn_73;0.80389;0.90849
Urn_74;0.90855;1.16542
Urn_75;1.80001;0.67052
Urn_76;1.68023;1.09754
Urn_77;1.06002;1.25617
Urn_78;1.49172;1.2952
Urn_79;1.39569;1.13869
Norm-Mallows_0;0.78508;0.90768
Norm-Mallows_1;1.85354;0.9652
Norm-Mallows_2;1.28392;0.86833
Norm-Mallows_3;1.21756;0.90744
Norm-Mallows_4;0.99062;0.95112
Norm-Mallows_5;0.86989;0.82311
Norm-Mallows_6;1.99624;0.96798
Norm-Mallows_7;0.88769;0.8627
Norm-Mallows_8;0.75463;1.02892
Norm-Mallows_9;1.97123;0.97256
Norm-Mallows_10;1.70171;0.73252
Norm-Mallows_11;1.15033;0.84283
Norm-Mallows_12;1.87756;0.95456
Norm-Mallows_13;1.74767;0.88257
Norm-Mallows_14;1.56638;0.89807
Norm-Mallows_15;1.52031;0.66412
Norm-Mallows_16;0.78453;0.80278
Norm-Mallows_17;1.77271;0.85393
Norm-Mallows_18;1.65816;0.81627
Norm-Mallows_19;1.15444;0.82223
Norm-Mallows_20;1.51321;0.81378
Norm-Mallows_21;1.55188;0.78957
Norm-Mallows_22;1.16406;0.84155
Norm-Mallows_23;1.29341;0.78541
Norm-Mallows_24;1.40366;0.71168
Norm-Mallows_25;0.74918;0.8286
Norm-Mallows_26;1.21745;0.90324
Norm-Mallows_27;1.96737;0.93291
Norm-Mallows_28;1.64928;0.88469
Norm-Mallows_29;1.64889;0.82563
Norm-Mallows_30;1.44056;0.89301
Norm-Mallows_31;1.96938;0.97284
Norm-Mallows_32;1.96263;0.86291
Norm-Mallows_33;1.54249;0.9389
Norm-Mallows_34;0.59284;0.89834
Norm-Mallows_35;0.89283;0.98309
Norm-Mallows_36;1.55842;0.90639
Norm-Mallows_37;1.46467;0.78661
Norm-Mallows_38;1.10728;0.99483
Norm-Mallows_39;1.90886;0.90178
Norm-Mallows_40;0.99833;0.92937
Norm-Mallows_41;1.40804;0.75973
Norm-Mallows_42;0.48689;1.06622
Norm-Mallows_43;1.56131;0.92298
Norm-Mallows_44;1.43883;0.91473
Norm-Mallows_45;1.43344;0.88116
Norm-Mallows_46;1.85252;0.98232
Norm-Mallows_47;1.00121;0.81903
Norm-Mallows_48;1.04333;0.79002
Norm-Mallows_49;1.21946;0.9962
Norm-Mallows_50;1.63203;0.82444
Norm-Mallows_51;1.57322;0.9475
Norm-Mallows_52;1.44374;0.75979
Norm-Mallows_53;1.44773;0.89141
Norm-Mallows_54;1.56972;0.71511
Norm-Mallows_55;0.73298;0.94337
Norm-Mallows_56;0.57804;1.11621
Norm-Mallows_57;1.63115;0.7611
Norm-Mallows_58;1.20749;0.7888
Norm-Mallows_59;0.79123;0.88986
Norm-Mallows_60;1.83345;0.97737
Norm-Mallows_61;1.90645;0.86424
Norm-Mallows_62;1.34321;0.8247
Norm-Mallows_63;1.22315;0.83455
Norm-Mallows_64;1.48792;1.02541
Norm-Mallows_65;0.81541;0.90137
Norm-Mallows_66;1.1457;0.8588
Norm-Mallows_67;1.46683;0.7619
Norm-Mallows_68;0.65929;0.97698
Norm-Mallows_69;1.49725;0.69651
Norm-Mallows_70;1.29642;0.86096
Norm-Mallows_71;1.33908;0.83751
Norm-Mallows_72;0.9138;0.8505
Norm-Mallows_73;0.73265;1.01157
Norm-Mallows_74;0.8442;0.91187
Norm-Mallows_75;1.4337;0.89542
Norm-Mallows_76;1.33041;0.84992
Norm-Mallows_77;1.01463;0.82889
Norm-Mallows_78;0.87904;1.02785
Norm-Mallows_79;1.07254;0.73545
ANID_0;1.97853;1.10357
ANID_1;1.91561;1.18165
ANID_2;1.866;1.21188
ANID_3;1.76954;1.25189
ANID_4;1.7145;1.26804
ANID_5;1.66368;1.28648
ANID_6;1.61047;1.30067
ANID_7;1.55371;1.3217
ANID_8;1.50391;1.33689
ANID_9;1.45286;1.35066
ANID_10;1.40143;1.3728
ANID_11;1.36146;1.41489
ANID_12;1.29545;1.40961
ANID_13;1.25938;1.43934
ANID_14;1.20904;1.4316
ANID_15;1.16875;1.46647
ANID_16;1.12411;1.4597
ANID_17;1.08525;1.49681
ANID_18;1.05317;1.51451
ANID_19;1.01578;1.54369
STID_0;2.0154;0.98143
STID_1;1.99139;0.90533
STID_2;1.95732;0.8639
STID_3;1.92464;0.83585
STID_4;1.92311;0.78709
STID_5;1.88352;0.76808
STID_6;1.85452;0.74504
STID_7;1.83087;0.71762
STID_8;1.81399;0.68291
STID_9;1.79818;0.63743
STID_10;1.75919;0.62266
STID_11;1.74233;0.60171
STID_12;1.72663;0.55992
STID_13;1.70199;0.5391
STID_14;1.69368;0.50604
STID_15;1.66918;0.48665
STID_16;1.64375;0.46872
STID_17;1.62679;0.43526
STID_18;1.61236;0.39767
STID_19;1.58462;0.38967
ANUN_0;0.44581;1.05624
ANUN_1;0.44023;1.1022
ANUN_2;0.48635;1.14106
ANUN_3;0.48921;1.18368
ANUN_4;0.50402;1.21263
ANUN_5;0.52525;1.24616
ANUN_6;0.54393;1.27007
ANUN_7;0.56514;1.29217
ANUN_8;0.58169;1.32577
ANUN_9;0.62654;1.33703
ANUN_10;0.63848;1.37882
ANUN_11;0.67673;1.38041
ANUN_12;0.74046;1.41848
ANUN_13;0.76543;1.44208
ANUN_14;0.79944;1.46877
ANUN_15;0.82591;1.50906
ANUN_16;0.85734;1.52439
ANUN_17;0.90159;1.50916
ANUN_18;0.92322;1.54449
ANUN_19;0.95652;1.53601
STUN_0;0.44685;0.94855
STUN_1;0.51224;0.88503
STUN_2;0.56901;0.82947
STUN_3;0.63924;0.81817
STUN_4;0.70235;0.7967
STUN_5;0.73808;0.74452
STUN_6;0.78568;0.68933
STUN_7;0.8874;0.65573
STUN_8;0.92409;0.59379
STUN_9;0.95555;0.53669
STUN_10;0.98671;0.49182
STUN_11;1.09094;0.48849
STUN_12;1.22214;0.51033
STUN_13;1.25377;0.43627
STUN_14;1.2901;0.41397
STUN_15;1.34563;0.4083
STUN_16;1.38628;0.39485
STUN_17;1.42051;0.37436
STUN_18;1.45923;0.35517
STUN_19;1.50613;0.34781
