instance_id;x;y
ID;1.48556;1.57885
UN;-0.0886;1.57885
AN;-0.0958;0.70627
ST;1.15331;0.54227
Impartial Culture_0;0.13618;1.45541
Impartial Culture_1;0.07454;1.44625
Impartial Culture_2;0.06406;1.41525
Impartial Culture_3;0.16295;1.4425
Impartial Culture_4;0.11023;1.53754
Impartial Culture_5;0.03564;1.39714
Impartial Culture_6;0.15286;1.41252
Impartial Culture_7;0.13925;1.54338
Impartial Culture_8;0.0771;1.48073
Impartial Culture_9;0.10541;1.36421
Impartial Culture_10;0.16645;1.47664
Impartial Culture_11;0.12783;1.48599
Impartial Culture_12;0.17552;1.50732
Impartial Culture_13;0.10652;1.39328
Impartial Culture_14;0.10026;1.46521
Impartial Culture_15;0.08032;1.51255
Impartial Culture_16;0.11041;1.50612
Impartial Culture_17;0.13804;1.38573
Impartial Culture_18;0.19232;1.43945
Impartial Culture_19;0.14843;1.51018
SP by Conitzer_0;0.42062;0.80611
SP by Conitzer_1;0.30282;0.86809
SP by Conitzer_2;0.35359;0.86131
SP by Conitzer_3;0.20548;0.89874
SP by Conitzer_4;0.29912;0.79233
SP by Conitzer_5;0.15789;0.89419
SP by Conitzer_6;0.53553;0.8469
SP by Conitzer_7;0.26618;0.93681
SP by Conitzer_8;0.48973;0.90081
SP by Conitzer_9;0.17192;0.93026
SP by Conitzer_10;0.46315;0.82593
SP by Conitzer_11;0.39598;0.84518
SP by Conitzer_12;0.41181;0.91674
SP by Conitzer_13;0.38121;0.88734
SP by Conitzer_14;0.28767;0.90216
SP by Conitzer_15;0.22567;0.93702
SP by Conitzer_16;0.15001;0.85733
SP by Conitzer_17;0.34992;0.90898
SP by Conitzer_18;0.46823;0.78306
SP by Conitzer_19;0.53231;0.88711
SP by Walsh_0;1.48935;1.09403
SP by Walsh_1;1.55813;1.05079
SP by Walsh_2;1.50275;1.14248
SP by Walsh_3;1.58549;1.08831
SP by Walsh_4;1.54134;1.15112
SP by Walsh_5;1.55724;1.08419
SP by Walsh_6;1.54339;1.20849
SP by Walsh_7;1.52424;1.02436
SP by Walsh_8;1.58901;1.17297
SP by Walsh_9;1.58045;1.14236
SP by Walsh_10;1.59464;1.1182
SP by Walsh_11;1.51678;1.10723
SP by Walsh_12;1.49391;1.05042
SP by Walsh_13;1.50282;1.20653
SP by Walsh_14;1.47106;1.13207
SP by Walsh_15;1.51619;1.17649
SP by Walsh_16;1.54779;1.11901
SP by Walsh_17;1.55946;1.18103
SP by Walsh_18;1.52404;1.0664
SP by Walsh_19;1.48008;1.1736
SPOC_0;-0.00074;1.45855
SPOC_1;-0.01317;1.36285
SPOC_2;0.08315;1.60708
SPOC_3;0.07325;1.38315
SPOC_4;0.04792;1.52727
SPOC_5;0.27772;1.36309
SPOC_6;0.20789;1.34842
SPOC_7;0.23026;1.51194
SPOC_8;0.22481;1.24913
SPOC_9;0.00661;1.54114
SPOC_10;0.17857;1.53695
SPOC_11;0.02637;1.35959
SPOC_12;0.11116;1.61912
SPOC_13;0.26962;1.47889
SPOC_14;0.025;1.42389
SPOC_15;-0.08627;1.47265
SPOC_16;0.12243;1.42551
SPOC_17;0.20664;1.53718
SPOC_18;0.19338;1.28115
SPOC_19;0.29841;1.44767
Single-Crossing_0;1.04785;1.10791
Single-Crossing_1;0.91611;1.04096
Single-Crossing_2;0.97562;1.03503
Single-Crossing_3;0.89485;0.99902
Single-Crossing_4;0.9756;1.08692
Single-Crossing_5;0.93671;1.0885
Single-Crossing_6;1.0147;0.96475
Single-Crossing_7;0.97087;0.93317
Single-Crossing_8;0.85635;0.89714
Single-Crossing_9;1.03236;1.02654
Single-Crossing_10;1.02276;0.91066
Single-Crossing_11;0.90564;0.88536
Single-Crossing_12;0.87312;0.84843
Single-Crossing_13;0.91888;0.9307
Single-Crossing_14;0.86997;0.95629
Single-Crossing_15;0.95599;0.84141
Single-Crossing_16;0.83611;0.82474
Single-Crossing_17;0.96783;0.88174
Single-Crossing_18;0.93293;0.98485
Single-Crossing_19;0.97693;1.13236
1D Uniform_0;0.44093;0.85823
1D Uniform_1;0.23925;0.81676
1D Uniform_2;0.55645;0.78392
1D Uniform_3;0.43563;0.88867
1D Uniform_4;0.43066;0.75475
1D Uniform_5;0.32584;0.76414
1D Uniform_6;0.50303;0.75588
1D Uniform_7;0.49989;0.80264
1D Uniform_8;0.39089;0.73028
1D Uniform_9;0.57066;0.82373
1D Uniform_10;0.49246;0.85595
1D Uniform_11;0.32778;0.83614
1D Uniform_12;0.38329;0.78959
1D Uniform_13;0.35556;0.80658
1D Uniform_14;0.31857;0.92321
1D Uniform_15;0.26526;0.85578
1D Uniform_16;0.27577;0.81011
1D Uniform_17;0.57058;0.87558
1D Uniform_18;0.22421;0.85268
1D Uniform_19;0.24483;0.89247
2D Uniform_0;0.66855;1.07056
2D Uniform_1;0.49922;1.0042
2D Uniform_2;0.43387;1.06847
2D Uniform_3;0.579;1.07684
2D Uniform_4;0.5642;1.00872
2D Uniform_5;0.64092;1.04583
2D Uniform_6;0.3925;1.05646
2D Uniform_7;0.60174;1.03416
2D Uniform_8;0.39648;1.13239
2D Uniform_9;0.44883;0.99915
2D Uniform_10;0.46327;1.0487
2D Uniform_11;0.42229;1.02894
2D Uniform_12;0.36531;1.07217
2D Uniform_13;0.52698;1.02472
2D Uniform_14;0.5582;1.04351
2D Uniform_15;0.42652;1.11343
2D Uniform_16;0.47454;1.02327
2D Uniform_17;0.45771;1.11814
2D Uniform_18;0.47422;1.08322
2D Uniform_19;0.37457;1.116
3D Uniform_0;0.6437;1.22458
3D Uniform_1;0.73655;1.31407
3D Uniform_2;0.55604;1.12472
3D Uniform_3;0.45169;1.16844
3D Uniform_4;0.49203;1.21733
3D Uniform_5;0.56261;1.16952
3D Uniform_6;0.53305;1.09584
3D Uniform_7;0.6314;1.12836
3D Uniform_8;0.59547;1.11488
3D Uniform_9;0.5887;1.1961
3D Uniform_10;0.77343;1.28574
3D Uniform_11;0.531;1.1873
3D Uniform_12;0.69647;1.12573
3D Uniform_13;0.59212;1.14774
3D Uniform_14;0.66142;1.1408
3D Uniform_15;0.52948;1.14953
3D Uniform_16;0.52757;1.25536
3D Uniform_17;0.49697;1.13888
3D Uniform_18;0.65031;1.09605
3D Uniform_19;0.49313;1.17535
5D Uniform_0;0.54758;1.23485
5D Uniform_1;0.6871;1.34878
5D Uniform_2;0.67895;1.19787
5D Uniform_3;0.65679;1.3217
5D Uniform_4;0.59948;1.29553
5D Uniform_5;0.68553;1.25988
5D Uniform_6;0.51454;1.28471
5D Uniform_7;0.7024;1.17412
5D Uniform_8;0.59756;1.26546
5D Uniform_9;0.62115;1.21618
5D Uniform_10;0.77711;1.2498
5D Uniform_11;0.77668;1.17363
5D Uniform_12;0.67592;1.22986
5D Uniform_13;0.72519;1.28531
5D Uniform_14;0.57816;1.24221
5D Uniform_15;0.63226;1.18364
5D Uniform_16;0.74281;1.24047
5D Uniform_17;0.64218;1.41416
5D Uniform_18;0.52553;1.38221
5D Uniform_19;0.5986;1.34311
10D Uniform_0;0.66031;1.39672
10D Uniform_1;0.71477;1.33336
10D Uniform_2;0.70814;1.38485
10D Uniform_3;0.46196;1.38851
10D Uniform_4;0.66455;1.46072
10D Uniform_5;0.67678;1.30421
10D Uniform_6;0.61669;1.37425
10D Uniform_7;0.47949;1.2652
10D Uniform_8;0.7285;1.21467
10D Uniform_9;0.5869;1.32176
10D Uniform_10;0.53795;1.44331
10D Uniform_11;0.60802;1.43784
10D Uniform_12;0.64682;1.35841
10D Uniform_13;0.71701;1.25396
10D Uniform_14;0.46831;1.22325
10D Uniform_15;0.68067;1.42997
10D Uniform_16;0.55579;1.42339
10D Uniform_17;0.6353;1.29418
10D Uniform_18;0.59969;1.40463
10D Uniform_19;0.59398;1.48575
20D Uniform_0;0.46788;1.50635
20D Uniform_1;0.51385;1.53006
20D Uniform_2;0.50236;1.32791
20D Uniform_3;0.4443;1.24453
20D Uniform_4;0.4537;1.35849
20D Uniform_5;0.48418;1.53724
20D Uniform_6;0.46116;1.45912
20D Uniform_7;0.54829;1.33506
20D Uniform_8;0.5592;1.50434
20D Uniform_9;0.49247;1.48168
20D Uniform_10;0.5559;1.47196
20D Uniform_11;0.39483;1.2387
20D Uniform_12;0.45522;1.29464
20D Uniform_13;0.42021;1.32312
20D Uniform_14;0.46166;1.32729
20D Uniform_15;0.49052;1.44777
20D Uniform_16;0.52378;1.48742
20D Uniform_17;0.49973;1.42113
20D Uniform_18;0.51846;1.35068
20D Uniform_19;0.56153;1.39564
2D Sphere_0;0.15513;1.61116
2D Sphere_1;0.12924;1.65715
2D Sphere_2;0.13479;1.32074
2D Sphere_3;0.04258;1.48574
2D Sphere_4;0.14776;1.58116
2D Sphere_5;0.23929;1.62554
2D Sphere_6;-0.03534;1.45101
2D Sphere_7;-0.03074;1.50856
2D Sphere_8;0.10236;1.26691
2D Sphere_9;-0.01297;1.59123
2D Sphere_10;0.13019;1.24566
2D Sphere_11;0.0459;1.62017
2D Sphere_12;-0.06215;1.35106
2D Sphere_13;0.3014;1.24589
2D Sphere_14;0.24621;1.59347
2D Sphere_15;-0.06293;1.43733
2D Sphere_16;0.17486;1.63876
2D Sphere_17;0.20188;1.6207
2D Sphere_18;8e-05;1.29287
2D Sphere_19;-0.01614;1.32345
3D Sphere_0;0.16762;1.24952
3D Sphere_1;-0.0193;1.55479
3D Sphere_2;0.1025;1.32802
3D Sphere_3;0.07787;1.28489
3D Sphere_4;0.23341;1.36112
3D Sphere_5;0.22743;1.28548
3D Sphere_6;0.27767;1.51095
3D Sphere_7;-0.01508;1.42146
3D Sphere_8;0.03551;1.28475
3D Sphere_9;-0.05882;1.49044
3D Sphere_10;0.06117;1.58543
3D Sphere_11;0.02604;1.59342
3D Sphere_12;0.20749;1.57818
3D Sphere_13;-0.00446;1.48488
3D Sphere_14;0.03084;1.56432
3D Sphere_15;0.14922;1.28229
3D Sphere_16;-0.05692;1.40511
3D Sphere_17;0.02971;1.3269
3D Sphere_18;0.12225;1.29456
3D Sphere_19;0.18262;1.59522
5D Sphere_0;0.30148;1.49025
5D Sphere_1;0.24846;1.46124
5D Sphere_2;0.17516;1.34052
5D Sphere_3;-0.00559;1.39506
5D Sphere_4;0.2883;1.40568
5D Sphere_5;0.06822;1.55057
5D Sphere_6;0.21841;1.42289
5D Sphere_7;0.20746;1.49527
5D Sphere_8;0.05495;1.35617
5D Sphere_9;0.01847;1.50645
5D Sphere_10;0.11556;1.58967
5D Sphere_11;0.13698;1.3498
5D Sphere_12;0.06532;1.30781
5D Sphere_13;0.07481;1.33338
5D Sphere_14;0.23148;1.55355
5D Sphere_15;0.34304;1.47915
5D Sphere_16;0.16742;1.31322
5D Sphere_17;0.16631;1.56417
5D Sphere_18;0.09378;1.56955
5D Sphere_19;0.22278;1.31974
GS Balanced_0;-0.06733;1.23139
GS Balanced_1;0.0711;1.16969
GS Balanced_2;0.02487;1.1809
GS Balanced_3;0.00087;1.16242
GS Balanced_4;0.2408;1.68504
GS Balanced_5;0.27349;1.6716
GS Balanced_6;0.20402;1.68265
GS Balanced_7;-0.03857;1.24025
GS Balanced_8;-0.01294;1.19409
GS Balanced_9;-0.08995;1.29379
GS Balanced_10;0.30547;1.69794
GS Balanced_11;0.09371;1.1207
GS Balanced_12;0.13747;1.701
GS Balanced_13;0.32178;1.66101
GS Balanced_14;-0.11896;1.32036
GS Balanced_15;-0.07837;1.26483
GS Balanced_16;0.06087;1.11247
GS Balanced_17;0.00628;1.22463
GS Balanced_18;0.08735;1.6745
GS Balanced_19;0.04383;1.66213
GS Caterpillar_0;0.20587;0.67705
GS Caterpillar_1;0.06379;0.71576
GS Caterpillar_2;0.13707;0.66917
GS Caterpillar_3;0.07149;0.66487
GS Caterpillar_4;0.28751;0.58627
GS Caterpillar_5;0.18643;0.57991
GS Caterpillar_6;0.09911;0.63926
GS Caterpillar_7;0.31017;0.56034
GS Caterpillar_8;0.10252;0.73933
GS Caterpillar_9;0.23429;0.64157
GS Caterpillar_10;0.17268;0.64798
GS Caterpillar_11;0.15782;0.708
GS Caterpillar_12;0.25408;0.59573
GS Caterpillar_13;0.20222;0.61283
GS Caterpillar_14;0.10744;0.69618
GS Caterpillar_15;0.28331;0.63398
GS Caterpillar_16;0.22602;0.56783
GS Caterpillar_17;0.11825;0.60269
GS Caterpillar_18;0.15154;0.60572
GS Caterpillar_19;0.33134;0.60263
Urn_0;1.39197;0.98462
Urn_1;0.8217;1.55942
Urn_2;0.74233;0.95615
Urn_3;0.65394;0.75213
Urn_4;0.32106;1.01223
Urn_5;0.38159;0.96205
Urn_6;0.60791;0.67615
Urn_7;0.54909;0.93315
Urn_8;1.49104;1.59071
Urn_9;0.87375;1.31854
Urn_10;0.34819;1.57
Urn_11;1.05056;1.47931
Urn_12;0.63147;0.87756
Urn_13;1.32065;1.40204
Urn_14;0.20864;1.18316
Urn_15;0.77546;1.0825
Urn_16;1.58722;1.54452
Urn_17;0.69437;0.94651
Urn_18;0.26246;1.04141
Urn_19;0.25794;1.08473
Urn_20;1.36211;1.44755
Urn_21;1.11815;0.71554
Urn_22;0.67991;0.61716
Urn_23;0.27965;1.59842
Urn_24;0.86848;0.71991
Urn_25;1.48016;1.58816
Urn_26;0.77967;1.0225
Urn_27;1.54944;1.57091
Urn_28;0.83158;0.78562
Urn_29;0.36916;1.54449
Urn_30;0.31934;1.10033
Urn_31;0.29522;1.05779
Urn_32;1.02834;0.807
Urn_33;0.64574;0.96984
Urn_34;0.66487;1.00785
Urn_35;0.73926;1.54901
Urn_36;1.09678;0.98266
Urn_37;0.9958;0.56805
Urn_38;0.77623;0.77382
Urn_39;0.37852;1.59796
Urn_40;1.23136;0.89627
Urn_41;0.785;1.53426
Urn_42;0.26878;1.14096
Urn_43;0.30631;1.56341
Urn_44;0.22747;1.127
Urn_45;0.33;1.60111
Urn_46;0.2993;1.16704
Urn_47;0.26175;1.53846
Urn_48;0.64876;0.91284
Urn_49;1.42455;1.49895
Urn_50;0.6841;0.77403
Urn_51;0.70656;1.59734
Urn_52;1.36494;1.08977
Urn_53;0.58125;1.61968
Urn_54;1.3138;1.48414
Urn_55;0.26859;1.21032
Urn_56;0.6713;1.6253
Urn_57;0.76322;1.5925
Urn_58;0.27731;1.57121
Urn_59;1.14855;0.78429
Urn_60;1.12431;0.83307
Urn_61;0.76864;0.64883
Urn_62;0.89152;1.51667
Urn_63;0.59904;0.7561
Urn_64;0.90886;0.7783
Urn_65;0.73223;0.72029
Urn_66;0.85402;0.57034
Urn_67;1.00011;0.68487
Urn_68;1.18162;0.83608
Urn_69;1.57408;1.45807
Urn_70;1.28623;1.52513
Urn_71;1.01093;1.52666
Urn_72;1.55605;1.52959
Urn_73;0.91297;0.66925
Urn_74;0.83643;0.62947
Urn_75;0.80011;0.72837
Urn_76;0.72734;0.66745
Urn_77;0.60659;0.93558
Urn_78;1.52564;1.44478
Urn_79;0.45672;1.61533
Norm-Mallows_0;1.62195;1.39897
Norm-Mallows_1;0.32329;1.29053
Norm-Mallows_2;0.94824;1.25746
Norm-Mallows_3;1.0814;1.2487
Norm-Mallows_4;0.93555;1.33601
Norm-Mallows_5;1.25365;1.18129
Norm-Mallows_6;1.62829;1.30358
Norm-Mallows_7;1.58042;1.33936
Norm-Mallows_8;1.26165;1.0447
Norm-Mallows_9;0.80164;1.40207
Norm-Mallows_10;1.03094;1.21473
Norm-Mallows_11;0.49575;1.3897
Norm-Mallows_12;1.09369;1.38433
Norm-Mallows_13;0.65185;1.50975
Norm-Mallows_14;1.1742;1.08156
Norm-Mallows_15;1.24698;0.96498
Norm-Mallows_16;0.98967;1.28835
Norm-Mallows_17;0.8531;1.3924
Norm-Mallows_18;0.09478;1.42172
Norm-Mallows_19;0.81218;1.35458
Norm-Mallows_20;0.38907;1.41439
Norm-Mallows_21;0.79435;1.44234
Norm-Mallows_22;0.39789;1.36619
Norm-Mallows_23;0.35036;1.34298
Norm-Mallows_24;1.33103;0.95882
Norm-Mallows_25;0.40968;1.49592
Norm-Mallows_26;1.39821;1.22835
Norm-Mallows_27;1.51855;1.523
Norm-Mallows_28;0.72842;1.43759
Norm-Mallows_29;1.40761;1.11397
Norm-Mallows_30;1.01114;1.33989
Norm-Mallows_31;1.54194;1.2942
Norm-Mallows_32;0.43389;1.4271
Norm-Mallows_33;1.18908;1.28743
Norm-Mallows_34;1.2929;1.10842
Norm-Mallows_35;1.20434;1.15592
Norm-Mallows_36;1.0435;1.39232
Norm-Mallows_37;0.25611;1.42611
Norm-Mallows_38;1.49832;1.27423
Norm-Mallows_39;1.32814;1.21236
Norm-Mallows_40;0.39355;1.46138
Norm-Mallows_41;0.61409;1.4734
Norm-Mallows_42;1.29622;0.94055
Norm-Mallows_43;0.88839;1.35954
Norm-Mallows_44;0.90171;1.41543
Norm-Mallows_45;0.26729;1.30953
Norm-Mallows_46;0.3606;1.30115
Norm-Mallows_47;1.28962;1.00233
Norm-Mallows_48;0.86082;1.20617
Norm-Mallows_49;1.21742;1.23201
Norm-Mallows_50;0.85986;1.44258
Norm-Mallows_51;1.44001;1.24357
Norm-Mallows_52;0.0397;1.45424
Norm-Mallows_53;0.21148;1.46444
Norm-Mallows_54;1.34117;1.03148
Norm-Mallows_55;0.41151;1.27893
Norm-Mallows_56;0.33444;1.43053
Norm-Mallows_57;0.23896;1.39424
Norm-Mallows_58;1.58392;1.25295
Norm-Mallows_59;0.55733;1.54445
Norm-Mallows_60;0.29376;1.33801
Norm-Mallows_61;0.87672;1.27219
Norm-Mallows_62;1.10304;1.19519
Norm-Mallows_63;0.69299;1.49738
Norm-Mallows_64;1.18205;1.00852
Norm-Mallows_65;0.75946;1.46383
Norm-Mallows_66;1.59053;1.42187
Norm-Mallows_67;1.62523;1.35191
Norm-Mallows_68;1.09377;1.33733
Norm-Mallows_69;0.59163;1.52626
Norm-Mallows_70;0.97364;1.20618
Norm-Mallows_71;0.17878;1.37803
Norm-Mallows_72;0.97588;1.40524
Norm-Mallows_73;0.8998;1.22386
Norm-Mallows_74;0.42762;1.53136
Norm-Mallows_75;1.37042;1.16639
Norm-Mallows_76;1.22228;1.09374
Norm-Mallows_77;0.34071;1.3856
Norm-Mallows_78;1.0888;1.29384
Norm-Mallows_79;0.19942;1.39763
ANID_0;1.59568;1.50001
ANID_1;1.41896;1.56641
ANID_2;1.37767;1.61861
ANID_3;1.32357;1.62451
ANID_4;1.27067;1.63157
ANID_5;1.22088;1.66864
ANID_6;1.18117;1.61951
ANID_7;1.12986;1.66793
ANID_8;1.07455;1.68137
ANID_9;1.01807;1.69342
ANID_10;0.95875;1.70333
ANID_11;0.89467;1.71123
ANID_12;0.82128;1.71764
ANID_13;0.73182;1.71782
ANID_14;0.61687;1.69881
ANID_15;0.49502;1.59632
ANID_16;0.11183;0.95973
ANID_17;0.06335;0.81662
ANID_18;0.01434;0.75587
ANID_19;0.00825;0.6641
STID_0;1.52927;1.48641
STID_1;1.48478;1.43864
STID_2;1.50092;1.38049
STID_3;1.4442;1.36269
STID_4;1.42626;1.29941
STID_5;1.43668;1.06222
STID_6;1.46868;0.96556
STID_7;1.44355;0.9168
STID_8;1.40283;0.88773
STID_9;1.37342;0.84851
STID_10;1.32195;0.854
STID_11;1.32276;0.79942
STID_12;1.27214;0.79703
STID_13;1.27978;0.74513
STID_14;1.23576;0.72638
STID_15;1.18863;0.68901
STID_16;1.15742;0.63568
STID_17;1.23085;0.65243
STID_18;1.19231;0.6098
STID_19;1.1121;0.55229
ANUN_0;-0.05152;1.6062
ANUN_1;-0.10313;1.51064
ANUN_2;-0.11855;1.43923
ANUN_3;-0.12294;1.3916
ANUN_4;-0.13458;1.34798
ANUN_5;-0.13161;1.26353
ANUN_6;-0.11965;1.20266
ANUN_7;-0.1072;1.15336
ANUN_8;-0.0985;1.10935
ANUN_9;-0.08837;1.06699
ANUN_10;-0.05968;1.02069
ANUN_11;-0.11242;1.00881
ANUN_12;-0.08388;0.96199
ANUN_13;-0.05392;0.91548
ANUN_14;-0.10973;0.90512
ANUN_15;-0.08927;0.85897
ANUN_16;-0.07389;0.81783
ANUN_17;-0.06951;0.77251
ANUN_18;-0.02974;0.68014
ANUN_19;-0.06223;0.6848
STUN_0;-0.05301;1.54475
STUN_1;-0.0348;1.38161
STUN_2;0.07173;1.25112
STUN_3;0.31535;1.53505
STUN_4;0.16277;1.18617
STUN_5;0.17328;1.13277
STUN_6;0.20567;1.09168
STUN_7;0.35404;1.17704
STUN_8;0.61617;1.58279
STUN_9;0.75282;1.14211
STUN_10;0.7383;1.01146
STUN_11;0.71285;0.87502
STUN_12;0.72863;0.81351
STUN_13;0.80177;0.84263
STUN_14;0.98415;0.97325
STUN_15;0.96172;0.76133
STUN_16;0.95753;0.68663
STUN_17;0.91499;0.56994
STUN_18;1.01381;0.59402
STUN_19;1.03815;0.52508
