instance_id;x;y
ID;4.51111;0.66103
UN;-0.63407;0.66103
AN;0.43384;2.58027
ST;3.11415;-0.98733
Impartial Culture_0;-0.33572;0.66531
Impartial Culture_1;-0.24254;0.57221
Impartial Culture_2;-0.35789;0.50256
Impartial Culture_3;-0.35577;0.63724
Impartial Culture_4;-0.51163;0.82023
Impartial Culture_5;-0.27169;0.82095
Impartial Culture_6;-0.19582;0.57883
Impartial Culture_7;0.04793;0.51484
Impartial Culture_8;-0.16298;0.64886
Impartial Culture_9;-0.06736;0.37808
Impartial Culture_10;-0.18983;0.77206
Impartial Culture_11;-0.28573;0.66255
Impartial Culture_12;-0.40776;0.71529
Impartial Culture_13;-0.24829;0.71753
Impartial Culture_14;-0.29735;0.62589
Impartial Culture_15;-0.0226;0.56486
Impartial Culture_16;-0.1963;0.93567
Impartial Culture_17;-0.3796;0.57391
Impartial Culture_18;-0.08558;0.48156
Impartial Culture_19;-0.24562;0.5041
SP by Conitzer_0;1.11655;0.97649
SP by Conitzer_1;1.31343;1.0603
SP by Conitzer_2;1.38872;0.72464
SP by Conitzer_3;1.36539;0.91595
SP by Conitzer_4;1.19845;1.05464
SP by Conitzer_5;1.16264;0.83051
SP by Conitzer_6;1.2297;1.1738
SP by Conitzer_7;1.25394;0.9006
SP by Conitzer_8;1.28627;0.9905
SP by Conitzer_9;1.01321;1.29878
SP by Conitzer_10;1.41029;0.81031
SP by Conitzer_11;1.02452;0.91382
SP by Conitzer_12;0.96554;1.18521
SP by Conitzer_13;1.06882;1.13752
SP by Conitzer_14;1.15718;0.69806
SP by Conitzer_15;1.18763;1.10456
SP by Conitzer_16;1.30704;0.71553
SP by Conitzer_17;1.10182;1.38091
SP by Conitzer_18;1.11502;1.06324
SP by Conitzer_19;0.90648;1.41878
SP by Walsh_0;1.58952;0.14803
SP by Walsh_1;1.60619;0.07161
SP by Walsh_2;1.93279;-0.31581
SP by Walsh_3;1.67076;-0.25264
SP by Walsh_4;1.70137;0.19956
SP by Walsh_5;1.75924;-0.27046
SP by Walsh_6;1.9803;-0.12429
SP by Walsh_7;1.5611;-0.00981
SP by Walsh_8;1.68361;-0.10409
SP by Walsh_9;1.80962;0.00667
SP by Walsh_10;1.87494;-0.14082
SP by Walsh_11;1.5309;0.24337
SP by Walsh_12;2.00294;-0.20971
SP by Walsh_13;1.7499;-0.14659
SP by Walsh_14;1.46688;0.03059
SP by Walsh_15;1.61794;-0.14047
SP by Walsh_16;1.49923;0.12199
SP by Walsh_17;1.8047;-0.21844
SP by Walsh_18;1.69381;0.08204
SP by Walsh_19;1.77222;0.44621
SPOC_0;-0.36089;0.76225
SPOC_1;-0.20501;0.45123
SPOC_2;-0.31119;0.53084
SPOC_3;-0.34712;0.83432
SPOC_4;-0.47931;0.58928
SPOC_5;-0.1359;0.5914
SPOC_6;-0.22222;0.64596
SPOC_7;0.07604;0.66861
SPOC_8;-0.42202;0.66131
SPOC_9;-0.4529;0.54724
SPOC_10;0.08189;0.4613
SPOC_11;-0.5034;0.60771
SPOC_12;-0.39895;0.53403
SPOC_13;-0.47363;0.70476
SPOC_14;-0.00747;0.72107
SPOC_15;-0.49448;0.66919
SPOC_16;-0.37821;0.79776
SPOC_17;-0.28357;0.70123
SPOC_18;-0.02174;0.79162
SPOC_19;0.20145;0.39035
Single-Crossing_0;1.67742;-0.53204
Single-Crossing_1;1.79822;0.18064
Single-Crossing_2;2.08962;1.24654
Single-Crossing_3;1.63741;0.25723
Single-Crossing_4;1.69323;0.45981
Single-Crossing_5;1.83497;0.83072
Single-Crossing_6;1.7049;1.42416
Single-Crossing_7;1.98694;1.60882
Single-Crossing_8;1.74511;0.2367
Single-Crossing_9;1.92084;0.05147
Single-Crossing_10;1.35085;-0.46738
Single-Crossing_11;1.01408;-0.2126
Single-Crossing_12;1.16563;-0.47828
Single-Crossing_13;1.90146;0.4248
Single-Crossing_14;1.52587;0.69564
Single-Crossing_15;1.5855;0.36803
Single-Crossing_16;1.88104;1.36515
Single-Crossing_17;1.11575;-0.31098
Single-Crossing_18;1.77455;0.31049
Single-Crossing_19;0.9546;-0.40327
1D Uniform_0;1.36849;0.99433
1D Uniform_1;1.32366;0.82566
1D Uniform_2;1.5444;0.59391
1D Uniform_3;0.87218;1.23187
1D Uniform_4;0.73759;1.9314
1D Uniform_5;1.06826;1.45141
1D Uniform_6;1.77064;1.76544
1D Uniform_7;1.44391;0.86895
1D Uniform_8;1.12738;1.78484
1D Uniform_9;1.44037;1.37161
1D Uniform_10;1.15697;0.88975
1D Uniform_11;0.65075;1.99784
1D Uniform_12;2.61476;1.26546
1D Uniform_13;1.20236;1.24735
1D Uniform_14;1.90416;1.75781
1D Uniform_15;2.12603;1.56336
1D Uniform_16;1.42685;1.45399
1D Uniform_17;1.43685;2.0276
1D Uniform_18;0.78249;1.67499
1D Uniform_19;0.86441;1.8577
2D Uniform_0;0.93976;0.85723
2D Uniform_1;1.98745;0.98734
2D Uniform_2;1.34162;0.60009
2D Uniform_3;1.06636;0.62073
2D Uniform_4;0.25264;0.90881
2D Uniform_5;1.44075;-0.17649
2D Uniform_6;0.74818;-0.01637
2D Uniform_7;1.16262;0.18126
2D Uniform_8;0.90509;0.45454
2D Uniform_9;0.52532;0.11284
2D Uniform_10;-0.26683;1.15525
2D Uniform_11;1.54854;1.28302
2D Uniform_12;0.6143;0.97801
2D Uniform_13;0.90403;0.02912
2D Uniform_14;0.70698;1.16983
2D Uniform_15;0.74469;-0.41865
2D Uniform_16;2.02221;1.42783
2D Uniform_17;1.28526;1.6987
2D Uniform_18;0.31216;1.23829
2D Uniform_19;1.61171;1.60882
3D Uniform_0;1.42416;1.02398
3D Uniform_1;0.47156;0.86579
3D Uniform_2;0.22252;1.09767
3D Uniform_3;0.57485;-0.01015
3D Uniform_4;0.93698;1.04534
3D Uniform_5;0.48926;1.02235
3D Uniform_6;1.29651;0.59622
3D Uniform_7;0.45425;0.68883
3D Uniform_8;2.0267;0.97819
3D Uniform_9;0.73359;0.80951
3D Uniform_10;0.17568;0.72119
3D Uniform_11;0.60818;0.72063
3D Uniform_12;0.35907;1.14463
3D Uniform_13;0.87423;-0.35256
3D Uniform_14;2.18244;1.07296
3D Uniform_15;2.22145;0.78178
3D Uniform_16;1.05062;-0.41838
3D Uniform_17;1.18042;0.5987
3D Uniform_18;1.06579;0.41116
3D Uniform_19;1.45454;-0.07839
5D Uniform_0;1.2348;-0.20631
5D Uniform_1;0.47627;0.56694
5D Uniform_2;0.17552;0.85332
5D Uniform_3;0.46456;-0.06534
5D Uniform_4;-0.14304;0.89926
5D Uniform_5;2.21788;-0.10441
5D Uniform_6;0.57748;0.88653
5D Uniform_7;1.16994;0.30763
5D Uniform_8;0.51765;1.15199
5D Uniform_9;0.28962;0.3947
5D Uniform_10;1.69354;0.71391
5D Uniform_11;0.8997;0.59631
5D Uniform_12;1.06509;0.20917
5D Uniform_13;1.66645;0.32862
5D Uniform_14;0.55201;0.66526
5D Uniform_15;1.25664;0.39672
5D Uniform_16;0.42025;0.5133
5D Uniform_17;2.05717;0.72261
5D Uniform_18;0.39006;0.618
5D Uniform_19;1.83205;0.51815
10D Uniform_0;0.26945;0.26001
10D Uniform_1;-0.23454;0.43045
10D Uniform_2;1.39572;0.48149
10D Uniform_3;1.87458;-0.06534
10D Uniform_4;0.91405;0.54611
10D Uniform_5;1.07386;0.44944
10D Uniform_6;0.69631;1.00296
10D Uniform_7;0.43728;0.29072
10D Uniform_8;1.46017;-0.31037
10D Uniform_9;0.85328;0.4162
10D Uniform_10;1.75435;0.89933
10D Uniform_11;1.03608;-0.02267
10D Uniform_12;0.18039;0.66625
10D Uniform_13;0.81274;0.34534
10D Uniform_14;0.5558;0.60888
10D Uniform_15;-0.11597;0.65104
10D Uniform_16;0.47625;0.74144
10D Uniform_17;0.58141;0.19384
10D Uniform_18;0.83083;0.61492
10D Uniform_19;0.38917;0.04825
20D Uniform_0;0.14055;0.75645
20D Uniform_1;0.86353;0.65269
20D Uniform_2;0.52431;0.366
20D Uniform_3;0.54841;0.03864
20D Uniform_4;0.05063;0.36202
20D Uniform_5;0.43918;0.43062
20D Uniform_6;0.99744;0.34116
20D Uniform_7;0.41841;0.3474
20D Uniform_8;0.86226;0.20088
20D Uniform_9;0.03659;0.20602
20D Uniform_10;0.79367;0.50466
20D Uniform_11;0.65536;0.06461
20D Uniform_12;0.54109;0.4321
20D Uniform_13;0.61413;0.63411
20D Uniform_14;0.63187;0.16952
20D Uniform_15;0.1265;0.50611
20D Uniform_16;0.69766;0.22055
20D Uniform_17;0.04983;0.84627
20D Uniform_18;0.7661;0.07504
20D Uniform_19;0.48782;0.81245
2D Sphere_0;0.04453;1.21476
2D Sphere_1;-0.18194;1.26905
2D Sphere_2;0.35989;0.52272
2D Sphere_3;-0.09649;0.95411
2D Sphere_4;0.4018;1.57434
2D Sphere_5;0.39034;1.45149
2D Sphere_6;-0.39107;1.13904
2D Sphere_7;-0.17988;1.20774
2D Sphere_8;0.52694;1.55053
2D Sphere_9;0.41869;2.40361
2D Sphere_10;-0.06882;1.29891
2D Sphere_11;-0.38186;1.53077
2D Sphere_12;0.22067;1.94102
2D Sphere_13;0.24093;1.39418
2D Sphere_14;-0.00747;1.91065
2D Sphere_15;-0.27155;1.09272
2D Sphere_16;-0.42151;1.19389
2D Sphere_17;0.04138;1.30802
2D Sphere_18;0.49682;1.57148
2D Sphere_19;0.14789;1.12818
3D Sphere_0;0.33986;0.92852
3D Sphere_1;-0.04429;1.41532
3D Sphere_2;-0.07426;1.5227
3D Sphere_3;0.28884;1.15931
3D Sphere_4;-0.37867;1.30872
3D Sphere_5;-0.14063;1.27225
3D Sphere_6;0.22172;1.29114
3D Sphere_7;0.05867;1.15605
3D Sphere_8;0.56215;1.48036
3D Sphere_9;0.39853;1.41614
3D Sphere_10;-0.20277;1.12209
3D Sphere_11;-0.35558;0.54425
3D Sphere_12;-0.10302;0.86549
3D Sphere_13;-0.45398;0.9373
3D Sphere_14;0.18363;1.27835
3D Sphere_15;-0.06573;1.07109
3D Sphere_16;0.09421;1.52107
3D Sphere_17;-0.30721;1.2187
3D Sphere_18;-0.25348;1.33061
3D Sphere_19;-0.40587;0.89954
5D Sphere_0;0.19892;1.25394
5D Sphere_1;-0.42059;0.76476
5D Sphere_2;-0.43952;1.04795
5D Sphere_3;-0.12642;0.77914
5D Sphere_4;-0.0791;1.03231
5D Sphere_5;-0.40417;0.98515
5D Sphere_6;0.0179;1.1152
5D Sphere_7;0.34708;1.03437
5D Sphere_8;-0.10963;0.53389
5D Sphere_9;-0.15404;0.73129
5D Sphere_10;0.00685;0.87744
5D Sphere_11;0.03581;0.98341
5D Sphere_12;-0.28802;0.40787
5D Sphere_13;-0.29017;0.87638
5D Sphere_14;-0.35992;0.98097
5D Sphere_15;-0.17249;0.92724
5D Sphere_16;-0.26973;1.02002
5D Sphere_17;0.32134;0.62425
5D Sphere_18;0.12689;1.18232
5D Sphere_19;0.33374;0.81896
GS Balanced_0;-0.51547;0.71696
GS Balanced_1;-0.41684;0.85308
GS Balanced_2;-0.31828;0.72306
GS Balanced_3;0.07762;0.73732
GS Balanced_4;-0.28396;0.55529
GS Balanced_5;-0.44456;0.60074
GS Balanced_6;-0.19393;0.49686
GS Balanced_7;-0.04333;0.68268
GS Balanced_8;-0.45032;0.72113
GS Balanced_9;-0.35773;0.90619
GS Balanced_10;0.077;0.38011
GS Balanced_11;-0.45883;0.835
GS Balanced_12;-0.10549;0.42484
GS Balanced_13;-0.15219;0.52892
GS Balanced_14;-0.38096;0.48024
GS Balanced_15;-0.04227;0.51703
GS Balanced_16;0.09042;0.57344
GS Balanced_17;-0.00868;0.61863
GS Balanced_18;-0.29689;0.77765
GS Balanced_19;0.03037;0.34416
GS Caterpillar_0;0.09374;1.76385
GS Caterpillar_1;-0.20863;1.74543
GS Caterpillar_2;-0.28662;1.68522
GS Caterpillar_3;-0.01878;1.66836
GS Caterpillar_4;-0.15902;1.66713
GS Caterpillar_5;0.30485;1.69945
GS Caterpillar_6;0.42111;1.66511
GS Caterpillar_7;0.06459;1.70127
GS Caterpillar_8;0.4363;1.72392
GS Caterpillar_9;0.80076;1.4723
GS Caterpillar_10;0.36747;1.68191
GS Caterpillar_11;0.24668;1.77508
GS Caterpillar_12;-0.0793;1.60166
GS Caterpillar_13;-0.10854;1.81067
GS Caterpillar_14;0.11552;1.63307
GS Caterpillar_15;0.20507;1.77769
GS Caterpillar_16;-0.22073;1.61235
GS Caterpillar_17;-0.0762;1.74146
GS Caterpillar_18;0.01807;1.62452
GS Caterpillar_19;0.0142;1.82514
Urn_0;4.5087;0.65813
Urn_1;2.8201;1.52249
Urn_2;2.81326;-0.28098
Urn_3;0.37731;1.26789
Urn_4;1.7133;1.32235
Urn_5;3.01906;1.22465
Urn_6;2.15832;1.41785
Urn_7;2.74436;1.32981
Urn_8;3.09127;1.242
Urn_9;3.15241;0.09278
Urn_10;0.75933;1.07753
Urn_11;4.51655;0.66682
Urn_12;1.20387;-0.71016
Urn_13;1.00636;1.5641
Urn_14;3.06575;1.34759
Urn_15;2.12964;-0.88284
Urn_16;4.50121;0.69815
Urn_17;3.45208;0.84363
Urn_18;2.34404;0.59685
Urn_19;1.20263;0.7732
Urn_20;0.96583;1.38563
Urn_21;4.22789;0.84355
Urn_22;3.74511;1.02163
Urn_23;4.50559;0.65604
Urn_24;4.4281;0.75932
Urn_25;3.27505;0.94712
Urn_26;1.15632;1.54413
Urn_27;1.97906;1.74154
Urn_28;0.7137;-0.13024
Urn_29;1.16737;1.47927
Urn_30;1.36248;1.4927
Urn_31;0.09277;0.14723
Urn_32;0.59204;1.37652
Urn_33;3.91117;0.99553
Urn_34;0.93058;-0.70869
Urn_35;2.52083;-0.11651
Urn_36;3.34702;1.41708
Urn_37;2.26884;1.61477
Urn_38;4.33457;0.77795
Urn_39;1.3905;-0.6641
Urn_40;4.47821;0.73385
Urn_41;-0.47977;0.7575
Urn_42;1.62509;1.06787
Urn_43;1.93175;-0.4727
Urn_44;1.60928;1.84263
Urn_45;0.40727;0.97559
Urn_46;2.04011;-0.26925
Urn_47;1.8412;1.0406
Urn_48;1.62521;-0.79587
Urn_49;2.97813;1.7438
Urn_50;2.24323;1.23707
Urn_51;3.774;1.45856
Urn_52;0.07411;0.94768
Urn_53;1.05437;-0.51726
Urn_54;0.39839;0.13344
Urn_55;3.42243;-0.43672
Urn_56;0.29849;0.19944
Urn_57;0.59753;-0.25048
Urn_58;-0.19441;0.82984
Urn_59;1.00892;1.2446
Urn_60;0.27247;0.68452
Urn_61;-0.45123;0.63945
Urn_62;0.21641;0.99369
Urn_63;2.13683;1.17742
Urn_64;2.77154;0.87811
Urn_65;0.79281;-0.43436
Urn_66;-0.13561;1.01045
Urn_67;3.12953;1.1986
Urn_68;2.04221;0.58659
Urn_69;4.51395;0.66364
Urn_70;3.01425;-0.50973
Urn_71;0.98599;-0.50969
Urn_72;2.69911;1.47746
Urn_73;0.08673;0.21463
Urn_74;0.67257;1.0627
Urn_75;2.37916;-0.30286
Urn_76;0.57455;-0.16276
Urn_77;2.93629;1.01044
Urn_78;3.98466;0.95172
Urn_79;1.697;1.18468
Norm-Mallows_0;-0.12727;0.68944
Norm-Mallows_1;0.0638;0.62009
Norm-Mallows_2;2.0133;0.15626
Norm-Mallows_3;2.10933;0.52682
Norm-Mallows_4;-0.04348;0.63656
Norm-Mallows_5;2.58877;0.51945
Norm-Mallows_6;1.04245;0.10794
Norm-Mallows_7;1.01564;0.1894
Norm-Mallows_8;1.35159;0.30685
Norm-Mallows_9;4.38205;0.62919
Norm-Mallows_10;1.86069;0.35416
Norm-Mallows_11;0.58341;0.48604
Norm-Mallows_12;4.1405;0.61654
Norm-Mallows_13;2.7782;0.60315
Norm-Mallows_14;0.05804;0.44882
Norm-Mallows_15;4.20774;0.5755
Norm-Mallows_16;2.55782;0.14469
Norm-Mallows_17;3.38334;0.52855
Norm-Mallows_18;-0.01435;0.34955
Norm-Mallows_19;0.21691;0.31182
Norm-Mallows_20;2.34252;0.36271
Norm-Mallows_21;-0.00101;0.43465
Norm-Mallows_22;3.86132;0.66925
Norm-Mallows_23;3.63538;0.61147
Norm-Mallows_24;0.73349;0.20591
Norm-Mallows_25;4.04873;0.77142
Norm-Mallows_26;3.08976;0.65055
Norm-Mallows_27;0.03246;0.6899
Norm-Mallows_28;-0.05328;0.28493
Norm-Mallows_29;1.63041;-0.01915
Norm-Mallows_30;1.39522;0.44057
Norm-Mallows_31;2.41475;0.07768
Norm-Mallows_32;2.74515;0.46177
Norm-Mallows_33;2.93845;0.39287
Norm-Mallows_34;4.26897;0.64312
Norm-Mallows_35;-0.11519;0.81517
Norm-Mallows_36;1.96964;0.46345
Norm-Mallows_37;4.24031;0.54578
Norm-Mallows_38;3.67159;0.55763
Norm-Mallows_39;3.57405;0.47357
Norm-Mallows_40;0.77524;0.29506
Norm-Mallows_41;2.34708;0.43561
Norm-Mallows_42;3.8296;0.51276
Norm-Mallows_43;2.21935;0.20428
Norm-Mallows_44;4.00274;0.59327
Norm-Mallows_45;0.89637;0.29784
Norm-Mallows_46;-0.15883;0.38582
Norm-Mallows_47;3.93487;0.53252
Norm-Mallows_48;0.88749;0.11808
Norm-Mallows_49;0.45192;0.16649
Norm-Mallows_50;-0.22668;0.84367
Norm-Mallows_51;3.69849;0.79633
Norm-Mallows_52;4.10662;0.85302
Norm-Mallows_53;4.47524;0.67716
Norm-Mallows_54;3.08685;0.40507
Norm-Mallows_55;1.41094;0.07964
Norm-Mallows_56;0.44934;0.20326
Norm-Mallows_57;2.61404;0.64052
Norm-Mallows_58;1.97838;0.31289
Norm-Mallows_59;0.23115;0.19232
Norm-Mallows_60;0.63615;0.36018
Norm-Mallows_61;2.8317;0.32737
Norm-Mallows_62;-0.17668;0.53734
Norm-Mallows_63;2.37975;0.22224
Norm-Mallows_64;3.24833;0.42785
Norm-Mallows_65;1.51093;0.3358
Norm-Mallows_66;0.13733;0.55062
Norm-Mallows_67;3.53771;0.39689
Norm-Mallows_68;0.99266;0.11849
Norm-Mallows_69;2.65138;0.30737
Norm-Mallows_70;3.04589;0.23908
Norm-Mallows_71;2.8283;0.44919
Norm-Mallows_72;-0.26673;0.44957
Norm-Mallows_73;4.18413;0.71477
Norm-Mallows_74;-0.24301;0.76321
Norm-Mallows_75;2.56546;0.2905
Norm-Mallows_76;1.12887;0.24569
Norm-Mallows_77;2.75181;0.1607
Norm-Mallows_78;4.01678;0.69941
Norm-Mallows_79;0.27332;0.44328
ANID_0;4.41604;0.84748
ANID_1;4.25483;1.00261
ANID_2;4.06702;1.13531
ANID_3;3.8674;1.23486
ANID_4;3.66364;1.32755
ANID_5;3.48169;1.45284
ANID_6;3.27762;1.56979
ANID_7;3.06199;1.67424
ANID_8;2.83581;1.77879
ANID_9;2.62118;1.86445
ANID_10;2.41394;1.95138
ANID_11;2.20577;2.04255
ANID_12;1.9945;2.13055
ANID_13;1.78191;2.20938
ANID_14;1.56916;2.27794
ANID_15;1.35845;2.33373
ANID_16;1.15767;2.3781
ANID_17;0.96468;2.42094
ANID_18;0.77979;2.46475
ANID_19;0.60266;2.51616
STID_0;4.42348;0.61559
STID_1;4.34643;0.55034
STID_2;4.26564;0.47228
STID_3;4.17657;0.40719
STID_4;4.09895;0.33079
STID_5;4.01934;0.25537
STID_6;3.94072;0.17964
STID_7;3.86306;0.10396
STID_8;3.78629;0.02847
STID_9;3.7112;-0.04699
STID_10;3.64029;-0.12471
STID_11;3.57574;-0.20674
STID_12;3.51659;-0.29187
STID_13;3.46041;-0.37801
STID_14;3.407;-0.4613
STID_15;3.35351;-0.54759
STID_16;3.30053;-0.63462
STID_17;3.24797;-0.7214
STID_18;3.19728;-0.8085
STID_19;3.1494;-0.89616
ANUN_0;-0.60112;0.73947
ANUN_1;-0.57328;0.82431
ANUN_2;-0.54111;0.91224
ANUN_3;-0.51141;1.00208
ANUN_4;-0.48224;1.09388
ANUN_5;-0.45561;1.19244
ANUN_6;-0.41152;1.29285
ANUN_7;-0.36373;1.39273
ANUN_8;-0.31814;1.49048
ANUN_9;-0.27954;1.59535
ANUN_10;-0.22987;1.71007
ANUN_11;-0.16819;1.82662
ANUN_12;-0.1001;1.9307
ANUN_13;-0.02425;2.02527
ANUN_14;0.05089;2.10922
ANUN_15;0.12216;2.18976
ANUN_16;0.19039;2.26825
ANUN_17;0.25604;2.3456
ANUN_18;0.31565;2.4241
ANUN_19;0.36855;2.5069
STUN_0;-0.49565;0.53872
STUN_1;-0.31683;0.44511
STUN_2;-0.15739;0.35188
STUN_3;-0.01662;0.24688
STUN_4;0.14034;0.15075
STUN_5;0.2799;0.03256
STUN_6;0.4447;-0.08506
STUN_7;0.65765;-0.17166
STUN_8;0.86173;-0.24504
STUN_9;1.05587;-0.33144
STUN_10;1.23347;-0.44532
STUN_11;1.39634;-0.56315
STUN_12;1.57764;-0.65873
STUN_13;1.77975;-0.72601
STUN_14;1.98089;-0.77385
STUN_15;2.1828;-0.80599
STUN_16;2.36999;-0.85093
STUN_17;2.55003;-0.89855
STUN_18;2.7313;-0.94395
STUN_19;2.91663;-0.98155
