instance_id;x;y
ID;4.50878;0.75313
UN;-0.61353;0.75313
AN;0.38289;2.66365
ST;3.11414;-0.9228
Impartial Culture_0;-0.39087;0.61369
Impartial Culture_1;-0.15812;0.57872
Impartial Culture_2;0.15752;0.60392
Impartial Culture_3;0.04498;0.55589
Impartial Culture_4;-0.33977;0.64594
Impartial Culture_5;0.00464;0.75355
Impartial Culture_6;-0.20777;0.53843
Impartial Culture_7;-0.16945;0.80364
Impartial Culture_8;-0.15976;0.98963
Impartial Culture_9;-0.26701;0.65484
Impartial Culture_10;-0.02222;0.95473
Impartial Culture_11;-0.09271;0.66999
Impartial Culture_12;-0.0121;0.87237
Impartial Culture_13;0.09499;0.53758
Impartial Culture_14;0.08057;0.74389
Impartial Culture_15;-0.40638;0.72863
Impartial Culture_16;-0.31394;0.61443
Impartial Culture_17;-0.37939;0.81127
Impartial Culture_18;-0.34078;0.49605
Impartial Culture_19;-0.27672;0.88978
SP by Conitzer_0;1.32363;0.88096
SP by Conitzer_1;1.15919;0.68851
SP by Conitzer_2;1.2014;1.12381
SP by Conitzer_3;0.88798;1.24752
SP by Conitzer_4;1.15996;0.81637
SP by Conitzer_5;1.39737;0.51917
SP by Conitzer_6;1.27156;0.84971
SP by Conitzer_7;1.10175;1.28807
SP by Conitzer_8;1.07091;1.00413
SP by Conitzer_9;1.06288;1.21077
SP by Conitzer_10;1.23825;0.73051
SP by Conitzer_11;1.02117;1.09801
SP by Conitzer_12;1.33078;0.73926
SP by Conitzer_13;1.18713;0.94145
SP by Conitzer_14;0.98359;1.30497
SP by Conitzer_15;1.25235;0.80046
SP by Conitzer_16;1.32773;0.9754
SP by Conitzer_17;1.18158;1.19568
SP by Conitzer_18;1.06572;1.1604
SP by Conitzer_19;1.06251;1.04991
SP by Walsh_0;1.52619;0.04487
SP by Walsh_1;2.02176;-0.321
SP by Walsh_2;1.79454;0.00937
SP by Walsh_3;1.92725;-0.15819
SP by Walsh_4;1.86722;-0.14596
SP by Walsh_5;1.62523;-0.32306
SP by Walsh_6;1.80583;-0.40522
SP by Walsh_7;1.58731;-0.24076
SP by Walsh_8;1.85787;-0.32682
SP by Walsh_9;1.66032;-0.17337
SP by Walsh_10;1.57308;-0.16831
SP by Walsh_11;1.88228;-0.26371
SP by Walsh_12;1.72965;-0.40205
SP by Walsh_13;1.79855;0.34023
SP by Walsh_14;1.64396;0.11146
SP by Walsh_15;1.69652;-0.00293
SP by Walsh_16;1.71999;-0.32749
SP by Walsh_17;1.73923;-0.1315
SP by Walsh_18;1.77946;-0.20678
SP by Walsh_19;1.71764;-0.26092
SPOC_0;0.00915;0.63528
SPOC_1;-0.35608;0.6956
SPOC_2;-0.36553;0.62031
SPOC_3;-0.00442;0.43025
SPOC_4;-0.27819;0.69885
SPOC_5;-0.11776;0.56544
SPOC_6;-0.314;0.81827
SPOC_7;-0.50115;0.75219
SPOC_8;-0.4396;0.96118
SPOC_9;-0.45384;0.82431
SPOC_10;-0.08599;0.7058
SPOC_11;-0.42231;0.67036
SPOC_12;0.1277;0.71315
SPOC_13;-0.20401;0.73455
SPOC_14;-0.22829;0.71142
SPOC_15;-0.19054;0.67088
SPOC_16;-0.22875;0.47855
SPOC_17;-0.29006;0.84575
SPOC_18;-0.27666;0.75059
SPOC_19;-0.12174;0.62893
Single-Crossing_0;1.91391;0.71869
Single-Crossing_1;2.027;1.65647
Single-Crossing_2;1.46076;0.34601
Single-Crossing_3;1.83548;1.74482
Single-Crossing_4;1.9969;-0.20456
Single-Crossing_5;1.95624;1.37586
Single-Crossing_6;2.00362;1.88679
Single-Crossing_7;1.4094;0.14875
Single-Crossing_8;1.72655;1.39815
Single-Crossing_9;1.65627;0.91388
Single-Crossing_10;1.75098;0.51009
Single-Crossing_11;1.79253;0.56941
Single-Crossing_12;1.95872;1.18356
Single-Crossing_13;1.64321;0.82123
Single-Crossing_14;1.47674;-0.37255
Single-Crossing_15;1.23179;-0.54145
Single-Crossing_16;0.98398;-0.20758
Single-Crossing_17;1.77647;0.68793
Single-Crossing_18;1.77;0.145
Single-Crossing_19;1.85865;0.13506
1D Uniform_0;1.88522;0.7662
1D Uniform_1;1.45968;1.06589
1D Uniform_2;1.24936;0.94633
1D Uniform_3;2.45938;1.61019
1D Uniform_4;1.14492;2.218
1D Uniform_5;0.75536;2.31703
1D Uniform_6;1.25355;1.53778
1D Uniform_7;1.2249;2.09782
1D Uniform_8;2.15701;1.67478
1D Uniform_9;0.87262;1.06204
1D Uniform_10;1.43668;1.55638
1D Uniform_11;1.00238;1.93549
1D Uniform_12;3.55943;1.23386
1D Uniform_13;0.89222;1.48502
1D Uniform_14;2.30567;1.84282
1D Uniform_15;1.41496;1.77841
1D Uniform_16;1.68007;1.97406
1D Uniform_17;1.90288;0.90798
1D Uniform_18;2.54395;1.48987
1D Uniform_19;0.90091;0.08155
2D Uniform_0;0.77615;-0.19423
2D Uniform_1;1.13004;1.0567
2D Uniform_2;1.31075;0.06291
2D Uniform_3;1.71363;1.67519
2D Uniform_4;1.56274;1.39754
2D Uniform_5;1.39382;1.82158
2D Uniform_6;1.11781;0.55629
2D Uniform_7;0.90063;2.04186
2D Uniform_8;0.21419;0.25687
2D Uniform_9;0.45691;0.87955
2D Uniform_10;0.67536;0.01657
2D Uniform_11;0.85834;-0.12691
2D Uniform_12;1.13729;1.12776
2D Uniform_13;0.52987;-0.19419
2D Uniform_14;1.93375;0.64779
2D Uniform_15;2.47572;1.08827
2D Uniform_16;1.85401;1.17458
2D Uniform_17;1.13635;0.73369
2D Uniform_18;0.70276;0.9
2D Uniform_19;1.38144;1.23292
3D Uniform_0;0.34063;0.7062
3D Uniform_1;1.71526;0.69257
3D Uniform_2;0.72354;1.05182
3D Uniform_3;0.39146;0.34231
3D Uniform_4;0.74415;0.71409
3D Uniform_5;2.01104;1.34845
3D Uniform_6;0.3003;1.12068
3D Uniform_7;0.96883;0.49605
3D Uniform_8;0.92378;0.78432
3D Uniform_9;1.49391;0.58408
3D Uniform_10;0.4003;0.71138
3D Uniform_11;1.61472;0.95997
3D Uniform_12;1.15093;0.87055
3D Uniform_13;0.33903;0.6256
3D Uniform_14;0.41429;0.92826
3D Uniform_15;1.00316;-0.03684
3D Uniform_16;1.66469;0.36415
3D Uniform_17;1.4683;0.96988
3D Uniform_18;0.4803;0.05622
3D Uniform_19;0.71477;0.80212
5D Uniform_0;1.39121;0.48275
5D Uniform_1;0.97189;0.63802
5D Uniform_2;0.20527;0.8509
5D Uniform_3;0.85699;0.51656
5D Uniform_4;1.00147;1.38186
5D Uniform_5;0.79312;0.15421
5D Uniform_6;1.59538;1.15939
5D Uniform_7;0.86277;0.69898
5D Uniform_8;0.67591;0.72323
5D Uniform_9;1.99117;0.09766
5D Uniform_10;1.67164;1.28419
5D Uniform_11;0.65139;0.41467
5D Uniform_12;0.71944;0.23911
5D Uniform_13;1.40492;0.73823
5D Uniform_14;0.26486;1.13758
5D Uniform_15;0.98759;0.56228
5D Uniform_16;1.11762;-0.19792
5D Uniform_17;0.02725;1.17223
5D Uniform_18;0.41579;0.40518
5D Uniform_19;-0.23729;0.99196
10D Uniform_0;0.34193;0.54663
10D Uniform_1;1.2313;-0.04305
10D Uniform_2;-0.08169;0.89371
10D Uniform_3;1.4655;0.67832
10D Uniform_4;0.53945;0.85901
10D Uniform_5;1.21279;0.25923
10D Uniform_6;0.66116;0.55095
10D Uniform_7;0.33821;0.57559
10D Uniform_8;1.56622;0.55699
10D Uniform_9;1.35939;0.44206
10D Uniform_10;0.56367;1.25032
10D Uniform_11;1.69608;1.4565
10D Uniform_12;0.12303;0.30988
10D Uniform_13;0.11346;0.89569
10D Uniform_14;0.41708;0.76046
10D Uniform_15;0.65939;0.59962
10D Uniform_16;0.58751;0.7562
10D Uniform_17;0.44921;0.49295
10D Uniform_18;0.72858;0.44652
10D Uniform_19;0.29245;0.45982
20D Uniform_0;0.22184;0.43843
20D Uniform_1;1.01825;0.29937
20D Uniform_2;0.2604;0.3584
20D Uniform_3;0.35868;0.64656
20D Uniform_4;-0.16124;0.46731
20D Uniform_5;0.97981;0.13754
20D Uniform_6;1.27907;-0.18104
20D Uniform_7;0.66009;0.32986
20D Uniform_8;0.87678;-0.16979
20D Uniform_9;0.53773;0.21416
20D Uniform_10;1.13312;-0.51813
20D Uniform_11;0.11466;1.03462
20D Uniform_12;1.24437;0.02152
20D Uniform_13;0.85907;0.9264
20D Uniform_14;0.11734;0.63512
20D Uniform_15;1.18824;0.41553
20D Uniform_16;0.80133;0.12688
20D Uniform_17;0.62517;0.46604
20D Uniform_18;1.20791;1.36121
20D Uniform_19;0.28419;0.72553
2D Sphere_0;0.37308;2.23947
2D Sphere_1;0.09364;1.50696
2D Sphere_2;0.13806;1.09493
2D Sphere_3;0.25935;2.15249
2D Sphere_4;-0.02336;0.97722
2D Sphere_5;0.18306;1.21525
2D Sphere_6;0.46744;2.16117
2D Sphere_7;-0.11552;1.03974
2D Sphere_8;-0.15447;1.53242
2D Sphere_9;-0.34637;1.12945
2D Sphere_10;-0.37305;1.07455
2D Sphere_11;-0.08055;1.40541
2D Sphere_12;-0.06965;0.71387
2D Sphere_13;0.54536;1.47348
2D Sphere_14;0.37247;1.79242
2D Sphere_15;-0.03421;1.49824
2D Sphere_16;-0.23313;1.29655
2D Sphere_17;-0.04979;1.34322
2D Sphere_18;-0.26506;1.29355
2D Sphere_19;-0.39579;0.92812
3D Sphere_0;-0.03367;1.18553
3D Sphere_1;0.20894;1.39597
3D Sphere_2;-0.35829;0.76991
3D Sphere_3;0.32966;1.49616
3D Sphere_4;0.05763;0.84964
3D Sphere_5;0.22488;1.28289
3D Sphere_6;0.53598;1.38994
3D Sphere_7;-0.30926;1.20906
3D Sphere_8;0.37601;1.40619
3D Sphere_9;-0.13953;1.16545
3D Sphere_10;-0.2104;1.51694
3D Sphere_11;-0.25787;1.3671
3D Sphere_12;-0.22677;0.59821
3D Sphere_13;-0.09394;1.35499
3D Sphere_14;-0.3265;1.06146
3D Sphere_15;-0.07827;1.1903
3D Sphere_16;-0.08033;0.85953
3D Sphere_17;-0.22191;1.02956
3D Sphere_18;-0.20855;1.09445
3D Sphere_19;-0.20534;1.42193
5D Sphere_0;-0.1009;1.21446
5D Sphere_1;-0.26646;1.12653
5D Sphere_2;-0.38114;1.13959
5D Sphere_3;0.82179;1.07292
5D Sphere_4;0.11642;1.31907
5D Sphere_5;0.05723;1.44197
5D Sphere_6;0.43824;1.15529
5D Sphere_7;-0.14343;0.81567
5D Sphere_8;-0.48145;0.8774
5D Sphere_9;0.22236;1.50396
5D Sphere_10;0.2356;0.92333
5D Sphere_11;-0.43584;1.07485
5D Sphere_12;0.40939;1.21732
5D Sphere_13;-0.00897;0.52032
5D Sphere_14;0.34812;0.90652
5D Sphere_15;0.06455;1.16442
5D Sphere_16;0.25329;1.00679
5D Sphere_17;-0.08517;1.00628
5D Sphere_18;-0.16037;1.07871
5D Sphere_19;0.38409;1.14574
GS Balanced_0;-0.15787;0.87874
GS Balanced_1;-0.3161;0.89415
GS Balanced_2;-0.52106;0.84883
GS Balanced_3;-0.38103;0.66925
GS Balanced_4;-0.17164;0.75087
GS Balanced_5;-0.2702;0.96177
GS Balanced_6;0.08583;0.59838
GS Balanced_7;-0.09713;0.59891
GS Balanced_8;-0.36234;0.73827
GS Balanced_9;-0.34312;0.84361
GS Balanced_10;-0.02624;0.66315
GS Balanced_11;-0.40843;0.83532
GS Balanced_12;-0.42184;1.00907
GS Balanced_13;-0.25714;0.58322
GS Balanced_14;-0.53572;0.72025
GS Balanced_15;-0.21867;0.62354
GS Balanced_16;-0.43712;0.79092
GS Balanced_17;-0.10854;0.79907
GS Balanced_18;-0.36559;0.57956
GS Balanced_19;0.00291;0.72501
GS Caterpillar_0;-0.08825;1.74615
GS Caterpillar_1;0.22187;1.89434
GS Caterpillar_2;-0.23418;1.79582
GS Caterpillar_3;0.10303;1.8182
GS Caterpillar_4;0.14642;1.73368
GS Caterpillar_5;0.18809;1.84744
GS Caterpillar_6;-0.05369;1.88543
GS Caterpillar_7;0.3027;1.88044
GS Caterpillar_8;-0.16424;1.73837
GS Caterpillar_9;0.25233;1.80694
GS Caterpillar_10;0.86434;1.79596
GS Caterpillar_11;0.17493;1.66642
GS Caterpillar_12;0.29498;1.77389
GS Caterpillar_13;-0.29218;1.743
GS Caterpillar_14;0.03358;1.78855
GS Caterpillar_15;0.32583;1.71219
GS Caterpillar_16;0.49463;1.75617
GS Caterpillar_17;-0.05366;1.83623
GS Caterpillar_18;0.13494;1.93353
GS Caterpillar_19;0.38399;1.68285
Urn_0;1.3305;1.49678
Urn_1;1.31114;1.60679
Urn_2;2.40264;0.5485
Urn_3;0.63078;0.89109
Urn_4;2.84381;1.47482
Urn_5;1.67978;1.74761
Urn_6;1.60854;1.56883
Urn_7;-0.28516;0.30101
Urn_8;0.54835;0.63006
Urn_9;2.52048;1.53667
Urn_10;1.48668;1.99973
Urn_11;3.12733;1.87744
Urn_12;0.67111;-0.088
Urn_13;0.16819;-0.23212
Urn_14;3.0511;-0.18824
Urn_15;0.14923;0.94666
Urn_16;1.37743;2.24542
Urn_17;4.30123;1.00186
Urn_18;2.35019;1.33174
Urn_19;0.14022;0.97626
Urn_20;1.28826;1.21353
Urn_21;4.36454;0.61152
Urn_22;0.04851;0.4621
Urn_23;-0.39905;0.88092
Urn_24;0.22821;1.14027
Urn_25;0.93313;0.01416
Urn_26;2.02798;0.04711
Urn_27;3.08374;1.72574
Urn_28;2.23408;1.02597
Urn_29;0.57174;0.96728
Urn_30;-0.1729;1.17657
Urn_31;3.3063;1.28821
Urn_32;2.06282;1.10407
Urn_33;2.03478;1.28035
Urn_34;3.75297;1.36437
Urn_35;0.20813;0.1013
Urn_36;1.65597;-0.52325
Urn_37;2.97632;1.64463
Urn_38;0.00845;1.0451
Urn_39;1.82349;1.54158
Urn_40;-0.08948;0.40355
Urn_41;2.10396;0.92497
Urn_42;0.44572;1.48244
Urn_43;2.56624;-0.10713
Urn_44;2.93029;-0.02661
Urn_45;0.8592;1.53854
Urn_46;4.40956;0.83689
Urn_47;4.10228;1.06217
Urn_48;2.03468;-0.14188
Urn_49;0.89952;1.66429
Urn_50;3.58534;0.33047
Urn_51;1.08875;1.82177
Urn_52;-0.34421;0.94774
Urn_53;4.03889;1.15737
Urn_54;0.77301;1.53889
Urn_55;1.4051;-0.40722
Urn_56;2.66361;2.162
Urn_57;1.64846;0.94181
Urn_58;1.1761;1.88978
Urn_59;1.30379;-0.50904
Urn_60;1.04059;0.86696
Urn_61;0.44615;0.82713
Urn_62;2.9027;0.69084
Urn_63;0.43264;-0.13616
Urn_64;0.65225;1.54948
Urn_65;3.47142;1.40438
Urn_66;2.03556;1.99044
Urn_67;4.51287;0.77377
Urn_68;3.06529;1.98749
Urn_69;2.61143;0.89461
Urn_70;0.03372;0.35507
Urn_71;1.10837;2.10893
Urn_72;2.21642;1.30841
Urn_73;4.09845;-0.09858
Urn_74;2.76918;1.16138
Urn_75;0.82558;-0.50229
Urn_76;4.51086;0.76223
Urn_77;2.287;2.37498
Urn_78;3.06059;1.26485
Urn_79;0.69978;1.21983
Norm-Mallows_0;3.43243;0.796
Norm-Mallows_1;2.92326;0.19496
Norm-Mallows_2;2.46883;0.48376
Norm-Mallows_3;3.49683;0.67845
Norm-Mallows_4;-0.23104;0.90983
Norm-Mallows_5;4.06712;0.86685
Norm-Mallows_6;1.54158;0.43992
Norm-Mallows_7;0.50396;0.39221
Norm-Mallows_8;0.19268;0.36222
Norm-Mallows_9;-0.16486;0.9239
Norm-Mallows_10;2.8019;0.4462
Norm-Mallows_11;2.21824;0.10368
Norm-Mallows_12;2.12583;0.36517
Norm-Mallows_13;2.32583;0.74148
Norm-Mallows_14;0.92295;0.30288
Norm-Mallows_15;1.51647;0.09771
Norm-Mallows_16;0.94876;0.38028
Norm-Mallows_17;-0.15833;0.6618
Norm-Mallows_18;1.62051;0.20052
Norm-Mallows_19;2.22954;0.26777
Norm-Mallows_20;2.06248;0.23044
Norm-Mallows_21;1.33556;0.15569
Norm-Mallows_22;0.17906;0.51787
Norm-Mallows_23;0.19409;0.71637
Norm-Mallows_24;3.32439;0.28342
Norm-Mallows_25;1.67992;0.55145
Norm-Mallows_26;3.35699;0.45939
Norm-Mallows_27;2.29928;0.51569
Norm-Mallows_28;1.50687;0.17486
Norm-Mallows_29;3.75996;0.68969
Norm-Mallows_30;0.62319;0.1072
Norm-Mallows_31;3.11522;0.32579
Norm-Mallows_32;3.88374;0.73393
Norm-Mallows_33;-0.14473;0.53986
Norm-Mallows_34;0.6456;0.16834
Norm-Mallows_35;2.60682;0.25
Norm-Mallows_36;0.00121;0.48728
Norm-Mallows_37;-0.31912;0.70118
Norm-Mallows_38;2.33973;0.28641
Norm-Mallows_39;1.37939;0.23388
Norm-Mallows_40;0.34027;0.29024
Norm-Mallows_41;-0.27557;0.52806
Norm-Mallows_42;1.13232;0.11881
Norm-Mallows_43;-0.24075;0.82208
Norm-Mallows_44;1.4334;-0.04688
Norm-Mallows_45;3.13511;0.64447
Norm-Mallows_46;1.47379;0.29379
Norm-Mallows_47;-0.03421;0.83093
Norm-Mallows_48;3.45032;0.56184
Norm-Mallows_49;-0.52062;0.78992
Norm-Mallows_50;1.83477;0.25846
Norm-Mallows_51;1.89417;0.3093
Norm-Mallows_52;2.11257;0.53582
Norm-Mallows_53;2.93662;0.50351
Norm-Mallows_54;-0.22988;0.87083
Norm-Mallows_55;4.23854;0.68772
Norm-Mallows_56;3.21189;0.73768
Norm-Mallows_57;4.4394;0.77501
Norm-Mallows_58;3.67718;0.54407
Norm-Mallows_59;0.44332;0.5243
Norm-Mallows_60;0.93064;0.12014
Norm-Mallows_61;1.1221;0.01202
Norm-Mallows_62;0.71677;0.09233
Norm-Mallows_63;3.19605;0.82897
Norm-Mallows_64;2.69336;0.25474
Norm-Mallows_65;3.13549;0.50784
Norm-Mallows_66;4.45265;0.80283
Norm-Mallows_67;3.99693;0.64587
Norm-Mallows_68;-0.05732;0.78444
Norm-Mallows_69;0.12883;0.3521
Norm-Mallows_70;2.73645;0.63533
Norm-Mallows_71;0.23772;0.51522
Norm-Mallows_72;-0.12959;0.76317
Norm-Mallows_73;2.49695;0.3517
Norm-Mallows_74;1.1811;0.3576
Norm-Mallows_75;1.85214;0.43052
Norm-Mallows_76;2.45932;0.11743
Norm-Mallows_77;2.56133;0.42303
Norm-Mallows_78;0.89358;0.20089
Norm-Mallows_79;3.23603;0.60142
ANID_0;4.39367;0.93174
ANID_1;4.23703;1.09521
ANID_2;4.05725;1.25314
ANID_3;3.87177;1.34271
ANID_4;3.67125;1.466
ANID_5;3.47384;1.55772
ANID_6;3.26916;1.63621
ANID_7;3.08221;1.72923
ANID_8;2.87214;1.81892
ANID_9;2.66941;1.91422
ANID_10;2.45814;2.02478
ANID_11;2.23759;2.1268
ANID_12;2.01692;2.21966
ANID_13;1.79946;2.30491
ANID_14;1.58138;2.38384
ANID_15;1.35853;2.45369
ANID_16;1.13682;2.50388
ANID_17;0.93092;2.53935
ANID_18;0.73621;2.57414
ANID_19;0.55458;2.61362
STID_0;4.43279;0.70133
STID_1;4.33311;0.6645
STID_2;4.26069;0.57876
STID_3;4.18196;0.50462
STID_4;4.10041;0.43387
STID_5;4.02375;0.35541
STID_6;3.94652;0.27657
STID_7;3.87299;0.19333
STID_8;3.79992;0.1085
STID_9;3.72745;0.0245
STID_10;3.65843;-0.05988
STID_11;3.593;-0.1446
STID_12;3.53201;-0.23077
STID_13;3.47496;-0.31823
STID_14;3.42003;-0.40592
STID_15;3.36503;-0.49243
STID_16;3.3091;-0.57762
STID_17;3.25395;-0.66216
STID_18;3.20126;-0.74723
STID_19;3.15149;-0.83316
ANUN_0;-0.58107;0.83495
ANUN_1;-0.5474;0.92173
ANUN_2;-0.5141;1.00328
ANUN_3;-0.48453;1.09594
ANUN_4;-0.45317;1.19148
ANUN_5;-0.42219;1.28428
ANUN_6;-0.39317;1.37914
ANUN_7;-0.3572;1.47674
ANUN_8;-0.31605;1.57511
ANUN_9;-0.26572;1.67303
ANUN_10;-0.21229;1.77764
ANUN_11;-0.16404;1.88676
ANUN_12;-0.10353;1.98865
ANUN_13;-0.03807;2.0826
ANUN_14;0.0265;2.17212
ANUN_15;0.08471;2.2603
ANUN_16;0.14267;2.34654
ANUN_17;0.2038;2.42881
ANUN_18;0.26767;2.50682
ANUN_19;0.32635;2.58485
STUN_0;-0.47001;0.64911
STUN_1;-0.29917;0.52477
STUN_2;-0.13109;0.4273
STUN_3;0.00632;0.32111
STUN_4;0.16442;0.2205
STUN_5;0.32239;0.12084
STUN_6;0.46175;0.00326
STUN_7;0.62758;-0.11663
STUN_8;0.80614;-0.2326
STUN_9;0.98807;-0.33445
STUN_10;1.16616;-0.43025
STUN_11;1.35142;-0.54504
STUN_12;1.54189;-0.64413
STUN_13;1.76233;-0.7114
STUN_14;1.98562;-0.74152
STUN_15;2.19067;-0.76292
STUN_16;2.37874;-0.7932
STUN_17;2.55802;-0.83333
STUN_18;2.73709;-0.87465
STUN_19;2.9188;-0.91307
