instance_id;x;y
ID;4.04236;1.35815
UN;-0.98031;1.35815
AN;-0.01494;2.9877
ST;2.71524;-0.38874
Impartial Culture_0;-0.74317;1.26077
Impartial Culture_1;-0.58561;1.16496
Impartial Culture_2;-0.34877;1.043
Impartial Culture_3;-0.39257;1.13253
Impartial Culture_4;-0.7163;1.23645
Impartial Culture_5;-0.50126;1.20956
Impartial Culture_6;-0.62154;1.12461
Impartial Culture_7;-0.59944;1.27432
Impartial Culture_8;-0.62307;1.41085
Impartial Culture_9;-0.68394;1.21278
Impartial Culture_10;-0.51436;1.43439
Impartial Culture_11;-0.53354;1.21204
Impartial Culture_12;-0.50855;1.39387
Impartial Culture_13;-0.32628;1.13038
Impartial Culture_14;-0.43963;1.15364
Impartial Culture_15;-0.75262;1.29635
Impartial Culture_16;-0.71904;1.20073
Impartial Culture_17;-0.75054;1.36847
Impartial Culture_18;-0.71385;1.13977
Impartial Culture_19;-0.67209;1.3792
SP by Conitzer_0;0.51277;0.54035
SP by Conitzer_1;0.36859;0.42836
SP by Conitzer_2;0.14316;0.31242
SP by Conitzer_3;-0.00546;0.49005
SP by Conitzer_4;0.30567;0.34513
SP by Conitzer_5;0.66631;0.35581
SP by Conitzer_6;0.41529;0.39929
SP by Conitzer_7;0.40754;1.56235
SP by Conitzer_8;0.14364;0.369
SP by Conitzer_9;0.02036;0.33502
SP by Conitzer_10;0.37714;0.33817
SP by Conitzer_11;0.03786;0.36648
SP by Conitzer_12;0.47217;0.36747
SP by Conitzer_13;0.2777;0.34783
SP by Conitzer_14;-0.07913;0.35101
SP by Conitzer_15;0.38201;0.36203
SP by Conitzer_16;0.36255;0.3104
SP by Conitzer_17;0.08792;0.28004
SP by Conitzer_18;0.02121;0.32481
SP by Conitzer_19;0.25842;0.51423
SP by Walsh_0;1.01252;0.3233
SP by Walsh_1;1.5859;0.25782
SP by Walsh_2;1.27924;0.35374
SP by Walsh_3;1.43854;0.28379
SP by Walsh_4;1.42498;0.27307
SP by Walsh_5;1.28908;0.17779
SP by Walsh_6;1.44587;0.13742
SP by Walsh_7;1.22905;0.20883
SP by Walsh_8;1.4684;0.22362
SP by Walsh_9;1.23659;0.19511
SP by Walsh_10;1.15405;0.18501
SP by Walsh_11;1.45828;0.18995
SP by Walsh_12;1.39852;0.13693
SP by Walsh_13;1.22248;0.524
SP by Walsh_14;1.10039;0.35385
SP by Walsh_15;1.20044;0.32655
SP by Walsh_16;1.34707;0.14988
SP by Walsh_17;1.28845;0.26245
SP by Walsh_18;1.34766;0.24956
SP by Walsh_19;1.30445;0.15899
SPOC_0;-0.44627;1.21487
SPOC_1;-0.7324;1.2688
SPOC_2;-0.72691;1.256
SPOC_3;-0.37218;1.05246
SPOC_4;-0.69775;1.21829
SPOC_5;-0.56974;1.11941
SPOC_6;-0.71291;1.33837
SPOC_7;-0.86654;1.34793
SPOC_8;-0.77152;1.47185
SPOC_9;-0.81806;1.35281
SPOC_10;-0.49536;1.26877
SPOC_11;-0.78757;1.25736
SPOC_12;-0.32586;1.30945
SPOC_13;-0.64799;1.24946
SPOC_14;-0.62445;1.28519
SPOC_15;-0.59513;1.23065
SPOC_16;-0.58407;1.18036
SPOC_17;-0.69026;1.34878
SPOC_18;-0.67787;1.28575
SPOC_19;-0.56851;1.20936
Single-Crossing_0;1.34949;1.27536
Single-Crossing_1;1.41458;2.11994
Single-Crossing_2;0.79957;0.39427
Single-Crossing_3;0.89577;-0.1454
Single-Crossing_4;1.60359;0.62521
Single-Crossing_5;1.00202;-0.00662
Single-Crossing_6;1.11664;-0.2646
Single-Crossing_7;0.83504;0.43337
Single-Crossing_8;0.68666;-0.00151
Single-Crossing_9;1.07987;1.22766
Single-Crossing_10;1.25457;1.16846
Single-Crossing_11;1.16468;0.71825
Single-Crossing_12;0.94369;-0.00086
Single-Crossing_13;1.02798;1.00675
Single-Crossing_14;1.44063;0.89635
Single-Crossing_15;1.10867;0.19802
Single-Crossing_16;0.91503;1.32463
Single-Crossing_17;1.23989;1.36715
Single-Crossing_18;1.21515;0.36935
Single-Crossing_19;1.30855;0.56758
1D Uniform_0;0.95814;0.17376
1D Uniform_1;0.57673;0.39131
1D Uniform_2;0.43476;0.51065
1D Uniform_3;1.92149;2.0094
1D Uniform_4;0.12211;-0.05242
1D Uniform_5;0.31728;2.64202
1D Uniform_6;0.42018;0.3215
1D Uniform_7;0.73849;2.42024
1D Uniform_8;1.61513;2.06417
1D Uniform_9;-0.0941;0.43076
1D Uniform_10;0.92792;1.90973
1D Uniform_11;-0.06277;0.14116
1D Uniform_12;3.00195;1.73148
1D Uniform_13;-0.17023;0.40535
1D Uniform_14;1.74965;2.23103
1D Uniform_15;0.93325;2.11191
1D Uniform_16;1.17491;2.2905
1D Uniform_17;0.99316;0.22376
1D Uniform_18;1.95335;2.0062
1D Uniform_19;0.18564;0.24517
2D Uniform_0;0.31274;0.18398
2D Uniform_1;0.16015;0.38707
2D Uniform_2;0.86213;0.45926
2D Uniform_3;1.19167;2.07809
2D Uniform_4;1.06917;1.83245
2D Uniform_5;0.64363;0.21439
2D Uniform_6;0.70067;1.2057
2D Uniform_7;0.50015;2.34216
2D Uniform_8;-0.20746;0.87044
2D Uniform_9;-0.20762;0.84559
2D Uniform_10;0.37844;0.77599
2D Uniform_11;0.71487;1.55311
2D Uniform_12;0.68837;1.51379
2D Uniform_13;0.17512;0.45094
2D Uniform_14;1.31437;0.68101
2D Uniform_15;1.92499;1.57812
2D Uniform_16;1.29847;1.73525
2D Uniform_17;0.69781;1.31657
2D Uniform_18;0.14294;1.42435
2D Uniform_19;0.81535;1.55305
3D Uniform_0;-0.18004;1.1631
3D Uniform_1;1.21616;1.09719
3D Uniform_2;0.23393;1.24203
3D Uniform_3;0.00674;1.0916
3D Uniform_4;0.21955;1.02689
3D Uniform_5;1.43937;1.8993
3D Uniform_6;-0.19314;1.51686
3D Uniform_7;0.27252;0.56452
3D Uniform_8;0.21894;0.64951
3D Uniform_9;0.85773;0.65173
3D Uniform_10;-0.08366;1.33585
3D Uniform_11;1.09027;1.47305
3D Uniform_12;0.68775;1.44492
3D Uniform_13;-0.12287;1.23413
3D Uniform_14;-0.07673;1.27565
3D Uniform_15;0.78458;1.06309
3D Uniform_16;1.18587;0.89355
3D Uniform_17;0.89216;1.25289
3D Uniform_18;0.32271;1.38403
3D Uniform_19;-0.00492;0.74521
5D Uniform_0;0.9672;1.05752
5D Uniform_1;0.46266;1.00218
5D Uniform_2;-0.29035;1.29774
5D Uniform_3;0.40426;1.07575
5D Uniform_4;0.37115;0.80882
5D Uniform_5;0.5042;1.00982
5D Uniform_6;1.0953;1.63805
5D Uniform_7;0.34678;1.13662
5D Uniform_8;0.22737;1.58705
5D Uniform_9;1.42797;0.55955
5D Uniform_10;1.14838;1.82468
5D Uniform_11;0.2258;0.96988
5D Uniform_12;0.37984;0.98378
5D Uniform_13;0.92798;1.21548
5D Uniform_14;-0.19722;1.56085
5D Uniform_15;0.54285;1.2098
5D Uniform_16;0.89203;0.63958
5D Uniform_17;-0.43904;1.63197
5D Uniform_18;-0.01878;1.02549
5D Uniform_19;-0.62012;1.45325
10D Uniform_0;-0.04615;1.30189
10D Uniform_1;0.97812;0.85717
10D Uniform_2;-0.55882;1.35722
10D Uniform_3;1.0211;1.36617
10D Uniform_4;0.06803;1.36807
10D Uniform_5;0.80381;0.79712
10D Uniform_6;0.07779;0.84378
10D Uniform_7;-0.1315;1.09415
10D Uniform_8;1.1232;1.19328
10D Uniform_9;0.91528;0.9122
10D Uniform_10;0.12633;1.70753
10D Uniform_11;1.1814;1.90669
10D Uniform_12;-0.21235;1.0924
10D Uniform_13;-0.48178;1.11682
10D Uniform_14;-0.05398;1.22514
10D Uniform_15;0.19025;1.11595
10D Uniform_16;0.11865;1.21245
10D Uniform_17;0.00162;1.06819
10D Uniform_18;0.27149;1.01049
10D Uniform_19;-0.14426;1.04059
20D Uniform_0;-0.18932;1.02603
20D Uniform_1;0.5632;0.77498
20D Uniform_2;-0.08707;1.15965
20D Uniform_3;-0.18692;0.95854
20D Uniform_4;-0.57509;1.1543
20D Uniform_5;0.63149;0.89989
20D Uniform_6;1.01084;0.59887
20D Uniform_7;0.33207;1.11872
20D Uniform_8;0.62405;0.68401
20D Uniform_9;0.17714;0.88183
20D Uniform_10;0.60447;-0.13669
20D Uniform_11;-0.54582;1.07997
20D Uniform_12;0.9193;0.78158
20D Uniform_13;0.42706;1.40651
20D Uniform_14;-0.35717;1.10293
20D Uniform_15;0.78764;1.45407
20D Uniform_16;0.46348;0.85184
20D Uniform_17;0.1597;0.95789
20D Uniform_18;0.27702;0.2416
20D Uniform_19;-0.13731;1.27377
2D Sphere_0;-0.74216;0.35748
2D Sphere_1;-0.31519;1.88359
2D Sphere_2;-0.34801;1.48453
2D Sphere_3;-0.15312;2.46788
2D Sphere_4;-0.48516;1.36823
2D Sphere_5;-0.30447;1.55957
2D Sphere_6;-0.08291;2.49835
2D Sphere_7;-0.55229;1.47687
2D Sphere_8;-0.46344;1.95247
2D Sphere_9;-0.72437;1.56294
2D Sphere_10;-0.68294;1.57029
2D Sphere_11;-0.42818;1.8059
2D Sphere_12;-0.54134;1.25606
2D Sphere_13;0.09681;2.06191
2D Sphere_14;-0.12755;2.12652
2D Sphere_15;-0.40797;1.86885
2D Sphere_16;-0.56179;1.71399
2D Sphere_17;-0.44084;1.77069
2D Sphere_18;-0.56114;1.74545
2D Sphere_19;-0.75547;1.44345
3D Sphere_0;-0.50086;1.57241
3D Sphere_1;-0.2216;1.7975
3D Sphere_2;-0.76692;1.28183
3D Sphere_3;-0.2418;1.85789
3D Sphere_4;-0.4009;1.39123
3D Sphere_5;-0.25715;1.69376
3D Sphere_6;0.11176;1.79859
3D Sphere_7;-0.62455;1.68587
3D Sphere_8;-0.43754;0.81639
3D Sphere_9;-0.53955;1.61776
3D Sphere_10;-0.50381;1.92082
3D Sphere_11;-0.54949;1.79502
3D Sphere_12;-0.64796;1.15823
3D Sphere_13;-0.49306;1.76167
3D Sphere_14;-0.71475;1.52614
3D Sphere_15;-0.50634;1.68359
3D Sphere_16;-0.54484;1.26532
3D Sphere_17;-0.63391;1.50554
3D Sphere_18;-0.60483;1.55402
3D Sphere_19;-0.5224;1.84446
5D Sphere_0;-0.51447;1.62116
5D Sphere_1;-0.58238;1.61114
5D Sphere_2;-0.72691;1.6
5D Sphere_3;0.37068;1.71162
5D Sphere_4;-0.33321;1.70681
5D Sphere_5;-0.3557;1.83234
5D Sphere_6;-0.06077;1.63635
5D Sphere_7;-0.63682;1.19666
5D Sphere_8;-0.83441;1.39644
5D Sphere_9;-0.20468;1.93994
5D Sphere_10;-0.41281;0.99252
5D Sphere_11;-0.73532;1.57904
5D Sphere_12;-0.26101;0.94788
5D Sphere_13;-0.39914;1.18908
5D Sphere_14;-0.07946;1.45785
5D Sphere_15;-0.62286;1.01492
5D Sphere_16;-0.16408;1.50881
5D Sphere_17;-0.52375;1.50014
5D Sphere_18;-0.57786;1.53808
5D Sphere_19;-0.33116;0.90728
GS Balanced_0;-0.56804;1.36743
GS Balanced_1;-0.71073;1.3301
GS Balanced_2;-0.87325;1.41215
GS Balanced_3;-0.74396;1.28072
GS Balanced_4;-0.57352;1.32067
GS Balanced_5;-0.63851;1.4408
GS Balanced_6;-0.3313;1.20548
GS Balanced_7;-0.51138;1.177
GS Balanced_8;-0.73415;1.30945
GS Balanced_9;-0.72559;1.36489
GS Balanced_10;-0.44356;1.25345
GS Balanced_11;-0.76502;1.38786
GS Balanced_12;-0.73738;1.51908
GS Balanced_13;-0.64486;1.23129
GS Balanced_14;-0.90768;1.31501
GS Balanced_15;-0.63627;1.20967
GS Balanced_16;-0.79242;1.37024
GS Balanced_17;-0.54341;1.3417
GS Balanced_18;-0.71857;1.26585
GS Balanced_19;-0.42992;1.2837
GS Caterpillar_0;-0.42925;2.14377
GS Caterpillar_1;-0.67075;0.72746
GS Caterpillar_2;-0.47212;2.15891
GS Caterpillar_3;-0.68947;0.80958
GS Caterpillar_4;-0.20538;2.11593
GS Caterpillar_5;-0.13551;2.24512
GS Caterpillar_6;-0.3768;2.21072
GS Caterpillar_7;-0.09478;2.23811
GS Caterpillar_8;-0.49077;2.12943
GS Caterpillar_9;-0.19421;2.15408
GS Caterpillar_10;0.49071;2.13972
GS Caterpillar_11;-0.22054;2.0676
GS Caterpillar_12;-0.16654;2.14952
GS Caterpillar_13;-0.38827;2.17225
GS Caterpillar_14;-0.30142;2.18371
GS Caterpillar_15;-0.65359;0.69776
GS Caterpillar_16;0.07121;2.16066
GS Caterpillar_17;-0.31377;2.22211
GS Caterpillar_18;-0.75925;0.79097
GS Caterpillar_19;-0.18345;2.07669
Urn_0;0.90449;1.92208
Urn_1;0.35753;-0.00117
Urn_2;1.74802;0.33046
Urn_3;0.1572;1.38661
Urn_4;2.21174;2.17823
Urn_5;0.82332;0.02048
Urn_6;1.13855;1.95168
Urn_7;-0.20957;2.02863
Urn_8;0.09679;1.3714
Urn_9;2.00456;1.99036
Urn_10;0.94392;2.43793
Urn_11;2.56897;2.2947
Urn_12;0.59317;1.27911
Urn_13;-0.33361;0.25757
Urn_14;2.6332;0.4677
Urn_15;-0.28556;1.46723
Urn_16;0.93338;2.61943
Urn_17;3.76294;1.52274
Urn_18;1.79229;1.86562
Urn_19;-0.35224;1.44264
Urn_20;0.80627;1.75018
Urn_21;3.83911;1.26927
Urn_22;-0.39975;1.04013
Urn_23;-0.76574;1.40537
Urn_24;-0.21515;1.6306
Urn_25;0.63784;0.77774
Urn_26;1.57884;0.867
Urn_27;2.5291;2.08618
Urn_28;1.69264;1.56424
Urn_29;0.11201;1.34125
Urn_30;-0.59392;1.57278
Urn_31;2.77626;1.8185
Urn_32;1.4935;1.71099
Urn_33;1.49475;1.74278
Urn_34;3.18209;1.82641
Urn_35;0.11835;1.56856
Urn_36;1.52529;0.48472
Urn_37;2.43708;2.07705
Urn_38;-0.49818;1.49216
Urn_39;1.31041;2.00959
Urn_40;-0.45959;1.07317
Urn_41;1.5852;1.48422
Urn_42;-0.40391;0.75626
Urn_43;2.15534;1.36672
Urn_44;2.47499;0.61459
Urn_45;0.40661;1.9407
Urn_46;3.9304;1.40061
Urn_47;3.56369;1.57433
Urn_48;1.5358;0.45043
Urn_49;0.50174;2.07173
Urn_50;3.06022;0.95134
Urn_51;0.68616;2.12585
Urn_52;-0.67973;1.43567
Urn_53;3.49529;1.65966
Urn_54;0.36141;1.94551
Urn_55;1.04513;0.12568
Urn_56;2.07858;2.54069
Urn_57;1.11261;1.32288
Urn_58;0.74982;2.25588
Urn_59;1.41751;1.4175
Urn_60;0.58884;1.72854
Urn_61;-0.01852;1.22809
Urn_62;2.41734;1.36031
Urn_63;0.50043;1.89505
Urn_64;0.22417;1.92607
Urn_65;2.92529;1.78452
Urn_66;1.20142;-0.32424
Urn_67;4.0453;1.30317
Urn_68;2.51255;2.33846
Urn_69;2.06886;1.49616
Urn_70;-0.33787;0.9996
Urn_71;0.12891;-0.14791
Urn_72;1.58495;1.80321
Urn_73;3.51016;0.43923
Urn_74;2.20423;1.76286
Urn_75;0.41343;-0.15982
Urn_76;4.03838;1.41228
Urn_77;1.74879;2.73181
Urn_78;2.56943;0.70819
Urn_79;0.2709;1.69592
Norm-Mallows_0;2.91624;1.28372
Norm-Mallows_1;2.41976;0.82322
Norm-Mallows_2;1.95192;0.98173
Norm-Mallows_3;2.97038;1.19769
Norm-Mallows_4;-0.64158;1.38795
Norm-Mallows_5;3.56129;1.3976
Norm-Mallows_6;1.08711;1.01013
Norm-Mallows_7;0.1105;1.02425
Norm-Mallows_8;-0.14553;1.21376
Norm-Mallows_9;-0.5766;1.39465
Norm-Mallows_10;2.28357;1.00382
Norm-Mallows_11;1.7392;0.74105
Norm-Mallows_12;1.63267;0.956
Norm-Mallows_13;1.79274;1.25701
Norm-Mallows_14;0.51604;0.87067
Norm-Mallows_15;1.14414;0.77578
Norm-Mallows_16;0.58255;1.08358
Norm-Mallows_17;-0.58783;1.19408
Norm-Mallows_18;1.20422;0.82297
Norm-Mallows_19;1.74404;0.90014
Norm-Mallows_20;1.58383;0.81355
Norm-Mallows_21;0.96943;0.80268
Norm-Mallows_22;-0.23741;1.18479
Norm-Mallows_23;-0.27358;1.213
Norm-Mallows_24;2.80693;0.91762
Norm-Mallows_25;1.20451;1.1444
Norm-Mallows_26;2.8393;1.00655
Norm-Mallows_27;1.79745;1.04407
Norm-Mallows_28;1.14904;0.91765
Norm-Mallows_29;3.25479;1.22412
Norm-Mallows_30;0.30767;0.83681
Norm-Mallows_31;2.60826;0.92575
Norm-Mallows_32;3.36196;1.2669
Norm-Mallows_33;-0.5504;1.12846
Norm-Mallows_34;0.33897;0.93172
Norm-Mallows_35;2.09923;0.90144
Norm-Mallows_36;-0.41354;1.06513
Norm-Mallows_37;-0.69773;1.25121
Norm-Mallows_38;1.83327;0.86811
Norm-Mallows_39;1.00965;0.83461
Norm-Mallows_40;-0.05365;0.93364
Norm-Mallows_41;-0.63763;1.16897
Norm-Mallows_42;0.82075;0.8782
Norm-Mallows_43;-0.6892;1.30732
Norm-Mallows_44;1.1101;0.67033
Norm-Mallows_45;2.64821;1.16683
Norm-Mallows_46;1.08793;1.08014
Norm-Mallows_47;-0.49362;1.30068
Norm-Mallows_48;2.93709;1.12541
Norm-Mallows_49;-0.87397;1.36358
Norm-Mallows_50;1.36884;0.88328
Norm-Mallows_51;1.41762;0.9719
Norm-Mallows_52;1.59026;1.02551
Norm-Mallows_53;2.42906;1.06607
Norm-Mallows_54;-0.61149;1.38767
Norm-Mallows_55;3.76133;1.26255
Norm-Mallows_56;2.70971;1.19801
Norm-Mallows_57;3.96603;1.36502
Norm-Mallows_58;3.15063;1.12931
Norm-Mallows_59;-0.00323;1.16326
Norm-Mallows_60;0.61502;0.85906
Norm-Mallows_61;0.83834;0.82972
Norm-Mallows_62;0.47671;0.99494
Norm-Mallows_63;2.71515;1.16495
Norm-Mallows_64;2.17005;0.88684
Norm-Mallows_65;2.62604;1.09784
Norm-Mallows_66;3.96763;1.35169
Norm-Mallows_67;3.49872;1.2127
Norm-Mallows_68;-0.52346;1.31136
Norm-Mallows_69;-0.23218;1.05421
Norm-Mallows_70;2.21886;1.12579
Norm-Mallows_71;-0.18635;1.07088
Norm-Mallows_72;-0.5561;1.27593
Norm-Mallows_73;1.9905;0.96073
Norm-Mallows_74;0.7862;0.9923
Norm-Mallows_75;1.35704;1.00252
Norm-Mallows_76;1.96241;0.74119
Norm-Mallows_77;2.02487;0.91933
Norm-Mallows_78;0.58706;1.0581
Norm-Mallows_79;2.70806;1.0967
ANID_0;3.85802;1.4743
ANID_1;3.66876;1.59473
ANID_2;3.47802;1.69919
ANID_3;3.2886;1.78453
ANID_4;3.09733;1.86898
ANID_5;2.90536;1.95027
ANID_6;2.71627;2.01767
ANID_7;2.52519;2.08787
ANID_8;2.32119;2.19121
ANID_9;2.11215;2.29457
ANID_10;1.91257;2.37839
ANID_11;1.71512;2.45689
ANID_12;1.51637;2.53197
ANID_13;0.96302;-0.36996
ANID_14;1.12545;2.6649
ANID_15;0.91798;2.72675
ANID_16;-0.0245;-0.30815
ANID_17;-0.2991;-0.21791
ANID_18;0.32588;2.86684
ANID_19;0.1471;2.92037
STID_0;3.95445;1.30826
STID_1;3.8672;1.24977
STID_2;3.78049;1.18864
STID_3;3.69423;1.12423
STID_4;3.60861;1.05851
STID_5;3.52477;0.98541
STID_6;3.44301;0.90518
STID_7;3.36294;0.81941
STID_8;3.28495;0.72618
STID_9;3.21159;0.6316
STID_10;3.14575;0.53661
STID_11;3.08877;0.44252
STID_12;3.03825;0.34828
STID_13;2.9923;0.25439
STID_14;2.94937;0.16188
STID_15;2.90725;0.07047
STID_16;2.86484;-0.02182
STID_17;2.82373;-0.11276
STID_18;2.78459;-0.2045
STID_19;2.74781;-0.29695
ANUN_0;-0.93528;1.41445
ANUN_1;-0.89238;1.4718
ANUN_2;-0.85127;1.53242
ANUN_3;-0.81101;1.5994
ANUN_4;-0.77083;1.66925
ANUN_5;-0.73241;1.74032
ANUN_6;-0.69329;1.81498
ANUN_7;-0.6519;1.89372
ANUN_8;-0.60923;1.97397
ANUN_9;-0.56773;2.05324
ANUN_10;-0.52724;2.13615
ANUN_11;-0.47006;2.23215
ANUN_12;-0.41358;2.32101
ANUN_13;-0.36049;2.40535
ANUN_14;-1.07642;0.87481
ANUN_15;-0.25814;2.57208
ANUN_16;-0.20708;2.65571
ANUN_17;-0.15744;2.73855
ANUN_18;-0.10809;2.8211
ANUN_19;-0.06017;2.90387
STUN_0;-0.84001;1.25106
STUN_1;-0.68939;1.12725
STUN_2;-0.52659;1.02782
STUN_3;-0.37075;0.93315
STUN_4;-0.20613;0.8304
STUN_5;-0.04256;0.76909
STUN_6;0.14173;0.70754
STUN_7;0.36377;0.64066
STUN_8;0.59274;0.5321
STUN_9;0.77254;0.39001
STUN_10;0.97681;0.3106
STUN_11;1.18422;0.206
STUN_12;1.37745;0.10366
STUN_13;1.56526;0.05056
STUN_14;1.73322;-0.00784
STUN_15;1.89674;-0.0689
STUN_16;2.05667;-0.13518
STUN_17;2.21894;-0.19952
STUN_18;2.38348;-0.26172
STUN_19;2.54912;-0.32439
