instance_id;x;y
ID;4.45905;0.73442
UN;-0.65912;0.73442
AN;0.35482;2.59944
ST;3.08126;-0.96152
Impartial Culture_0;-0.4007;0.6046
Impartial Culture_1;-0.49224;0.88512
Impartial Culture_2;-0.16395;0.65814
Impartial Culture_3;-0.37036;1.05383
Impartial Culture_4;-0.32118;0.75455
Impartial Culture_5;-0.1396;0.74545
Impartial Culture_6;-0.03878;0.64441
Impartial Culture_7;-0.33319;0.71971
Impartial Culture_8;-0.41467;0.87625
Impartial Culture_9;-0.24737;0.81869
Impartial Culture_10;-0.37481;0.70001
Impartial Culture_11;-0.11198;0.35066
Impartial Culture_12;-0.23438;0.73471
Impartial Culture_13;-0.39664;0.91582
Impartial Culture_14;-0.13375;0.51703
Impartial Culture_15;-0.23123;0.66782
Impartial Culture_16;0.02709;0.59376
Impartial Culture_17;-0.35248;0.85961
Impartial Culture_18;-0.37227;0.50185
Impartial Culture_19;-0.03933;0.76364
SP by Conitzer_0;0.97482;1.41428
SP by Conitzer_1;0.80874;1.39734
SP by Conitzer_2;1.11593;1.32148
SP by Conitzer_3;0.98057;1.17248
SP by Conitzer_4;1.01605;0.9888
SP by Conitzer_5;1.22017;1.13872
SP by Conitzer_6;1.03903;1.41269
SP by Conitzer_7;1.22678;0.96148
SP by Conitzer_8;1.04477;1.21527
SP by Conitzer_9;1.28694;1.13092
SP by Conitzer_10;1.17536;0.99267
SP by Conitzer_11;1.435;1.0222
SP by Conitzer_12;1.09314;1.03787
SP by Conitzer_13;1.20284;1.08031
SP by Conitzer_14;0.94493;1.1386
SP by Conitzer_15;0.86468;1.12923
SP by Conitzer_16;0.96486;1.22283
SP by Conitzer_17;1.22581;0.83672
SP by Conitzer_18;1.04348;1.06441
SP by Conitzer_19;1.01286;1.31134
SP by Walsh_0;1.67122;-0.15661
SP by Walsh_1;1.80908;-0.16078
SP by Walsh_2;1.58866;-0.11868
SP by Walsh_3;2.15715;0.24678
SP by Walsh_4;1.94842;0.03918
SP by Walsh_5;1.84845;-0.17796
SP by Walsh_6;1.91217;0.25847
SP by Walsh_7;1.91372;-0.32542
SP by Walsh_8;1.68338;0.02621
SP by Walsh_9;1.95501;-0.25352
SP by Walsh_10;1.91008;-0.06598
SP by Walsh_11;1.80853;0.18147
SP by Walsh_12;1.53231;0.06396
SP by Walsh_13;1.66338;-0.02
SP by Walsh_14;1.78951;-0.32311
SP by Walsh_15;2.05696;-0.32479
SP by Walsh_16;1.88421;-0.02335
SP by Walsh_17;2.08719;-0.15085
SP by Walsh_18;1.49942;0.24417
SP by Walsh_19;1.93364;-0.18438
SPOC_0;-0.25362;0.51851
SPOC_1;-0.31283;0.81764
SPOC_2;-0.26358;0.59489
SPOC_3;0.30177;0.50457
SPOC_4;-0.50783;0.80883
SPOC_5;-0.54505;0.68601
SPOC_6;-0.22878;0.93215
SPOC_7;-0.47827;0.75195
SPOC_8;-0.4475;0.63015
SPOC_9;-0.20433;0.64102
SPOC_10;-0.12316;0.58881
SPOC_11;-0.36067;0.59618
SPOC_12;-0.31279;0.78734
SPOC_13;-0.06869;0.78706
SPOC_14;-0.2719;0.63687
SPOC_15;-0.40125;0.78449
SPOC_16;-0.13423;0.8164
SPOC_17;-0.29586;0.71991
SPOC_18;-0.29563;0.51389
SPOC_19;-0.07251;0.72934
Single-Crossing_0;1.99145;0.94864
Single-Crossing_1;1.74762;-0.25591
Single-Crossing_2;1.02796;-0.3933
Single-Crossing_3;1.4296;-0.24888
Single-Crossing_4;1.18724;-0.18412
Single-Crossing_5;1.25486;-0.38659
Single-Crossing_6;1.7523;0.18049
Single-Crossing_7;1.61021;-0.41277
Single-Crossing_8;1.86137;-0.15352
Single-Crossing_9;0.93766;-0.01316
Single-Crossing_10;1.01617;-0.62276
Single-Crossing_11;1.44432;0.42805
Single-Crossing_12;1.6229;0.63518
Single-Crossing_13;1.24352;-0.2488
Single-Crossing_14;1.87457;0.78368
Single-Crossing_15;1.19593;-0.3736
Single-Crossing_16;1.49252;-0.46715
Single-Crossing_17;1.3997;-0.63653
Single-Crossing_18;1.78797;0.94245
Single-Crossing_19;1.28978;-0.10187
1D Uniform_0;1.03314;1.93078
1D Uniform_1;2.05783;1.34421
1D Uniform_2;0.73603;1.77397
1D Uniform_3;1.64519;2.0973
1D Uniform_4;1.6391;1.22004
1D Uniform_5;2.47741;1.4282
1D Uniform_6;1.6649;0.42873
1D Uniform_7;0.92789;1.83915
1D Uniform_8;2.97302;1.22179
1D Uniform_9;1.19784;1.77487
1D Uniform_10;2.00436;1.44584
1D Uniform_11;0.75627;1.48346
1D Uniform_12;1.58921;1.69878
1D Uniform_13;1.10676;1.43922
1D Uniform_14;2.17112;1.56568
1D Uniform_15;1.46558;0.96923
1D Uniform_16;2.05051;1.63558
1D Uniform_17;1.25733;0.38505
1D Uniform_18;1.07652;1.17245
1D Uniform_19;0.85827;1.49414
2D Uniform_0;0.91867;0.9215
2D Uniform_1;2.06653;0.98518
2D Uniform_2;0.75477;1.80642
2D Uniform_3;0.952;0.4493
2D Uniform_4;1.05904;0.8648
2D Uniform_5;1.80918;0.31852
2D Uniform_6;1.3827;0.78104
2D Uniform_7;0.78385;-0.15613
2D Uniform_8;0.29121;0.11659
2D Uniform_9;1.65271;0.81681
2D Uniform_10;2.21889;0.1426
2D Uniform_11;1.55298;1.7405
2D Uniform_12;1.92975;0.95697
2D Uniform_13;2.12444;0.97357
2D Uniform_14;0.67085;0.2463
2D Uniform_15;0.12878;1.27742
2D Uniform_16;0.86568;1.39906
2D Uniform_17;0.59319;-0.10255
2D Uniform_18;1.30578;0.67433
2D Uniform_19;1.45955;1.14419
3D Uniform_0;0.77592;0.1806
3D Uniform_1;1.54439;0.59031
3D Uniform_2;0.49793;-0.23766
3D Uniform_3;-0.09756;1.28699
3D Uniform_4;0.52486;1.0264
3D Uniform_5;1.07157;0.06669
3D Uniform_6;0.42993;0.60719
3D Uniform_7;1.24897;0.09381
3D Uniform_8;1.54764;0.4338
3D Uniform_9;0.23089;1.02488
3D Uniform_10;1.17628;1.16464
3D Uniform_11;1.25002;0.64897
3D Uniform_12;2.20486;0.11178
3D Uniform_13;1.54766;0.21879
3D Uniform_14;0.98367;-0.09217
3D Uniform_15;2.30127;-0.17077
3D Uniform_16;0.67255;0.93227
3D Uniform_17;0.36406;0.25353
3D Uniform_18;1.32923;0.29994
3D Uniform_19;1.38067;0.69359
5D Uniform_0;-0.02354;1.09767
5D Uniform_1;2.01133;0.19424
5D Uniform_2;0.82829;1.08471
5D Uniform_3;1.38093;-0.00322
5D Uniform_4;0.36697;0.64896
5D Uniform_5;0.44239;0.09922
5D Uniform_6;0.16814;0.62957
5D Uniform_7;0.51174;0.30623
5D Uniform_8;0.26436;0.7621
5D Uniform_9;1.82827;1.0354
5D Uniform_10;0.47574;1.06453
5D Uniform_11;0.66608;1.05839
5D Uniform_12;0.14727;0.64912
5D Uniform_13;0.59845;0.66177
5D Uniform_14;1.33005;0.14614
5D Uniform_15;1.0608;0.72194
5D Uniform_16;0.60794;0.76933
5D Uniform_17;1.8494;1.49993
5D Uniform_18;1.33266;0.9446
5D Uniform_19;0.46578;0.30862
10D Uniform_0;0.19138;0.58407
10D Uniform_1;0.86178;0.77541
10D Uniform_2;1.11662;0.52985
10D Uniform_3;0.75602;0.49118
10D Uniform_4;0.71905;0.34337
10D Uniform_5;1.11613;-0.09909
10D Uniform_6;1.68637;0.35082
10D Uniform_7;0.75156;0.64979
10D Uniform_8;0.93464;-0.17536
10D Uniform_9;1.23718;0.55247
10D Uniform_10;1.20185;-0.09355
10D Uniform_11;0.82869;0.84692
10D Uniform_12;0.283;0.67812
10D Uniform_13;1.5536;0.84285
10D Uniform_14;0.85284;0.63586
10D Uniform_15;0.68333;0.71721
10D Uniform_16;0.66011;0.60576
10D Uniform_17;0.66462;0.05642
10D Uniform_18;1.4182;1.36074
10D Uniform_19;-0.24712;0.85384
20D Uniform_0;-0.12444;0.41597
20D Uniform_1;0.13562;0.70467
20D Uniform_2;0.52194;0.17303
20D Uniform_3;0.4954;0.64882
20D Uniform_4;0.53882;0.7106
20D Uniform_5;0.58385;0.84867
20D Uniform_6;0.244;0.63066
20D Uniform_7;-0.0597;0.51222
20D Uniform_8;1.66571;-0.25239
20D Uniform_9;0.15642;0.50526
20D Uniform_10;0.73976;0.89902
20D Uniform_11;0.0479;0.43419
20D Uniform_12;1.01665;0.51686
20D Uniform_13;0.86391;0.5707
20D Uniform_14;0.96417;0.55895
20D Uniform_15;0.59195;0.09163
20D Uniform_16;0.37592;0.45124
20D Uniform_17;1.80625;0.66998
20D Uniform_18;1.65794;0.53255
20D Uniform_19;0.86328;0.13274
2D Sphere_0;0.10377;1.27445
2D Sphere_1;-0.24261;1.40003
2D Sphere_2;-0.40409;1.02105
2D Sphere_3;0.72969;1.5224
2D Sphere_4;-0.27032;1.45378
2D Sphere_5;0.07387;2.32347
2D Sphere_6;-0.04023;1.45707
2D Sphere_7;0.17015;0.88653
2D Sphere_8;0.0392;1.62226
2D Sphere_9;0.20028;1.45592
2D Sphere_10;-0.41938;0.99191
2D Sphere_11;0.0358;1.18351
2D Sphere_12;-0.15116;1.56838
2D Sphere_13;-0.23787;1.56659
2D Sphere_14;-0.10007;1.1405
2D Sphere_15;0.3807;0.70535
2D Sphere_16;0.344;1.50044
2D Sphere_17;0.14489;1.75672
2D Sphere_18;0.30016;1.24612
2D Sphere_19;0.54215;1.66137
3D Sphere_0;-0.05191;1.19794
3D Sphere_1;-0.50384;0.59396
3D Sphere_2;-0.203;1.01853
3D Sphere_3;-0.04751;1.52188
3D Sphere_4;-0.33044;1.38429
3D Sphere_5;-0.19366;1.23351
3D Sphere_6;-0.08078;1.44952
3D Sphere_7;-0.00067;1.05006
3D Sphere_8;0.05334;0.70473
3D Sphere_9;-0.30354;1.46906
3D Sphere_10;-0.42847;1.13332
3D Sphere_11;-0.26086;1.094
3D Sphere_12;-0.40003;1.2364
3D Sphere_13;0.01297;1.10438
3D Sphere_14;-0.34261;1.15632
3D Sphere_15;-0.34108;1.25189
3D Sphere_16;-0.42879;0.82481
3D Sphere_17;-0.02518;0.86288
3D Sphere_18;0.13265;0.76246
3D Sphere_19;-0.07434;1.22368
5D Sphere_0;-0.14546;1.06008
5D Sphere_1;-0.27407;0.99058
5D Sphere_2;0.15489;0.94827
5D Sphere_3;0.22778;1.14922
5D Sphere_4;0.08741;0.87618
5D Sphere_5;0.01196;1.01249
5D Sphere_6;0.04232;1.07364
5D Sphere_7;-0.0684;0.90408
5D Sphere_8;-0.22117;1.1856
5D Sphere_9;0.09618;0.36477
5D Sphere_10;-0.40121;0.48686
5D Sphere_11;-0.17756;0.90335
5D Sphere_12;-0.08742;0.99996
5D Sphere_13;-0.26408;0.47512
5D Sphere_14;-0.23429;0.95426
5D Sphere_15;-0.093;1.08497
5D Sphere_16;-0.18531;0.45915
5D Sphere_17;0.22394;0.95316
5D Sphere_18;-0.01676;0.82924
5D Sphere_19;0.13661;1.21419
GS Balanced_0;-0.34147;0.97618
GS Balanced_1;0.11504;0.44414
GS Balanced_2;-0.36312;0.81017
GS Balanced_3;-0.20475;0.90176
GS Balanced_4;-0.47668;0.7228
GS Balanced_5;-0.54753;0.74933
GS Balanced_6;-0.32528;0.53739
GS Balanced_7;-0.22452;0.79436
GS Balanced_8;-0.36918;0.61917
GS Balanced_9;-0.46445;0.68217
GS Balanced_10;-0.43719;0.75919
GS Balanced_11;-0.45583;0.81412
GS Balanced_12;-0.1849;0.71248
GS Balanced_13;-0.03283;0.43477
GS Balanced_14;-0.52783;0.77314
GS Balanced_15;-0.3285;0.89125
GS Balanced_16;0.03434;0.54992
GS Balanced_17;-0.52259;0.66461
GS Balanced_18;-0.32435;0.59676
GS Balanced_19;-0.54811;0.81351
GS Caterpillar_0;-0.07535;1.79185
GS Caterpillar_1;0.04608;1.68712
GS Caterpillar_2;-0.12518;1.78657
GS Caterpillar_3;0.16764;1.86942
GS Caterpillar_4;0.43914;1.74221
GS Caterpillar_5;0.29554;1.91303
GS Caterpillar_6;0.24202;1.79247
GS Caterpillar_7;0.44214;1.59218
GS Caterpillar_8;0.23758;1.66756
GS Caterpillar_9;0.53545;1.76114
GS Caterpillar_10;0.04449;1.8232
GS Caterpillar_11;0.14722;1.59827
GS Caterpillar_12;0.16995;1.67404
GS Caterpillar_13;0.30302;1.72827
GS Caterpillar_14;0.34582;1.61484
GS Caterpillar_15;-0.19744;1.75518
GS Caterpillar_16;0.34093;1.66627
GS Caterpillar_17;0.1071;1.8324
GS Caterpillar_18;0.00379;1.74095
GS Caterpillar_19;0.38343;1.6562
Urn_0;0.32151;1.11717
Urn_1;2.2646;1.53185
Urn_2;1.59949;1.93892
Urn_3;3.04858;1.10576
Urn_4;3.73078;1.02819
Urn_5;0.22844;0.83312
Urn_6;2.25561;1.21314
Urn_7;3.38396;1.52796
Urn_8;4.35695;0.82577
Urn_9;3.99178;1.0038
Urn_10;1.57356;1.49376
Urn_11;3.64438;1.20931
Urn_12;0.94904;-0.33884
Urn_13;2.22151;-0.91855
Urn_14;0.22641;0.82103
Urn_15;4.36083;0.75518
Urn_16;4.16;0.83705
Urn_17;2.91776;-0.26252
Urn_18;1.10547;0.91918
Urn_19;0.48721;-0.08532
Urn_20;1.38711;1.56986
Urn_21;2.77523;0.1673
Urn_22;4.47051;0.69303
Urn_23;2.86599;1.02194
Urn_24;2.41253;1.32654
Urn_25;-0.5441;1.21926
Urn_26;1.8007;1.36387
Urn_27;1.29597;1.19306
Urn_28;3.0929;-0.17182
Urn_29;2.10605;1.70946
Urn_30;1.23754;-0.85576
Urn_31;3.04995;1.40705
Urn_32;0.31759;-0.26917
Urn_33;3.76995;1.00569
Urn_34;-0.08399;0.14651
Urn_35;2.97255;1.70194
Urn_36;0.75902;1.55289
Urn_37;3.1722;0.22395
Urn_38;0.14695;1.08928
Urn_39;1.88124;1.1874
Urn_40;0.8246;-0.42731
Urn_41;1.69184;-0.32983
Urn_42;0.54538;-0.2176
Urn_43;4.04041;1.06954
Urn_44;3.61235;1.35156
Urn_45;0.18055;0.63318
Urn_46;3.86184;0.93965
Urn_47;0.95065;1.78552
Urn_48;2.47426;-0.08296
Urn_49;2.16485;2.31199
Urn_50;3.48051;1.28057
Urn_51;2.68916;-0.03901
Urn_52;-0.01727;0.22815
Urn_53;0.89644;-0.50619
Urn_54;4.40845;0.9007
Urn_55;2.26354;1.8273
Urn_56;2.96942;1.49522
Urn_57;1.88717;2.07623
Urn_58;0.34996;0.81394
Urn_59;1.28891;1.84481
Urn_60;2.90252;1.42767
Urn_61;3.06383;1.21899
Urn_62;4.43128;0.78284
Urn_63;4.23706;0.6949
Urn_64;0.17195;0.36582
Urn_65;-0.07444;0.48531
Urn_66;0.27291;1.48044
Urn_67;1.38562;-0.38623
Urn_68;1.14456;0.86734
Urn_69;3.97064;1.30967
Urn_70;-0.16382;0.32964
Urn_71;2.72284;1.18218
Urn_72;0.30874;1.01114
Urn_73;1.77392;1.65371
Urn_74;1.32402;-0.69417
Urn_75;1.69525;2.2625
Urn_76;1.48538;1.42663
Urn_77;0.02142;0.1375
Urn_78;3.45493;1.12583
Urn_79;2.13536;1.81093
Norm-Mallows_0;4.20913;0.62131
Norm-Mallows_1;0.38829;0.27945
Norm-Mallows_2;0.54926;0.39727
Norm-Mallows_3;4.42443;0.70953
Norm-Mallows_4;3.4138;0.62932
Norm-Mallows_5;2.34951;0.70712
Norm-Mallows_6;3.28503;0.32444
Norm-Mallows_7;0.14405;0.25056
Norm-Mallows_8;2.02798;0.31997
Norm-Mallows_9;1.98369;0.48548
Norm-Mallows_10;4.43052;0.72632
Norm-Mallows_11;2.48206;0.71949
Norm-Mallows_12;0.92537;0.11853
Norm-Mallows_13;-0.16728;0.76812
Norm-Mallows_14;3.23436;0.75688
Norm-Mallows_15;0.62468;0.22459
Norm-Mallows_16;0.87496;0.31664
Norm-Mallows_17;-0.18413;0.56851
Norm-Mallows_18;0.56638;0.48541
Norm-Mallows_19;1.51674;0.30635
Norm-Mallows_20;1.94028;0.56006
Norm-Mallows_21;0.76426;0.4298
Norm-Mallows_22;-0.32615;0.65325
Norm-Mallows_23;0.74207;0.25614
Norm-Mallows_24;2.57148;0.64032
Norm-Mallows_25;2.84253;0.46754
Norm-Mallows_26;0.37842;0.51595
Norm-Mallows_27;0.7887;0.34881
Norm-Mallows_28;0.51078;0.77872
Norm-Mallows_29;3.84425;0.59453
Norm-Mallows_30;2.07523;0.67389
Norm-Mallows_31;2.28012;0.43701
Norm-Mallows_32;3.01464;0.44187
Norm-Mallows_33;1.79859;0.53159
Norm-Mallows_34;3.74208;0.50063
Norm-Mallows_35;0.062;0.33556
Norm-Mallows_36;1.33237;0.51382
Norm-Mallows_37;3.62112;0.43059
Norm-Mallows_38;0.44709;0.43966
Norm-Mallows_39;0.33142;0.38814
Norm-Mallows_40;4.4106;0.71903
Norm-Mallows_41;1.05909;0.32608
Norm-Mallows_42;2.95173;0.75072
Norm-Mallows_43;3.30298;0.55299
Norm-Mallows_44;-0.02298;0.45157
Norm-Mallows_45;-0.09933;0.6422
Norm-Mallows_46;1.53772;0.48685
Norm-Mallows_47;3.58003;0.58831
Norm-Mallows_48;1.93638;0.31233
Norm-Mallows_49;1.66202;0.30257
Norm-Mallows_50;2.33337;0.57077
Norm-Mallows_51;0.16577;0.40717
Norm-Mallows_52;1.82453;0.10397
Norm-Mallows_53;1.11862;0.2445
Norm-Mallows_54;1.32975;-0.1424
Norm-Mallows_55;0.0309;0.64827
Norm-Mallows_56;1.04426;0.43174
Norm-Mallows_57;2.72784;0.46691
Norm-Mallows_58;3.49341;0.85675
Norm-Mallows_59;1.94155;0.3869
Norm-Mallows_60;-0.11427;0.69053
Norm-Mallows_61;0.22687;0.44872
Norm-Mallows_62;3.14201;0.61662
Norm-Mallows_63;-0.23217;0.5695
Norm-Mallows_64;3.94876;0.72915
Norm-Mallows_65;0.29399;0.84626
Norm-Mallows_66;2.72753;0.54102
Norm-Mallows_67;2.79002;0.24377
Norm-Mallows_68;3.01803;0.58526
Norm-Mallows_69;2.59653;0.83122
Norm-Mallows_70;2.70615;0.67364
Norm-Mallows_71;2.65181;0.35114
Norm-Mallows_72;0.20971;0.39297
Norm-Mallows_73;3.59607;0.66098
Norm-Mallows_74;3.89995;0.6942
Norm-Mallows_75;1.39556;0.00653
Norm-Mallows_76;2.46388;0.45381
Norm-Mallows_77;2.94127;0.15137
Norm-Mallows_78;3.99307;0.57251
Norm-Mallows_79;-0.4411;0.57366
ANID_0;4.33684;0.87581
ANID_1;4.20977;1.03809
ANID_2;4.03474;1.19053
ANID_3;3.82667;1.32103
ANID_4;3.64115;1.45165
ANID_5;3.43347;1.57038
ANID_6;3.22;1.67459
ANID_7;3.00467;1.77581
ANID_8;2.78886;1.84423
ANID_9;2.58722;1.91983
ANID_10;2.38369;2.0087
ANID_11;2.16794;2.09262
ANID_12;1.95033;2.17654
ANID_13;1.73227;2.25685
ANID_14;1.50189;2.31517
ANID_15;1.29577;2.36021
ANID_16;1.0906;2.40383
ANID_17;0.89015;2.44311
ANID_18;0.70183;2.48643
ANID_19;0.52608;2.53983
STID_0;4.37758;0.65231
STID_1;4.30099;0.58345
STID_2;4.21106;0.52334
STID_3;4.12522;0.46312
STID_4;4.05533;0.38072
STID_5;3.98055;0.29951
STID_6;3.90316;0.22024
STID_7;3.82316;0.1446
STID_8;3.74305;0.07093
STID_9;3.66684;-0.0046
STID_10;3.59648;-0.08386
STID_11;3.53148;-0.1664
STID_12;3.47471;-0.25365
STID_13;3.42174;-0.34297
STID_14;3.36862;-0.43189
STID_15;3.31467;-0.51959
STID_16;3.26199;-0.6069
STID_17;3.21098;-0.69416
STID_18;3.16188;-0.78154
STID_19;3.1156;-0.8698
ANUN_0;-0.62203;0.81837
ANUN_1;-0.57782;0.8979
ANUN_2;-0.5432;0.9744
ANUN_3;-0.51628;1.05781
ANUN_4;-0.4847;1.14793
ANUN_5;-0.44955;1.24357
ANUN_6;-0.41382;1.33818
ANUN_7;-0.394;1.43304
ANUN_8;-0.36299;1.53225
ANUN_9;-0.31949;1.62816
ANUN_10;-0.27428;1.72577
ANUN_11;-0.22421;1.82915
ANUN_12;-0.16063;1.92872
ANUN_13;-0.0924;2.02301
ANUN_14;-0.02189;2.11179
ANUN_15;0.05224;2.19271
ANUN_16;0.13715;2.26759
ANUN_17;0.19511;2.35657
ANUN_18;0.24591;2.44012
ANUN_19;0.29837;2.52059
STUN_0;-0.51592;0.62925
STUN_1;-0.35483;0.52911
STUN_2;-0.19199;0.40716
STUN_3;-0.03419;0.29697
STUN_4;0.12892;0.18799
STUN_5;0.276;0.08346
STUN_6;0.43951;-0.02015
STUN_7;0.63807;-0.11706
STUN_8;0.81869;-0.2153
STUN_9;1.01631;-0.30189
STUN_10;1.21024;-0.41229
STUN_11;1.41231;-0.50603
STUN_12;1.61179;-0.60308
STUN_13;1.81729;-0.66599
STUN_14;2.022;-0.70007
STUN_15;2.21397;-0.72672
STUN_16;2.3876;-0.77157
STUN_17;2.55019;-0.83266
STUN_18;2.71544;-0.89324
STUN_19;2.88792;-0.94789
