size;num_candidates;num_voters;culture_id;params;color;alpha;family_id;marker;path;label
1;100;100;identity;{};blue;1;ID;x;{};ID
1;100;100;uniformity;{};black;1;UN;x;{};UN
1;100;100;antagonism;{};red;1;AN;x;{};AN
1;100;100;stratification;{};green;1;ST;x;{};ST
20;100;100;impartial_culture;{};black;0.9;Impartial Culture;o;{};Impartial Culture
20;100;100;conitzer;{};saddlebrown;0.6;SP by Conitzer;o;{};SP by Conitzer
20;100;100;walsh;{};olive;0.8;SP by Walsh;o;{};SP by Walsh
20;100;100;spoc_conitzer;{};maroon;0.9;SPOC;o;{};SPOC
20;100;100;single-crossing;{};turquoise;0.9;Single-Crossing;o;{};Single-Crossing
20;100;100;euclidean;{'dim': 1, 'space': 'uniform'};DarkGreen;0.9;1D Uniform;o;{};1D Uniform
20;100;100;euclidean;{'dim': 2, 'space': 'uniform'};Green;0.9;2D Uniform;o;{};2D Uniform
20;100;100;euclidean;{'dim': 3, 'space': 'uniform'};Green;0.6;3D Uniform;o;{};3D Uniform
20;100;100;euclidean;{'dim': 5, 'space': 'uniform'};LimeGreen;0.6;5D Uniform;o;{};5D Uniform
20;100;100;euclidean;{'dim': 10, 'space': 'uniform'};SeaGreen;0.6;10D Uniform;o;{};10D Uniform
20;100;100;euclidean;{'dim': 20, 'space': 'uniform'};SeaGreen;0.9;20D Uniform;o;{};20D Uniform
20;100;100;euclidean;{'dim': 2, 'space': 'sphere'};black;0.2;2D Sphere;o;{};2D Sphere
20;100;100;euclidean;{'dim': 3, 'space': 'sphere'};black;0.4;3D Sphere;o;{};3D Sphere
20;100;100;euclidean;{'dim': 5, 'space': 'sphere'};black;0.6;5D Sphere;o;{};5D Sphere
20;100;100;group-separable;{'tree': 'balanced'};hotpink;0.8;GS Balanced;o;{};GS Balanced
20;100;100;group-separable;{'tree': 'caterpillar'};purple;0.8;GS Caterpillar;o;{};GS Caterpillar
80;100;100;urn_model;{};red;1;Urn;o;{};Urn
80;100;100;norm-mallows;{};blue;1;Norm-Mallows;o;{};Norm-Mallows
20;100;100;anid;{};black;1;ANID;3;{'variable': 'alpha'};ANID
20;100;100;stid;{};black;1;STID;3;{'variable': 'alpha'};STID
20;100;100;anun;{};black;1;ANUN;3;{'variable': 'alpha'};ANUN
20;100;100;stun;{};black;1;STUN;3;{'variable': 'alpha'};STUN
