instance_id;x;y
ID;1.76456;0.15433
UN;0.08735;0.15433
AN;0.69525;0.84976
ST;1.16447;-0.62022
Impartial Culture_0;0.28777;0.11485
Impartial Culture_1;0.32999;0.25278
Impartial Culture_2;0.31059;0.20073
Impartial Culture_3;0.25828;0.12838
Impartial Culture_4;0.29472;0.08716
Impartial Culture_5;0.2795;0.20062
Impartial Culture_6;0.32865;0.18069
Impartial Culture_7;0.33722;0.08207
Impartial Culture_8;0.35474;0.25715
Impartial Culture_9;0.36023;0.1088
Impartial Culture_10;0.32357;0.12474
Impartial Culture_11;0.3426;0.14141
Impartial Culture_12;0.28418;0.14268
Impartial Culture_13;0.35739;0.16844
Impartial Culture_14;0.31738;0.10022
Impartial Culture_15;0.25252;0.1656
Impartial Culture_16;0.3746;0.14476
Impartial Culture_17;0.36063;0.19792
Impartial Culture_18;0.28699;0.17385
Impartial Culture_19;0.30981;0.15572
SP by Conitzer_0;0.64306;-0.20995
SP by Conitzer_1;0.68978;-0.28747
SP by Conitzer_2;0.65011;-0.30448
SP by Conitzer_3;0.59449;-0.19835
SP by Conitzer_4;0.64523;-0.25734
SP by Conitzer_5;0.67867;-0.2581
SP by Conitzer_6;0.5353;-0.26647
SP by Conitzer_7;0.75023;-0.3143
SP by Conitzer_8;0.55573;-0.22954
SP by Conitzer_9;0.73185;-0.27853
SP by Conitzer_10;0.59505;-0.29062
SP by Conitzer_11;0.5157;-0.223
SP by Conitzer_12;0.84959;-0.28298
SP by Conitzer_13;0.80119;-0.29375
SP by Conitzer_14;0.516;-0.29734
SP by Conitzer_15;0.82195;-0.25606
SP by Conitzer_16;0.56477;-0.28804
SP by Conitzer_17;0.49087;-0.24557
SP by Conitzer_18;0.61531;-0.23664
SP by Conitzer_19;0.47226;-0.21009
SP by Walsh_0;1.6396;-0.23777
SP by Walsh_1;1.67022;-0.205
SP by Walsh_2;1.71791;-0.12954
SP by Walsh_3;1.71976;-0.09042
SP by Walsh_4;1.64013;-0.15325
SP by Walsh_5;1.66185;-0.12502
SP by Walsh_6;1.64318;-0.09003
SP by Walsh_7;1.70365;-0.18222
SP by Walsh_8;1.62572;-0.12294
SP by Walsh_9;1.68764;-0.10855
SP by Walsh_10;1.70417;-0.21777
SP by Walsh_11;1.67575;-0.23737
SP by Walsh_12;1.74604;-0.1257
SP by Walsh_13;1.72979;-0.19095
SP by Walsh_14;1.67745;-0.08106
SP by Walsh_15;1.63852;-0.20037
SP by Walsh_16;1.66713;-0.17135
SP by Walsh_17;1.74109;-0.16142
SP by Walsh_18;1.61628;-0.17219
SP by Walsh_19;1.6964;-0.14942
SPOC_0;0.1756;0.14458
SPOC_1;0.51583;0.18644
SPOC_2;0.26998;0.239
SPOC_3;0.30651;0.28774
SPOC_4;0.44668;0.05737
SPOC_5;0.13797;0.09432
SPOC_6;0.18977;0.24708
SPOC_7;0.47398;0.30599
SPOC_8;0.23163;0.12915
SPOC_9;0.13763;0.15269
SPOC_10;0.42243;0.17177
SPOC_11;0.372;0.04431
SPOC_12;0.42906;0.33256
SPOC_13;0.21202;0.27366
SPOC_14;0.18412;0.2151
SPOC_15;0.21881;0.09047
SPOC_16;0.25399;0.21063
SPOC_17;0.20512;0.13564
SPOC_18;0.21253;0.22616
SPOC_19;0.243;0.09658
Single-Crossing_0;1.14814;0.20846
Single-Crossing_1;1.29292;0.16508
Single-Crossing_2;1.18675;0.30426
Single-Crossing_3;1.20782;0.01847
Single-Crossing_4;1.18651;0.06526
Single-Crossing_5;1.17933;0.25092
Single-Crossing_6;1.25814;0.20501
Single-Crossing_7;1.26349;0.04414
Single-Crossing_8;1.25411;0.13663
Single-Crossing_9;1.1167;0.32394
Single-Crossing_10;1.20095;0.20454
Single-Crossing_11;1.27485;-0.00101
Single-Crossing_12;1.15097;0.16288
Single-Crossing_13;1.21792;0.15538
Single-Crossing_14;1.30628;0.08842
Single-Crossing_15;1.24831;0.0879
Single-Crossing_16;1.23706;0.25019
Single-Crossing_17;1.13776;0.28743
Single-Crossing_18;1.18336;0.11773
Single-Crossing_19;1.11876;0.25405
1D Uniform_0;0.70199;-0.34598
1D Uniform_1;0.58313;-0.24751
1D Uniform_2;0.66171;-0.33316
1D Uniform_3;0.78114;-0.23185
1D Uniform_4;0.71262;-0.23653
1D Uniform_5;0.59044;-0.35629
1D Uniform_6;0.70831;-0.31155
1D Uniform_7;0.4195;-0.24146
1D Uniform_8;0.84788;-0.218
1D Uniform_9;0.77064;-0.28193
1D Uniform_10;0.69062;-0.21596
1D Uniform_11;0.48399;-0.28977
1D Uniform_12;0.52521;-0.32807
1D Uniform_13;0.74232;-0.23494
1D Uniform_14;0.64959;-0.37437
1D Uniform_15;0.45204;-0.28571
1D Uniform_16;0.61573;-0.34393
1D Uniform_17;0.92923;-0.22369
1D Uniform_18;0.87225;-0.24741
1D Uniform_19;0.56555;-0.32736
2D Uniform_0;0.67205;-0.13777
2D Uniform_1;0.81003;-0.09394
2D Uniform_2;0.7939;-0.13988
2D Uniform_3;0.88881;-0.12412
2D Uniform_4;0.6406;-0.08032
2D Uniform_5;0.75178;-0.08629
2D Uniform_6;0.76568;-0.12817
2D Uniform_7;0.67269;-0.0465
2D Uniform_8;0.73128;-0.15747
2D Uniform_9;0.81823;-0.16495
2D Uniform_10;0.92038;-0.09686
2D Uniform_11;0.68242;-0.07986
2D Uniform_12;0.71885;-0.09374
2D Uniform_13;0.71611;-0.05793
2D Uniform_14;0.86079;-0.14121
2D Uniform_15;0.82354;-0.12946
2D Uniform_16;0.8412;-0.08268
2D Uniform_17;0.60057;-0.09738
2D Uniform_18;0.6577;-0.106
2D Uniform_19;0.70849;-0.12623
3D Uniform_0;0.67919;0.00589
3D Uniform_1;0.78478;0.01448
3D Uniform_2;0.86642;0.1047
3D Uniform_3;0.70098;-0.0124
3D Uniform_4;0.64792;0.02402
3D Uniform_5;0.93619;-0.01748
3D Uniform_6;0.80606;-0.02528
3D Uniform_7;0.81528;0.02496
3D Uniform_8;0.7865;-0.06022
3D Uniform_9;0.71229;0.02747
3D Uniform_10;0.72275;0.05709
3D Uniform_11;0.89932;-0.02261
3D Uniform_12;0.77124;-0.0364
3D Uniform_13;0.739;-0.02889
3D Uniform_14;0.74962;0.02862
3D Uniform_15;0.86458;-0.00814
3D Uniform_16;0.87041;-0.0529
3D Uniform_17;0.83323;-0.00181
3D Uniform_18;0.7568;-0.0015
3D Uniform_19;0.83817;-0.04326
5D Uniform_0;0.92614;0.05874
5D Uniform_1;0.83311;0.14805
5D Uniform_2;0.80367;0.09799
5D Uniform_3;0.90932;0.10172
5D Uniform_4;0.78607;0.16156
5D Uniform_5;0.85571;0.07878
5D Uniform_6;0.83349;0.18027
5D Uniform_7;0.96367;0.06169
5D Uniform_8;0.83312;0.06352
5D Uniform_9;0.86238;0.03737
5D Uniform_10;0.9119;0.02612
5D Uniform_11;0.93641;0.12031
5D Uniform_12;0.78873;0.06785
5D Uniform_13;0.8856;0.0672
5D Uniform_14;0.78352;0.11703
5D Uniform_15;0.76071;0.08053
5D Uniform_16;0.86378;0.15128
5D Uniform_17;0.92486;0.15786
5D Uniform_18;0.88588;0.17735
5D Uniform_19;0.89944;0.1417
10D Uniform_0;0.73718;0.22138
10D Uniform_1;0.84659;0.26285
10D Uniform_2;0.85981;0.22388
10D Uniform_3;0.79824;0.20561
10D Uniform_4;0.73781;0.17216
10D Uniform_5;0.81142;0.25069
10D Uniform_6;0.92425;0.20087
10D Uniform_7;0.83134;0.22534
10D Uniform_8;0.76028;0.26755
10D Uniform_9;0.83701;0.12426
10D Uniform_10;0.76285;0.14555
10D Uniform_11;0.68417;0.11206
10D Uniform_12;0.76809;0.20609
10D Uniform_13;0.78167;0.3309
10D Uniform_14;0.85649;0.29566
10D Uniform_15;0.80131;0.27835
10D Uniform_16;0.77355;0.24041
10D Uniform_17;0.73138;0.10467
10D Uniform_18;0.71855;0.135
10D Uniform_19;0.88806;0.26192
20D Uniform_0;0.71693;0.27075
20D Uniform_1;0.66176;0.26769
20D Uniform_2;0.67684;0.19901
20D Uniform_3;0.65788;0.2995
20D Uniform_4;0.62538;0.28823
20D Uniform_5;0.70045;0.22248
20D Uniform_6;0.69865;0.3011
20D Uniform_7;0.6889;0.15671
20D Uniform_8;0.63458;0.18748
20D Uniform_9;0.6431;0.23063
20D Uniform_10;0.63258;0.10566
20D Uniform_11;0.62055;0.14087
20D Uniform_12;0.7254;0.35321
20D Uniform_13;0.73855;0.31186
20D Uniform_14;0.77122;0.29973
20D Uniform_15;0.70845;0.19094
20D Uniform_16;0.66666;0.33386
20D Uniform_17;0.68072;0.08236
20D Uniform_18;0.65327;0.15138
20D Uniform_19;0.68793;0.25028
2D Sphere_0;0.15456;0.1762
2D Sphere_1;0.19073;0.32697
2D Sphere_2;0.4944;0.22275
2D Sphere_3;0.24077;0.25152
2D Sphere_4;0.28695;0.30669
2D Sphere_5;0.3896;0.3677
2D Sphere_6;0.23661;0.0352
2D Sphere_7;0.34251;0.03849
2D Sphere_8;0.33139;0.37846
2D Sphere_9;0.20973;0.35933
2D Sphere_10;0.12832;0.19206
2D Sphere_11;0.31498;0.2299
2D Sphere_12;0.4521;0.19198
2D Sphere_13;0.43981;0.36654
2D Sphere_14;0.37929;0.00383
2D Sphere_15;0.33951;0.0095
2D Sphere_16;0.14514;0.11953
2D Sphere_17;0.4704;0.35121
2D Sphere_18;0.26114;0.30914
2D Sphere_19;0.44363;0.01814
3D Sphere_0;0.20323;0.06685
3D Sphere_1;0.26193;0.34866
3D Sphere_2;0.48062;0.0812
3D Sphere_3;0.31653;0.0516
3D Sphere_4;0.48542;0.16385
3D Sphere_5;0.39259;0.11126
3D Sphere_6;0.17203;0.08011
3D Sphere_7;0.30558;0.0197
3D Sphere_8;0.34338;0.22252
3D Sphere_9;0.44528;0.21977
3D Sphere_10;0.30059;0.35985
3D Sphere_11;0.48016;0.27026
3D Sphere_12;0.4892;0.12353
3D Sphere_13;0.45023;0.27806
3D Sphere_14;0.24588;0.28365
3D Sphere_15;0.18367;0.29044
3D Sphere_16;0.22263;0.31843
3D Sphere_17;0.18589;0.1882
3D Sphere_18;0.38664;0.33498
3D Sphere_19;0.18376;0.1097
5D Sphere_0;0.37452;0.07512
5D Sphere_1;0.3613;0.34888
5D Sphere_2;0.35095;0.31759
5D Sphere_3;0.29235;0.3316
5D Sphere_4;0.23011;0.1947
5D Sphere_5;0.40882;0.08758
5D Sphere_6;0.41194;0.04973
5D Sphere_7;0.4193;0.22442
5D Sphere_8;0.43521;0.3086
5D Sphere_9;0.39862;0.27705
5D Sphere_10;0.33451;0.29411
5D Sphere_11;0.3269;0.32777
5D Sphere_12;0.3951;0.30459
5D Sphere_13;0.27723;0.02779
5D Sphere_14;0.27756;0.27489
5D Sphere_15;0.29118;0.0592
5D Sphere_16;0.20808;0.16986
5D Sphere_17;0.26241;0.06726
5D Sphere_18;0.43796;0.10981
5D Sphere_19;0.4252;0.26569
GS Balanced_0;0.25487;0.39625
GS Balanced_1;0.21202;-0.0166
GS Balanced_2;0.14764;0.03604
GS Balanced_3;0.20717;-0.05452
GS Balanced_4;0.34004;-0.11623
GS Balanced_5;0.27459;-0.03981
GS Balanced_6;0.30593;0.41578
GS Balanced_7;0.41776;0.42353
GS Balanced_8;0.16665;0.00969
GS Balanced_9;0.36293;0.4641
GS Balanced_10;0.36432;-0.1018
GS Balanced_11;0.41491;-0.13051
GS Balanced_12;0.17609;-0.02766
GS Balanced_13;0.24588;-0.03443
GS Balanced_14;0.28739;-0.06973
GS Balanced_15;0.33992;0.42071
GS Balanced_16;0.37634;0.41313
GS Balanced_17;0.27093;-0.10838
GS Balanced_18;0.32285;-0.07593
GS Balanced_19;0.2449;-0.07183
GS Caterpillar_0;0.79233;0.63514
GS Caterpillar_1;0.74462;0.79177
GS Caterpillar_2;0.74719;0.69047
GS Caterpillar_3;0.6654;0.72538
GS Caterpillar_4;0.79746;0.76836
GS Caterpillar_5;0.74454;0.64784
GS Caterpillar_6;0.73723;0.75031
GS Caterpillar_7;0.85673;0.70613
GS Caterpillar_8;0.84047;0.7413
GS Caterpillar_9;0.80975;0.7103
GS Caterpillar_10;0.64227;0.67859
GS Caterpillar_11;0.68938;0.76093
GS Caterpillar_12;0.71322;0.72103
GS Caterpillar_13;0.87787;0.66014
GS Caterpillar_14;0.67769;0.68911
GS Caterpillar_15;0.77483;0.73416
GS Caterpillar_16;0.63452;0.74709
GS Caterpillar_17;0.8378;0.65559
GS Caterpillar_18;0.797;0.67642
GS Caterpillar_19;0.7017;0.66143
Urn_0;1.83283;0.23006
Urn_1;0.58754;-0.04919
Urn_2;0.75146;0.46683
Urn_3;1.50165;0.33243
Urn_4;0.85979;0.44349
Urn_5;1.24018;0.47963
Urn_6;0.57028;0.39756
Urn_7;1.55706;0.3781
Urn_8;1.38602;0.43906
Urn_9;1.09517;0.38497
Urn_10;0.6313;0.4337
Urn_11;0.51815;0.01938
Urn_12;0.68515;0.41563
Urn_13;0.54413;-0.04916
Urn_14;1.81484;0.25997
Urn_15;1.58753;0.2445
Urn_16;0.5292;0.38759
Urn_17;1.16989;0.49502
Urn_18;1.4444;0.30277
Urn_19;0.99876;0.52935
Urn_20;0.63183;0.37896
Urn_21;0.36447;0.28871
Urn_22;0.98886;0.45373
Urn_23;1.68206;0.25831
Urn_24;0.50599;-0.01626
Urn_25;0.71933;0.4503
Urn_26;1.0761;-0.05723
Urn_27;0.884;0.40783
Urn_28;1.2816;0.39734
Urn_29;1.37948;0.22622
Urn_30;0.98917;-0.08061
Urn_31;0.50343;0.39764
Urn_32;1.38676;0.36834
Urn_33;1.76976;0.15303
Urn_34;0.48617;0.03828
Urn_35;1.03102;0.39537
Urn_36;0.7879;0.42358
Urn_37;1.71422;0.29806
Urn_38;1.47841;0.42869
Urn_39;0.84029;0.48182
Urn_40;1.054;0.35005
Urn_41;1.81656;0.18105
Urn_42;1.23338;0.40993
Urn_43;1.19932;-0.23804
Urn_44;1.56082;0.28831
Urn_45;1.03347;-0.20576
Urn_46;0.81958;0.40097
Urn_47;0.54468;-0.09709
Urn_48;1.50868;0.23326
Urn_49;1.10387;-0.36649
Urn_50;1.04596;0.51566
Urn_51;0.48097;-0.04311
Urn_52;1.22339;0.55802
Urn_53;1.78704;0.22391
Urn_54;0.61247;0.40627
Urn_55;0.80149;0.46493
Urn_56;1.10496;0.50789
Urn_57;1.18928;-0.33807
Urn_58;1.76874;0.15514
Urn_59;1.60654;0.30386
Urn_60;0.52095;0.07811
Urn_61;1.76753;0.14955
Urn_62;0.93411;0.37541
Urn_63;1.34711;0.34131
Urn_64;1.66574;0.32301
Urn_65;0.42843;-0.01062
Urn_66;1.36525;0.2865
Urn_67;0.55107;0.04505
Urn_68;1.12009;0.44103
Urn_69;1.02325;-0.13789
Urn_70;0.97992;0.40065
Urn_71;0.44578;0.14727
Urn_72;0.91;0.44675
Urn_73;1.08326;0.46292
Urn_74;1.18183;0.432
Urn_75;1.30098;0.45626
Urn_76;1.85889;0.20597
Urn_77;1.02928;-0.27854
Urn_78;1.24844;-0.27615
Urn_79;0.59512;-0.00991
Norm-Mallows_0;0.71065;0.32979
Norm-Mallows_1;0.92431;0.28594
Norm-Mallows_2;1.3487;-0.24613
Norm-Mallows_3;1.03316;0.09781
Norm-Mallows_4;1.09481;-0.02574
Norm-Mallows_5;1.77668;-0.02132
Norm-Mallows_6;0.39159;0.18164
Norm-Mallows_7;1.33899;-0.13121
Norm-Mallows_8;1.04033;0.16891
Norm-Mallows_9;1.67629;0.00262
Norm-Mallows_10;1.00327;0.18428
Norm-Mallows_11;1.15903;-0.13512
Norm-Mallows_12;1.12285;-0.15981
Norm-Mallows_13;1.3093;-0.27999
Norm-Mallows_14;0.57131;0.10294
Norm-Mallows_15;1.8101;-0.05374
Norm-Mallows_16;0.53302;0.24375
Norm-Mallows_17;1.82413;0.0186
Norm-Mallows_18;0.53781;0.28483
Norm-Mallows_19;1.28598;-0.14346
Norm-Mallows_20;1.12965;-0.21186
Norm-Mallows_21;0.62939;0.06547
Norm-Mallows_22;0.60357;0.23092
Norm-Mallows_23;1.85345;0.05016
Norm-Mallows_24;1.12648;-0.09926
Norm-Mallows_25;1.83709;-0.0175
Norm-Mallows_26;1.86811;0.10557
Norm-Mallows_27;0.38189;0.21777
Norm-Mallows_28;1.09323;0.07639
Norm-Mallows_29;1.33911;-0.196
Norm-Mallows_30;1.47717;-0.18952
Norm-Mallows_31;1.47224;-0.05481
Norm-Mallows_32;0.46031;0.2395
Norm-Mallows_33;0.57312;0.27741
Norm-Mallows_34;0.88659;0.22715
Norm-Mallows_35;0.37897;0.24615
Norm-Mallows_36;1.23179;-0.17459
Norm-Mallows_37;1.63588;-0.03379
Norm-Mallows_38;1.58289;-0.23715
Norm-Mallows_39;0.93218;0.24733
Norm-Mallows_40;0.52894;0.13426
Norm-Mallows_41;1.53388;-0.06726
Norm-Mallows_42;1.78652;0.01798
Norm-Mallows_43;1.08387;-0.2232
Norm-Mallows_44;1.50113;-0.27115
Norm-Mallows_45;1.57849;-0.05095
Norm-Mallows_46;1.23298;-0.22337
Norm-Mallows_47;1.27159;-0.32107
Norm-Mallows_48;1.03312;0.13352
Norm-Mallows_49;1.36203;-0.30718
Norm-Mallows_50;1.04514;0.01453
Norm-Mallows_51;1.43319;-0.15365
Norm-Mallows_52;0.56222;0.20647
Norm-Mallows_53;1.51679;-0.11942
Norm-Mallows_54;0.29948;0.25072
Norm-Mallows_55;0.81628;0.31579
Norm-Mallows_56;1.7149;0.01284
Norm-Mallows_57;1.48321;-0.23643
Norm-Mallows_58;1.36481;-0.07269
Norm-Mallows_59;1.03826;0.05474
Norm-Mallows_60;1.14631;-0.27393
Norm-Mallows_61;1.10571;0.0199
Norm-Mallows_62;1.01465;0.2241
Norm-Mallows_63;1.47906;-0.10931
Norm-Mallows_64;1.75344;0.03497
Norm-Mallows_65;1.63597;-0.00065
Norm-Mallows_66;1.77511;-0.06907
Norm-Mallows_67;0.56887;0.15967
Norm-Mallows_68;1.5477;-0.25986
Norm-Mallows_69;1.0812;-0.16003
Norm-Mallows_70;1.83981;0.09836
Norm-Mallows_71;1.1755;-0.0412
Norm-Mallows_72;1.54077;-0.15316
Norm-Mallows_73;1.02369;-0.02848
Norm-Mallows_74;0.41369;0.13848
Norm-Mallows_75;1.414;-0.28148
Norm-Mallows_76;1.17515;-0.08592
Norm-Mallows_77;1.24485;-0.08834
Norm-Mallows_78;1.4176;-0.22581
Norm-Mallows_79;1.72041;-0.0292
ANID_0;1.78251;0.27802
ANID_1;1.75457;0.33537
ANID_2;1.69812;0.38184
ANID_3;1.64434;0.41679
ANID_4;1.59502;0.45512
ANID_5;1.54364;0.48971
ANID_6;1.49092;0.5218
ANID_7;1.4381;0.54964
ANID_8;1.38586;0.57723
ANID_9;1.33304;0.60453
ANID_10;1.27851;0.63309
ANID_11;1.22157;0.65532
ANID_12;1.16752;0.66945
ANID_13;1.11729;0.68272
ANID_14;1.06991;0.69664
ANID_15;1.02367;0.70453
ANID_16;0.97958;0.71959
ANID_17;0.93884;0.7497
ANID_18;0.8887;0.7883
ANID_19;0.80407;0.82993
STID_0;1.85041;0.15576
STID_1;1.78352;0.10222
STID_2;1.69769;0.13846
STID_3;1.65436;0.1561
STID_4;1.62108;0.11429
STID_5;1.58101;0.0777
STID_6;1.54567;0.01529
STID_7;1.52996;-0.18566
STID_8;1.53049;-0.31144
STID_9;1.48818;-0.34432
STID_10;1.44142;-0.35556
STID_11;1.426;-0.39888
STID_12;1.38461;-0.41249
STID_13;1.33928;-0.42029
STID_14;1.34142;-0.46815
STID_15;1.28411;-0.46342
STID_16;1.289;-0.51214
STID_17;1.23239;-0.51073
STID_18;1.23322;-0.5585
STID_19;1.1853;-0.57337
ANUN_0;0.1289;0.30535
ANUN_1;0.14331;0.28563
ANUN_2;0.12758;0.2661
ANUN_3;0.11083;0.25095
ANUN_4;0.18513;0.39094
ANUN_5;0.23282;0.44261
ANUN_6;0.27594;0.4819
ANUN_7;0.31643;0.51518
ANUN_8;0.35572;0.54242
ANUN_9;0.40428;0.55521
ANUN_10;0.40586;0.59275
ANUN_11;0.46881;0.59527
ANUN_12;0.43835;0.6378
ANUN_13;0.50998;0.63839
ANUN_14;0.47585;0.68204
ANUN_15;0.54083;0.68705
ANUN_16;0.50925;0.73127
ANUN_17;0.55223;0.7523
ANUN_18;0.57877;0.7905
ANUN_19;0.62906;0.82197
STUN_0;0.14181;0.21715
STUN_1;0.21363;0.0349
STUN_2;0.32516;-0.024
STUN_3;0.38306;-0.04989
STUN_4;0.43389;-0.06219
STUN_5;0.54984;0.34318
STUN_6;0.5954;0.33501
STUN_7;0.50509;-0.13061
STUN_8;0.53657;-0.18035
STUN_9;0.6251;-0.29557
STUN_10;0.76378;-0.3735
STUN_11;0.83764;-0.37414
STUN_12;0.89901;-0.38138
STUN_13;0.89157;-0.4334
STUN_14;0.90297;-0.47872
STUN_15;0.98874;-0.46027
STUN_16;0.97927;-0.5211
STUN_17;1.0597;-0.51109
STUN_18;1.04883;-0.57228
STUN_19;1.10842;-0.58591
