instance_id;x;y
ID;1.96252;0.34832
UN;0.34611;0.34832
AN;1.03792;0.77024
ST;1.46552;-0.69516
Impartial Culture_0;0.42848;0.17563
Impartial Culture_1;0.40173;0.15973
Impartial Culture_2;0.49748;0.14193
Impartial Culture_3;0.50272;0.11293
Impartial Culture_4;0.43147;0.12422
Impartial Culture_5;0.47139;0.21064
Impartial Culture_6;0.44779;0.19616
Impartial Culture_7;0.53835;0.14372
Impartial Culture_8;0.51283;0.16794
Impartial Culture_9;0.40708;0.09421
Impartial Culture_10;0.46948;0.16261
Impartial Culture_11;0.38037;0.11342
Impartial Culture_12;0.37779;0.08494
Impartial Culture_13;0.44387;0.09953
Impartial Culture_14;0.53704;0.11243
Impartial Culture_15;0.43074;0.07334
Impartial Culture_16;0.48338;0.09188
Impartial Culture_17;0.4449;0.14982
Impartial Culture_18;0.51959;0.20211
Impartial Culture_19;0.48954;0.18285
SP by Conitzer_0;0.96012;0.20985
SP by Conitzer_1;0.9006;0.31849
SP by Conitzer_2;1.10081;0.14791
SP by Conitzer_3;1.05526;0.10649
SP by Conitzer_4;0.9747;0.26516
SP by Conitzer_5;1.0559;0.30227
SP by Conitzer_6;0.9569;0.36411
SP by Conitzer_7;0.99347;0.37046
SP by Conitzer_8;0.99104;0.20004
SP by Conitzer_9;1.04682;0.25288
SP by Conitzer_10;1.08169;0.20736
SP by Conitzer_11;1.00168;0.15532
SP by Conitzer_12;1.0094;0.24522
SP by Conitzer_13;1.0112;0.28592
SP by Conitzer_14;1.02703;0.21407
SP by Conitzer_15;1.13929;0.21229
SP by Conitzer_16;1.10461;0.22666
SP by Conitzer_17;1.03035;0.16572
SP by Conitzer_18;1.14439;0.17462
SP by Conitzer_19;1.06228;0.14857
SP by Walsh_0;1.80006;0.00209
SP by Walsh_1;1.80423;0.0353
SP by Walsh_2;1.83974;0.06128
SP by Walsh_3;1.88048;-0.04865
SP by Walsh_4;1.83876;0.01847
SP by Walsh_5;1.92498;-0.02732
SP by Walsh_6;1.87954;0.01467
SP by Walsh_7;1.86911;0.09983
SP by Walsh_8;1.921;0.00707
SP by Walsh_9;1.87024;0.04897
SP by Walsh_10;1.8764;-0.0933
SP by Walsh_11;1.89615;-0.01693
SP by Walsh_12;1.851;-0.04303
SP by Walsh_13;1.85344;-0.01265
SP by Walsh_14;1.81838;-0.06824
SP by Walsh_15;1.81865;-0.02342
SP by Walsh_16;1.84804;-0.07682
SP by Walsh_17;1.90569;0.0411
SP by Walsh_18;1.90492;-0.06707
SP by Walsh_19;1.78783;-0.04664
SPOC_0;0.36672;0.14495
SPOC_1;0.33855;0.24488
SPOC_2;0.3935;0.29393
SPOC_3;0.43409;0.28476
SPOC_4;0.48391;-0.02379
SPOC_5;0.40444;-0.02024
SPOC_6;0.34463;0.03606
SPOC_7;0.4766;-0.08606
SPOC_8;0.71113;0.1675
SPOC_9;0.40638;0.0117
SPOC_10;0.35679;0.26827
SPOC_11;0.36792;0.18151
SPOC_12;0.47241;0.03184
SPOC_13;0.49427;0.21985
SPOC_14;0.37611;0.22284
SPOC_15;0.46034;0.00575
SPOC_16;0.59483;0.21284
SPOC_17;0.6395;0.06597
SPOC_18;0.29439;0.2352
SPOC_19;0.47406;0.32293
Single-Crossing_0;1.10786;-0.48155
Single-Crossing_1;1.18969;-0.48702
Single-Crossing_2;1.22512;-0.46053
Single-Crossing_3;1.18878;-0.41036
Single-Crossing_4;1.26629;-0.45225
Single-Crossing_5;1.33354;-0.4195
Single-Crossing_6;1.25819;-0.28596
Single-Crossing_7;1.25305;-0.53617
Single-Crossing_8;1.27278;-0.49094
Single-Crossing_9;1.20914;-0.53775
Single-Crossing_10;1.15794;-0.50617
Single-Crossing_11;1.24976;-0.41386
Single-Crossing_12;1.29194;-0.40228
Single-Crossing_13;1.16119;-0.55301
Single-Crossing_14;1.27728;-0.23109
Single-Crossing_15;1.34967;-0.46931
Single-Crossing_16;1.32305;-0.35871
Single-Crossing_17;1.20331;-0.36516
Single-Crossing_18;1.29396;-0.30691
Single-Crossing_19;1.16522;-0.45232
1D Uniform_0;1.09488;0.08443
1D Uniform_1;1.17175;0.27102
1D Uniform_2;1.17099;0.1028
1D Uniform_3;1.09927;0.28622
1D Uniform_4;1.11325;0.11971
1D Uniform_5;1.10521;0.31091
1D Uniform_6;1.04279;0.37466
1D Uniform_7;1.12193;0.04886
1D Uniform_8;0.9254;0.23664
1D Uniform_9;1.20473;0.16762
1D Uniform_10;1.13967;0.08943
1D Uniform_11;0.94263;0.42446
1D Uniform_12;1.06869;0.18252
1D Uniform_13;1.08269;0.25909
1D Uniform_14;1.14672;0.1446
1D Uniform_15;0.99714;0.32393
1D Uniform_16;0.95863;0.30736
1D Uniform_17;0.89358;0.36538
1D Uniform_18;0.93368;0.33658
1D Uniform_19;0.92845;0.27247
2D Uniform_0;0.88265;0.02058
2D Uniform_1;1.01805;-0.06319
2D Uniform_2;1.00385;0.00235
2D Uniform_3;0.93145;0.02228
2D Uniform_4;0.96684;-0.02849
2D Uniform_5;0.84564;0.05527
2D Uniform_6;0.94398;0.06755
2D Uniform_7;0.9653;-0.00459
2D Uniform_8;1.08185;-0.08791
2D Uniform_9;1.02002;-0.0188
2D Uniform_10;0.90851;0.05306
2D Uniform_11;0.98659;0.05158
2D Uniform_12;0.90205;0.08449
2D Uniform_13;0.98493;-0.06421
2D Uniform_14;1.06862;-0.20296
2D Uniform_15;1.05009;-0.02326
2D Uniform_16;0.92099;-0.02316
2D Uniform_17;0.878;0.05392
2D Uniform_18;1.05954;-0.06343
2D Uniform_19;1.064;-0.1221
3D Uniform_0;0.92739;-0.18157
3D Uniform_1;1.00081;-0.10504
3D Uniform_2;1.00123;-0.17889
3D Uniform_3;1.02361;-0.28085
3D Uniform_4;0.9481;-0.12767
3D Uniform_5;1.02184;-0.13426
3D Uniform_6;0.97588;-0.28871
3D Uniform_7;0.9717;-0.20184
3D Uniform_8;0.86119;-0.02805
3D Uniform_9;0.85935;-0.08228
3D Uniform_10;1.03884;-0.16736
3D Uniform_11;0.95135;-0.16301
3D Uniform_12;0.98823;-0.14861
3D Uniform_13;1.02236;-0.23128
3D Uniform_14;0.95396;-0.09873
3D Uniform_15;0.86205;-0.21547
3D Uniform_16;1.07376;-0.17512
3D Uniform_17;0.98499;-0.24747
3D Uniform_18;0.91709;-0.13105
3D Uniform_19;0.8323;-0.00656
5D Uniform_0;0.88877;-0.14004
5D Uniform_1;0.89942;-0.28063
5D Uniform_2;0.92561;-0.09067
5D Uniform_3;0.94621;-0.25159
5D Uniform_4;0.80348;-0.20822
5D Uniform_5;0.895;-0.1038
5D Uniform_6;0.82807;-0.25637
5D Uniform_7;0.92975;-0.28356
5D Uniform_8;0.88532;-0.30918
5D Uniform_9;0.86524;-0.3277
5D Uniform_10;0.87016;-0.25623
5D Uniform_11;0.92265;-0.31222
5D Uniform_12;0.89893;-0.18938
5D Uniform_13;0.84574;-0.29646
5D Uniform_14;0.86037;-0.12606
5D Uniform_15;0.99757;-0.22127
5D Uniform_16;0.84764;-0.15205
5D Uniform_17;0.88784;-0.22585
5D Uniform_18;0.88269;-0.06774
5D Uniform_19;0.82852;-0.07134
10D Uniform_0;0.73389;-0.34118
10D Uniform_1;0.73843;-0.30739
10D Uniform_2;0.68127;-0.22569
10D Uniform_3;0.70895;-0.19678
10D Uniform_4;0.7805;-0.30257
10D Uniform_5;0.82893;-0.18372
10D Uniform_6;0.70455;-0.30057
10D Uniform_7;0.82737;-0.2234
10D Uniform_8;0.86379;-0.19493
10D Uniform_9;0.81175;-0.30777
10D Uniform_10;0.79291;-0.11033
10D Uniform_11;0.66012;-0.2055
10D Uniform_12;0.72815;-0.27372
10D Uniform_13;0.77466;-0.34077
10D Uniform_14;0.74617;-0.24609
10D Uniform_15;0.77895;-0.17962
10D Uniform_16;0.82088;-0.33878
10D Uniform_17;0.73603;-0.1637
10D Uniform_18;0.79205;-0.26149
10D Uniform_19;0.91035;-0.2447
20D Uniform_0;0.68452;-0.32925
20D Uniform_1;0.6779;-0.26496
20D Uniform_2;0.77525;-0.00997
20D Uniform_3;0.64308;-0.25409
20D Uniform_4;0.6284;-0.30384
20D Uniform_5;0.70323;-0.2458
20D Uniform_6;0.69198;-0.08634
20D Uniform_7;0.61827;-0.2718
20D Uniform_8;0.59221;-0.21082
20D Uniform_9;0.65669;-0.2899
20D Uniform_10;0.74123;-0.20104
20D Uniform_11;0.75191;-0.08771
20D Uniform_12;0.78589;-0.08208
20D Uniform_13;0.58283;-0.23945
20D Uniform_14;0.78465;-0.04654
20D Uniform_15;0.74885;-0.13138
20D Uniform_16;0.6679;-0.17925
20D Uniform_17;0.74581;-0.03152
20D Uniform_18;0.69555;-0.12719
20D Uniform_19;0.69168;-0.15775
2D Sphere_0;0.40842;0.33987
2D Sphere_1;0.60896;0.26786
2D Sphere_2;0.64039;0.24845
2D Sphere_3;0.67841;0.2202
2D Sphere_4;0.32471;0.09696
2D Sphere_5;0.42215;-0.04752
2D Sphere_6;0.28738;0.16767
2D Sphere_7;0.49753;-0.13321
2D Sphere_8;0.35686;-0.01943
2D Sphere_9;0.65737;0.18564
2D Sphere_10;0.31069;0.15379
2D Sphere_11;0.43286;-0.07724
2D Sphere_12;0.57746;0.29245
2D Sphere_13;0.44663;0.32216
2D Sphere_14;0.30116;0.10957
2D Sphere_15;0.6885;0.09921
2D Sphere_16;0.45064;0.24103
2D Sphere_17;0.71949;0.06107
2D Sphere_18;0.62714;0.03019
2D Sphere_19;0.38822;-0.05493
3D Sphere_0;0.5727;-0.00918
3D Sphere_1;0.54702;0.26881
3D Sphere_2;0.54988;0.21995
3D Sphere_3;0.53724;-0.04468
3D Sphere_4;0.51499;0.25147
3D Sphere_5;0.60123;0.14382
3D Sphere_6;0.44277;0.03944
3D Sphere_7;0.39126;0.05622
3D Sphere_8;0.40555;0.20132
3D Sphere_9;0.5743;0.08443
3D Sphere_10;0.6273;0.13483
3D Sphere_11;0.37641;0.037
3D Sphere_12;0.50756;-0.04667
3D Sphere_13;0.47277;0.27069
3D Sphere_14;0.53499;0.30656
3D Sphere_15;0.42605;0.25774
3D Sphere_16;0.50022;0.00683
3D Sphere_17;0.43482;0.00063
3D Sphere_18;0.33477;0.22097
3D Sphere_19;0.34718;0.07772
5D Sphere_0;0.40502;0.13256
5D Sphere_1;0.58363;0.04272
5D Sphere_2;0.50659;0.04387
5D Sphere_3;0.54461;0.24619
5D Sphere_4;0.61831;0.20028
5D Sphere_5;0.58882;0.24124
5D Sphere_6;0.34219;0.13362
5D Sphere_7;0.41167;0.2349
5D Sphere_8;0.56665;0.19956
5D Sphere_9;0.47161;-0.04841
5D Sphere_10;0.54987;0.0532
5D Sphere_11;0.60913;0.07395
5D Sphere_12;0.61052;0.10428
5D Sphere_13;0.58205;0.16945
5D Sphere_14;0.38201;0.00093
5D Sphere_15;0.44914;-0.02906
5D Sphere_16;0.54455;0.08449
5D Sphere_17;0.627;0.17249
5D Sphere_18;0.64124;0.11041
5D Sphere_19;0.50313;0.28263
GS Balanced_0;0.66956;0.32214
GS Balanced_1;0.57714;0.40088
GS Balanced_2;0.65383;0.3534
GS Balanced_3;0.71369;0.33466
GS Balanced_4;0.57446;0.35439
GS Balanced_5;0.75897;0.27563
GS Balanced_6;0.45648;0.40993
GS Balanced_7;0.70213;0.29279
GS Balanced_8;0.60554;0.36166
GS Balanced_9;0.28406;0.05078
GS Balanced_10;0.30872;-0.0439
GS Balanced_11;0.72232;0.25392
GS Balanced_12;0.31505;-0.01116
GS Balanced_13;0.53236;0.38216
GS Balanced_14;0.62004;0.39384
GS Balanced_15;0.33616;0.19544
GS Balanced_16;0.67995;0.37148
GS Balanced_17;0.34658;-0.09134
GS Balanced_18;0.74122;0.32597
GS Balanced_19;0.40724;-0.16926
GS Caterpillar_0;1.01124;0.56741
GS Caterpillar_1;1.04092;0.55079
GS Caterpillar_2;0.96247;0.63841
GS Caterpillar_3;1.07129;0.52613
GS Caterpillar_4;0.9053;0.64253
GS Caterpillar_5;0.97948;0.669
GS Caterpillar_6;0.96275;0.5469
GS Caterpillar_7;1.12813;0.58907
GS Caterpillar_8;0.92871;0.67501
GS Caterpillar_9;0.89495;0.60471
GS Caterpillar_10;1.07133;0.6549
GS Caterpillar_11;1.07124;0.58644
GS Caterpillar_12;1.04427;0.61833
GS Caterpillar_13;1.13503;0.54389
GS Caterpillar_14;1.09913;0.54742
GS Caterpillar_15;1.00616;0.61393
GS Caterpillar_16;1.02142;0.67087
GS Caterpillar_17;0.96991;0.58772
GS Caterpillar_18;0.93405;0.60063
GS Caterpillar_19;1.10232;0.6254
Urn_0;1.61426;0.31064
Urn_1;0.75057;-0.47693
Urn_2;0.76921;0.15586
Urn_3;0.58653;-0.34626
Urn_4;0.92478;0.17006
Urn_5;1.02215;-0.3923
Urn_6;1.05532;0.04175
Urn_7;1.77241;0.38131
Urn_8;1.96919;0.29267
Urn_9;0.49552;-0.2687
Urn_10;0.8085;-0.48462
Urn_11;1.81329;-0.22834
Urn_12;0.4822;-0.22177
Urn_13;0.54407;0.17458
Urn_14;1.34113;-0.15955
Urn_15;1.47266;0.25682
Urn_16;1.39665;0.18281
Urn_17;0.57525;-0.121
Urn_18;1.326;-0.02303
Urn_19;1.41282;0.07595
Urn_20;1.25371;-0.00518
Urn_21;1.39737;0.30137
Urn_22;0.95284;0.10566
Urn_23;1.36999;-0.22309
Urn_24;0.95916;-0.48804
Urn_25;0.87141;-0.52048
Urn_26;0.73817;-0.44503
Urn_27;1.34685;-0.27072
Urn_28;1.40577;0.01441
Urn_29;1.14882;-0.0333
Urn_30;0.52304;-0.24168
Urn_31;1.25317;-0.13646
Urn_32;1.34562;-0.52759
Urn_33;1.51452;0.31349
Urn_34;1.8384;-0.15141
Urn_35;0.48584;-0.18163
Urn_36;1.9256;0.26318
Urn_37;1.40618;-0.04384
Urn_38;1.20992;-0.0459
Urn_39;1.41587;-0.38908
Urn_40;1.04911;-0.50859
Urn_41;1.48007;0.09633
Urn_42;0.88999;0.13811
Urn_43;1.35882;-0.12099
Urn_44;1.80432;0.40781
Urn_45;1.35049;-0.07651
Urn_46;1.72165;0.38108
Urn_47;0.55044;-0.29147
Urn_48;1.98073;0.17287
Urn_49;0.66128;0.148
Urn_50;1.03003;-0.45017
Urn_51;1.49869;-0.42485
Urn_52;1.50398;-0.31064
Urn_53;1.7361;-0.34658
Urn_54;0.79594;-0.51276
Urn_55;1.18956;-0.09484
Urn_56;1.56222;-0.41385
Urn_57;1.92115;0.37869
Urn_58;1.26495;-0.07114
Urn_59;0.90363;-0.47312
Urn_60;0.62186;-0.3965
Urn_61;1.5523;0.22469
Urn_62;1.17785;-0.1426
Urn_63;1.55347;-0.35758
Urn_64;1.00008;-0.54852
Urn_65;1.84394;0.37449
Urn_66;1.0323;-0.53637
Urn_67;1.34985;0.10916
Urn_68;0.46123;-0.12955
Urn_69;1.82677;0.30584
Urn_70;1.92486;-0.15155
Urn_71;1.23798;-0.1952
Urn_72;1.81863;-0.2853
Urn_73;1.09886;-0.53567
Urn_74;1.30637;0.1563
Urn_75;1.99427;0.03677
Urn_76;0.41872;0.045
Urn_77;1.69303;0.33034
Urn_78;1.88381;0.3034
Urn_79;1.78215;-0.14464
Norm-Mallows_0;1.1703;-0.32099
Norm-Mallows_1;1.644;-0.08897
Norm-Mallows_2;0.81371;-0.40347
Norm-Mallows_3;0.87549;-0.44222
Norm-Mallows_4;0.61923;-0.11703
Norm-Mallows_5;1.98856;0.22527
Norm-Mallows_6;0.71777;-0.10369
Norm-Mallows_7;1.94633;0.17897
Norm-Mallows_8;1.72117;0.10973
Norm-Mallows_9;1.4505;-0.28709
Norm-Mallows_10;1.13484;-0.38604
Norm-Mallows_11;1.97501;0.11794
Norm-Mallows_12;1.68859;0.08073
Norm-Mallows_13;0.46775;0.0676
Norm-Mallows_14;0.96673;-0.39043
Norm-Mallows_15;1.22639;-0.25747
Norm-Mallows_16;1.7571;0.13531
Norm-Mallows_17;0.65862;-0.14099
Norm-Mallows_18;1.2647;-0.36231
Norm-Mallows_19;1.62363;-0.04922
Norm-Mallows_20;0.69898;-0.38387
Norm-Mallows_21;1.39596;-0.31036
Norm-Mallows_22;1.91893;0.15201
Norm-Mallows_23;0.59483;-0.17124
Norm-Mallows_24;0.62476;-0.06537
Norm-Mallows_25;1.7867;0.09077
Norm-Mallows_26;0.46852;0.12362
Norm-Mallows_27;0.76552;-0.23004
Norm-Mallows_28;0.572;-0.05251
Norm-Mallows_29;1.11756;-0.3291
Norm-Mallows_30;0.6061;-0.00399
Norm-Mallows_31;0.52955;-0.00199
Norm-Mallows_32;1.97722;0.32097
Norm-Mallows_33;0.7655;-0.39107
Norm-Mallows_34;0.6191;-0.21285
Norm-Mallows_35;1.72855;0.01082
Norm-Mallows_36;1.09531;-0.43571
Norm-Mallows_37;1.5339;-0.14188
Norm-Mallows_38;0.85061;-0.4121
Norm-Mallows_39;1.52849;-0.27375
Norm-Mallows_40;0.79354;-0.37372
Norm-Mallows_41;1.61637;-0.00685
Norm-Mallows_42;0.75644;-0.28401
Norm-Mallows_43;0.94957;-0.43215
Norm-Mallows_44;0.55265;-0.11381
Norm-Mallows_45;0.54803;0.02219
Norm-Mallows_46;1.95131;0.06051
Norm-Mallows_47;1.74552;0.06835
Norm-Mallows_48;1.60067;-0.14028
Norm-Mallows_49;0.5385;-0.14154
Norm-Mallows_50;1.64635;-0.18514
Norm-Mallows_51;1.01871;-0.36214
Norm-Mallows_52;1.69239;0.03654
Norm-Mallows_53;0.67686;-0.05791
Norm-Mallows_54;1.43555;-0.22023
Norm-Mallows_55;0.56455;-0.19254
Norm-Mallows_56;0.72544;-0.06259
Norm-Mallows_57;0.91188;-0.38707
Norm-Mallows_58;1.42555;-0.35585
Norm-Mallows_59;0.91063;-0.4216
Norm-Mallows_60;1.60685;-0.28727
Norm-Mallows_61;1.69791;-0.07026
Norm-Mallows_62;1.65573;-0.23746
Norm-Mallows_63;0.73441;-0.3849
Norm-Mallows_64;1.2274;-0.32682
Norm-Mallows_65;1.72473;-0.11986
Norm-Mallows_66;1.88393;0.17814
Norm-Mallows_67;0.78676;-0.1531
Norm-Mallows_68;1.56814;-0.19616
Norm-Mallows_69;0.51269;0.07022
Norm-Mallows_70;0.57102;0.11712
Norm-Mallows_71;1.78738;0.12437
Norm-Mallows_72;0.6687;-0.01015
Norm-Mallows_73;1.6015;-0.23669
Norm-Mallows_74;1.07992;-0.38768
Norm-Mallows_75;0.65272;-0.33133
Norm-Mallows_76;1.69772;-0.01972
Norm-Mallows_77;1.71054;-0.17096
Norm-Mallows_78;1.90615;0.0999
Norm-Mallows_79;0.63096;-0.16859
ANID_0;1.90369;0.33949
ANID_1;1.86501;0.26261
ANID_2;1.81108;0.22794
ANID_3;1.95576;-0.06668
ANID_4;1.85252;-0.18994
ANID_5;1.74971;-0.20199
ANID_6;1.58582;0.11458
ANID_7;1.55535;0.1967
ANID_8;1.51717;0.29344
ANID_9;1.48316;0.39694
ANID_10;1.44;0.42393
ANID_11;1.40689;0.45589
ANID_12;1.36953;0.47776
ANID_13;1.3284;0.48652
ANID_14;1.29567;0.51456
ANID_15;1.27267;0.55223
ANID_16;1.23866;0.58272
ANID_17;1.21227;0.62898
ANID_18;1.16956;0.67657
ANID_19;1.10989;0.72589
STID_0;1.88311;0.38092
STID_1;1.81892;0.34385
STID_2;1.79038;0.2906
STID_3;1.74328;0.29102
STID_4;1.73281;0.23866
STID_5;1.68452;0.22383
STID_6;1.66133;0.16369
STID_7;1.63416;0.06364
STID_8;1.67793;-0.12724
STID_9;1.71327;-0.25105
STID_10;1.69499;-0.30911
STID_11;1.6681;-0.35702
STID_12;1.67305;-0.40666
STID_13;1.63684;-0.43795
STID_14;1.62799;-0.48394
STID_15;1.59406;-0.51762
STID_16;1.55078;-0.54395
STID_17;1.55731;-0.58979
STID_18;1.50026;-0.61177
STID_19;1.50923;-0.65663
ANUN_0;0.37303;0.33247
ANUN_1;0.32157;0.29077
ANUN_2;0.35291;0.31695
ANUN_3;0.44258;0.37494
ANUN_4;0.48666;0.40205
ANUN_5;0.51337;0.43477
ANUN_6;0.55246;0.45844
ANUN_7;0.59667;0.47595
ANUN_8;0.65634;0.47734
ANUN_9;0.64201;0.5211
ANUN_10;0.71114;0.50966
ANUN_11;0.75718;0.52603
ANUN_12;0.71456;0.57013
ANUN_13;0.71304;0.61126
ANUN_14;0.7842;0.60443
ANUN_15;0.76551;0.65454
ANUN_16;0.80945;0.67493
ANUN_17;0.84201;0.7115
ANUN_18;0.89835;0.74062
ANUN_19;0.97328;0.75683
STUN_0;0.29278;0.19175
STUN_1;0.31167;0.05411
STUN_2;0.35765;-0.05802
STUN_3;0.41078;-0.11946
STUN_4;0.71436;0.11158
STUN_5;0.76334;0.10682
STUN_6;0.73713;0.01945
STUN_7;0.50664;-0.33296
STUN_8;0.54927;-0.41201
STUN_9;0.61542;-0.47935
STUN_10;0.68351;-0.53727
STUN_11;0.77399;-0.58907
STUN_12;0.86052;-0.62238
STUN_13;0.93713;-0.64982
STUN_14;1.01544;-0.67205
STUN_15;1.09216;-0.68947
STUN_16;1.17427;-0.69793
STUN_17;1.25727;-0.69762
STUN_18;1.33845;-0.68149
STUN_19;1.39482;-0.69948
