instance_id;x;y
ID;1.61865;1.52318
UN;0.04759;1.52318
AN;0.25546;0.551
ST;1.16235;0.58515
Impartial Culture_0;0.19553;1.47854
Impartial Culture_1;0.19572;1.43198
Impartial Culture_2;0.17591;1.34519
Impartial Culture_3;0.22698;1.33434
Impartial Culture_4;0.24665;1.51471
Impartial Culture_5;0.19817;1.32505
Impartial Culture_6;0.14957;1.45614
Impartial Culture_7;0.12202;1.48615
Impartial Culture_8;0.15765;1.42734
Impartial Culture_9;0.27091;1.29161
Impartial Culture_10;0.22263;1.37401
Impartial Culture_11;0.28426;1.36566
Impartial Culture_12;0.21626;1.29722
Impartial Culture_13;0.12193;1.3956
Impartial Culture_14;0.11576;1.3339
Impartial Culture_15;0.24242;1.4128
Impartial Culture_16;0.2271;1.4784
Impartial Culture_17;0.18176;1.40043
Impartial Culture_18;0.13808;1.33673
Impartial Culture_19;0.17698;1.37374
SP by Conitzer_0;0.4361;0.86996
SP by Conitzer_1;0.49202;0.85328
SP by Conitzer_2;0.43467;0.81195
SP by Conitzer_3;0.53045;0.85493
SP by Conitzer_4;0.31681;0.82575
SP by Conitzer_5;0.45118;0.89988
SP by Conitzer_6;0.63151;0.81908
SP by Conitzer_7;0.61958;0.86073
SP by Conitzer_8;0.59572;0.84091
SP by Conitzer_9;0.40156;0.83721
SP by Conitzer_10;0.49827;0.81417
SP by Conitzer_11;0.56018;0.83391
SP by Conitzer_12;0.34061;0.87472
SP by Conitzer_13;0.56481;0.87972
SP by Conitzer_14;0.64934;0.88476
SP by Conitzer_15;0.45049;0.77926
SP by Conitzer_16;0.5514;0.77658
SP by Conitzer_17;0.36543;0.84299
SP by Conitzer_18;0.42575;0.74253
SP by Conitzer_19;0.73346;0.82521
SP by Walsh_0;1.27406;0.88595
SP by Walsh_1;1.41296;0.98114
SP by Walsh_2;1.29616;1.08952
SP by Walsh_3;1.3507;0.91287
SP by Walsh_4;1.38273;0.94443
SP by Walsh_5;1.31486;0.94569
SP by Walsh_6;1.24563;0.98058
SP by Walsh_7;1.35341;0.97216
SP by Walsh_8;1.25147;0.92431
SP by Walsh_9;1.34912;1.01342
SP by Walsh_10;1.32504;1.04134
SP by Walsh_11;1.30357;0.9073
SP by Walsh_12;1.34595;1.07501
SP by Walsh_13;1.27778;1.04935
SP by Walsh_14;1.26853;1.01384
SP by Walsh_15;1.19143;0.90873
SP by Walsh_16;1.22391;0.87443
SP by Walsh_17;1.27379;0.9564
SP by Walsh_18;1.30962;0.9904
SP by Walsh_19;1.39617;1.03296
SPOC_0;0.2744;1.43151
SPOC_1;0.35644;1.44246
SPOC_2;0.2511;1.45215
SPOC_3;0.17795;1.45334
SPOC_4;0.33173;1.42377
SPOC_5;0.08303;1.3939
SPOC_6;0.08584;1.47464
SPOC_7;0.04212;1.36733
SPOC_8;0.12603;1.42974
SPOC_9;0.11758;1.45543
SPOC_10;0.15569;1.48689
SPOC_11;0.35102;1.35605
SPOC_12;0.28554;1.31445
SPOC_13;0.26127;1.39107
SPOC_14;0.32191;1.30067
SPOC_15;0.05066;1.45551
SPOC_16;0.13772;1.36723
SPOC_17;0.09003;1.42818
SPOC_18;0.03579;1.39858
SPOC_19;0.2531;1.3229
Single-Crossing_0;1.02315;1.19031
Single-Crossing_1;0.99635;1.02654
Single-Crossing_2;1.03316;0.85735
Single-Crossing_3;0.99019;1.34796
Single-Crossing_4;0.97996;0.97156
Single-Crossing_5;1.07278;0.9333
Single-Crossing_6;0.9739;0.809
Single-Crossing_7;1.02425;0.94974
Single-Crossing_8;1.04399;1.09614
Single-Crossing_9;1.00042;0.90994
Single-Crossing_10;1.06972;0.87445
Single-Crossing_11;1.05417;0.99348
Single-Crossing_12;0.99618;1.11591
Single-Crossing_13;1.0634;1.04611
Single-Crossing_14;1.06142;1.31856
Single-Crossing_15;0.93799;1.00581
Single-Crossing_16;0.98524;0.8525
Single-Crossing_17;0.93538;0.8855
Single-Crossing_18;0.99168;1.06654
Single-Crossing_19;0.95735;0.92611
1D Uniform_0;0.53887;0.90675
1D Uniform_1;0.49406;0.89205
1D Uniform_2;0.40526;0.7726
1D Uniform_3;0.46115;0.83808
1D Uniform_4;0.5655;0.6971
1D Uniform_5;0.59426;0.79911
1D Uniform_6;0.60558;0.89915
1D Uniform_7;0.53459;0.80848
1D Uniform_8;0.503;0.70546
1D Uniform_9;0.67709;0.75977
1D Uniform_10;0.66426;0.71352
1D Uniform_11;0.63736;0.76942
1D Uniform_12;0.54078;0.72821
1D Uniform_13;0.50398;0.77461
1D Uniform_14;0.66307;0.8527
1D Uniform_15;0.37498;0.79345
1D Uniform_16;0.49063;0.73534
1D Uniform_17;0.67954;0.81334
1D Uniform_18;0.58408;0.76269
1D Uniform_19;0.60516;0.73215
2D Uniform_0;0.44298;1.01129
2D Uniform_1;0.63331;0.99822
2D Uniform_2;0.59739;1.01057
2D Uniform_3;0.50641;0.96991
2D Uniform_4;0.40047;1.03529
2D Uniform_5;0.76383;0.97857
2D Uniform_6;0.5745;0.96934
2D Uniform_7;0.42453;0.95194
2D Uniform_8;0.65457;1.03935
2D Uniform_9;0.68998;1.0733
2D Uniform_10;0.63541;1.43219
2D Uniform_11;0.55893;1.04456
2D Uniform_12;0.77119;1.03041
2D Uniform_13;0.52178;1.05897
2D Uniform_14;0.69582;0.95078
2D Uniform_15;0.54093;1.00963
2D Uniform_16;0.63895;0.94973
2D Uniform_17;0.66589;0.98307
2D Uniform_18;0.38487;0.97937
2D Uniform_19;0.71143;1.001
3D Uniform_0;0.78287;1.12927
3D Uniform_1;0.70064;1.14782
3D Uniform_2;0.72947;1.05225
3D Uniform_3;0.40381;1.11721
3D Uniform_4;0.68455;1.29825
3D Uniform_5;0.59204;1.08484
3D Uniform_6;0.71456;1.09894
3D Uniform_7;0.61582;1.05742
3D Uniform_8;0.69153;1.03435
3D Uniform_9;0.60303;1.44253
3D Uniform_10;0.63803;1.15577
3D Uniform_11;0.74072;1.15659
3D Uniform_12;0.81908;1.0665
3D Uniform_13;0.69586;1.18506
3D Uniform_14;0.55435;1.11155
3D Uniform_15;0.65596;1.09264
3D Uniform_16;0.67135;1.1198
3D Uniform_17;0.74168;1.12037
3D Uniform_18;0.76732;1.08092
3D Uniform_19;0.58404;1.15072
5D Uniform_0;0.77769;1.29325
5D Uniform_1;0.76345;1.22886
5D Uniform_2;0.59773;1.19046
5D Uniform_3;0.6243;1.23391
5D Uniform_4;0.52371;1.10481
5D Uniform_5;0.43704;1.11612
5D Uniform_6;0.73237;1.20531
5D Uniform_7;0.50227;1.14467
5D Uniform_8;0.77756;1.18183
5D Uniform_9;0.73048;1.31416
5D Uniform_10;0.77337;1.32853
5D Uniform_11;0.61431;1.11969
5D Uniform_12;0.80663;1.20764
5D Uniform_13;0.70892;1.24641
5D Uniform_14;0.53797;1.16229
5D Uniform_15;0.62032;1.28917
5D Uniform_16;0.47766;1.06914
5D Uniform_17;0.63408;1.20126
5D Uniform_18;0.65053;1.377
5D Uniform_19;0.85125;1.12138
10D Uniform_0;0.55508;1.19397
10D Uniform_1;0.74683;1.26914
10D Uniform_2;0.62357;1.33128
10D Uniform_3;0.57284;1.43036
10D Uniform_4;0.80961;1.25393
10D Uniform_5;0.62089;1.40659
10D Uniform_6;0.43134;1.18682
10D Uniform_7;0.53127;1.22654
10D Uniform_8;0.39124;1.17302
10D Uniform_9;0.49617;1.19813
10D Uniform_10;0.46855;1.21102
10D Uniform_11;0.65676;1.27402
10D Uniform_12;0.67054;1.2347
10D Uniform_13;0.48745;1.24622
10D Uniform_14;0.60842;1.26165
10D Uniform_15;0.57863;1.47741
10D Uniform_16;0.66195;1.34392
10D Uniform_17;0.73092;1.45995
10D Uniform_18;0.78113;1.40628
10D Uniform_19;0.58978;1.3516
20D Uniform_0;0.4546;1.46864
20D Uniform_1;0.5243;1.26906
20D Uniform_2;0.44031;1.23068
20D Uniform_3;0.55751;1.29816
20D Uniform_4;0.47018;1.17025
20D Uniform_5;0.58764;1.32051
20D Uniform_6;0.57274;1.23496
20D Uniform_7;0.68475;1.41387
20D Uniform_8;0.56031;1.26615
20D Uniform_9;0.49128;1.37409
20D Uniform_10;0.49636;1.29518
20D Uniform_11;0.52033;1.43535
20D Uniform_12;0.46836;1.12768
20D Uniform_13;0.6036;1.37447
20D Uniform_14;0.47487;1.32602
20D Uniform_15;0.55178;1.33365
20D Uniform_16;0.68127;1.46329
20D Uniform_17;0.61983;1.47395
20D Uniform_18;0.54932;1.46878
20D Uniform_19;0.54096;1.36883
2D Sphere_0;0.16258;1.3072
2D Sphere_1;0.03388;1.23207
2D Sphere_2;0.05356;1.19286
2D Sphere_3;0.29992;1.52737
2D Sphere_4;0.37108;1.48593
2D Sphere_5;-0.00127;1.37729
2D Sphere_6;0.19238;1.53658
2D Sphere_7;0.23616;1.02394
2D Sphere_8;0.35097;1.5107
2D Sphere_9;0.02882;1.25613
2D Sphere_10;0.17732;1.13085
2D Sphere_11;0.18418;1.50756
2D Sphere_12;0.06022;1.27965
2D Sphere_13;0.33862;1.22312
2D Sphere_14;0.21159;0.95024
2D Sphere_15;0.31974;1.54809
2D Sphere_16;0.14627;1.02366
2D Sphere_17;0.10193;1.19076
2D Sphere_18;-0.01526;1.27708
2D Sphere_19;0.26984;1.1383
3D Sphere_0;0.13679;1.20304
3D Sphere_1;0.32472;1.12878
3D Sphere_2;0.14531;1.16396
3D Sphere_3;0.27549;1.53867
3D Sphere_4;0.31717;1.24308
3D Sphere_5;0.03541;1.334
3D Sphere_6;0.30354;1.16372
3D Sphere_7;0.07104;1.24023
3D Sphere_8;0.30076;1.26299
3D Sphere_9;0.25563;1.20992
3D Sphere_10;0.22795;1.1491
3D Sphere_11;0.15649;1.23223
3D Sphere_12;0.18458;1.16564
3D Sphere_13;0.05218;1.31769
3D Sphere_14;0.3695;1.27927
3D Sphere_15;0.22506;1.53429
3D Sphere_16;0.10944;1.22462
3D Sphere_17;0.31852;1.1908
3D Sphere_18;0.25138;1.174
3D Sphere_19;0.02614;1.2945
5D Sphere_0;0.28894;1.20724
5D Sphere_1;0.26962;1.24171
5D Sphere_2;0.10467;1.25604
5D Sphere_3;0.21101;1.25947
5D Sphere_4;0.14945;1.2854
5D Sphere_5;0.29105;1.49344
5D Sphere_6;0.3181;1.37687
5D Sphere_7;0.23125;1.23331
5D Sphere_8;0.10232;1.28997
5D Sphere_9;0.09199;1.31264
5D Sphere_10;0.21854;1.18978
5D Sphere_11;0.22022;1.44829
5D Sphere_12;0.10637;1.36344
5D Sphere_13;0.07946;1.34369
5D Sphere_14;0.18167;1.27125
5D Sphere_15;0.13634;1.25585
5D Sphere_16;0.34279;1.15789
5D Sphere_17;0.19138;1.22735
5D Sphere_18;0.17398;1.19759
5D Sphere_19;0.32981;1.4761
GS Balanced_0;0.09868;1.14253
GS Balanced_1;0.09166;1.07177
GS Balanced_2;0.07176;1.15617
GS Balanced_3;0.18506;1.57886
GS Balanced_4;0.23722;1.06061
GS Balanced_5;0.03526;1.1629
GS Balanced_6;0.22054;1.10061
GS Balanced_7;0.05769;1.41305
GS Balanced_8;0.07516;1.1089
GS Balanced_9;0.01547;1.209
GS Balanced_10;0.19053;1.08869
GS Balanced_11;0.19389;1.04603
GS Balanced_12;0.10474;1.10917
GS Balanced_13;0.03831;1.12786
GS Balanced_14;0.00361;1.17968
GS Balanced_15;0.13582;1.11928
GS Balanced_16;0.15966;1.07628
GS Balanced_17;0.27342;1.06779
GS Balanced_18;0.12935;1.07696
GS Balanced_19;0.03735;1.10129
GS Caterpillar_0;0.19997;0.82988
GS Caterpillar_1;0.30684;0.64482
GS Caterpillar_2;0.38427;0.68309
GS Caterpillar_3;0.39168;0.64358
GS Caterpillar_4;0.17163;0.79583
GS Caterpillar_5;0.197;0.76605
GS Caterpillar_6;0.12192;0.83014
GS Caterpillar_7;0.15461;0.85497
GS Caterpillar_8;0.169;0.71583
GS Caterpillar_9;0.13104;0.78714
GS Caterpillar_10;0.14047;0.74707
GS Caterpillar_11;0.29599;0.68784
GS Caterpillar_12;0.23813;0.81358
GS Caterpillar_13;0.27623;0.76273
GS Caterpillar_14;0.32273;0.71949
GS Caterpillar_15;0.21535;0.71282
GS Caterpillar_16;0.26644;0.71924
GS Caterpillar_17;0.23585;0.76483
GS Caterpillar_18;0.2413;0.67555
GS Caterpillar_19;0.34711;0.66006
Urn_0;0.96653;1.71373
Urn_1;1.03992;1.70678
Urn_2;1.15097;1.3865
Urn_3;1.06467;0.76536
Urn_4;0.92619;1.49115
Urn_5;0.7725;0.75634
Urn_6;0.83356;0.73437
Urn_7;0.29256;1.46113
Urn_8;1.11441;1.6637
Urn_9;0.99721;1.41777
Urn_10;0.73512;1.58304
Urn_11;0.81869;1.15819
Urn_12;0.85075;1.0187
Urn_13;1.09929;1.61697
Urn_14;1.22387;1.53215
Urn_15;1.43308;1.61352
Urn_16;0.91999;1.09622
Urn_17;1.14703;1.586
Urn_18;1.41216;1.49315
Urn_19;0.46327;0.97409
Urn_20;0.21556;1.40308
Urn_21;0.80649;0.68789
Urn_22;0.81263;1.56167
Urn_23;1.27202;1.47456
Urn_24;0.82892;0.90308
Urn_25;0.95991;1.55067
Urn_26;0.38751;0.88974
Urn_27;1.31019;0.71875
Urn_28;0.83668;1.60564
Urn_29;0.225;1.50045
Urn_30;0.42791;1.07032
Urn_31;0.8045;0.86271
Urn_32;1.2907;1.62649
Urn_33;0.52484;1.50799
Urn_34;0.82237;0.97515
Urn_35;0.54479;1.52703
Urn_36;0.75862;0.88846
Urn_37;0.49192;1.52696
Urn_38;0.73913;0.94109
Urn_39;0.35268;1.07972
Urn_40;0.85;0.77231
Urn_41;0.59282;1.54237
Urn_42;1.18314;1.43603
Urn_43;1.22609;1.58237
Urn_44;0.7808;1.64148
Urn_45;0.45629;1.53484
Urn_46;0.89039;1.5464
Urn_47;1.03438;1.58517
Urn_48;1.34969;1.61677
Urn_49;0.81941;0.80735
Urn_50;1.55263;1.52875
Urn_51;0.76044;0.59248
Urn_52;1.1782;1.49185
Urn_53;1.3708;1.53397
Urn_54;0.97245;1.61993
Urn_55;1.05615;1.51184
Urn_56;0.7157;0.77295
Urn_57;0.88289;0.90047
Urn_58;0.86872;0.81895
Urn_59;1.2856;1.43499
Urn_60;1.49981;1.56804
Urn_61;1.03596;1.646
Urn_62;1.39446;1.57447
Urn_63;0.15064;1.39593
Urn_64;0.70945;0.88187
Urn_65;0.91928;0.78408
Urn_66;0.74447;0.68381
Urn_67;0.49066;1.56844
Urn_68;1.06842;1.43848
Urn_69;0.49684;1.01358
Urn_70;1.57442;1.56012
Urn_71;0.52583;1.56714
Urn_72;0.74018;1.54339
Urn_73;1.13071;1.5253
Urn_74;1.64124;1.49874
Urn_75;0.90361;1.64551
Urn_76;0.44906;1.58497
Urn_77;1.4671;1.53641
Urn_78;0.86497;0.95595
Urn_79;1.52134;1.50102
Norm-Mallows_0;1.07149;1.21887
Norm-Mallows_1;1.38573;1.13059
Norm-Mallows_2;0.35637;1.39159
Norm-Mallows_3;0.43694;1.32302
Norm-Mallows_4;0.46892;1.43388
Norm-Mallows_5;1.29824;1.2028
Norm-Mallows_6;1.48583;1.14686
Norm-Mallows_7;0.86019;1.2899
Norm-Mallows_8;1.34308;1.2789
Norm-Mallows_9;0.98833;1.29692
Norm-Mallows_10;0.94239;1.20755
Norm-Mallows_11;0.25961;1.48065
Norm-Mallows_12;0.85343;1.38435
Norm-Mallows_13;1.60334;1.25632
Norm-Mallows_14;1.37688;1.17178
Norm-Mallows_15;0.46044;1.4042
Norm-Mallows_16;0.45729;1.28082
Norm-Mallows_17;0.34791;1.32449
Norm-Mallows_18;0.92936;1.32655
Norm-Mallows_19;0.904;1.2844
Norm-Mallows_20;1.63306;1.4369
Norm-Mallows_21;1.35299;1.21657
Norm-Mallows_22;1.61352;1.29987
Norm-Mallows_23;1.05105;1.27347
Norm-Mallows_24;0.76761;1.44434
Norm-Mallows_25;0.24725;1.27812
Norm-Mallows_26;1.1266;1.24662
Norm-Mallows_27;1.57584;1.16825
Norm-Mallows_28;1.11941;1.16077
Norm-Mallows_29;1.32544;1.15581
Norm-Mallows_30;1.13591;1.01786
Norm-Mallows_31;0.2581;1.35722
Norm-Mallows_32;0.38745;1.41429
Norm-Mallows_33;0.88741;1.3329
Norm-Mallows_34;1.49631;1.21276
Norm-Mallows_35;1.53263;1.18724
Norm-Mallows_36;0.50909;1.4608
Norm-Mallows_37;0.56699;1.40133
Norm-Mallows_38;0.31186;1.44205
Norm-Mallows_39;0.44207;1.36632
Norm-Mallows_40;0.90396;1.37002
Norm-Mallows_41;0.74307;1.40435
Norm-Mallows_42;1.29329;1.25616
Norm-Mallows_43;0.87289;1.24378
Norm-Mallows_44;0.42158;1.27667
Norm-Mallows_45;0.90676;1.40317
Norm-Mallows_46;0.40794;1.46739
Norm-Mallows_47;1.49949;1.25927
Norm-Mallows_48;0.87717;1.20074
Norm-Mallows_49;1.22389;1.27263
Norm-Mallows_50;1.5851;1.21937
Norm-Mallows_51;0.38483;1.32702
Norm-Mallows_52;0.30157;1.34151
Norm-Mallows_53;1.58483;1.33036
Norm-Mallows_54;1.43709;1.0791
Norm-Mallows_55;1.24502;1.14575
Norm-Mallows_56;1.22382;1.19105
Norm-Mallows_57;1.62176;1.48218
Norm-Mallows_58;0.39518;1.37022
Norm-Mallows_59;1.03511;1.15701
Norm-Mallows_60;0.70247;1.39243
Norm-Mallows_61;0.83166;1.33687
Norm-Mallows_62;1.52963;1.0956
Norm-Mallows_63;0.42296;1.42549
Norm-Mallows_64;0.98165;1.23797
Norm-Mallows_65;0.92344;1.16932
Norm-Mallows_66;0.3724;1.25017
Norm-Mallows_67;1.55549;1.26832
Norm-Mallows_68;0.52727;1.39793
Norm-Mallows_69;0.78565;1.36621
Norm-Mallows_70;1.49787;1.05767
Norm-Mallows_71;0.85868;1.42357
Norm-Mallows_72;1.55185;1.13408
Norm-Mallows_73;0.50011;1.34983
Norm-Mallows_74;0.29428;1.40255
Norm-Mallows_75;0.7283;1.35892
Norm-Mallows_76;1.14761;1.09291
Norm-Mallows_77;1.54425;1.32117
Norm-Mallows_78;1.18859;1.22973
Norm-Mallows_79;1.19946;1.10561
ANID_0;1.53994;1.59622
ANID_1;1.47313;1.63809
ANID_2;1.39781;1.67051
ANID_3;1.32945;1.6948
ANID_4;1.26754;1.70906
ANID_5;1.20924;1.72204
ANID_6;1.14803;1.74382
ANID_7;1.07913;1.76379
ANID_8;1.00268;1.77663
ANID_9;0.93013;1.7765
ANID_10;0.86772;1.76829
ANID_11;0.80438;1.76335
ANID_12;0.73779;1.75613
ANID_13;0.66663;1.74417
ANID_14;0.58237;1.72899
ANID_15;0.47169;1.69952
ANID_16;0.30019;1.62466
ANID_17;0.05216;0.99482
ANID_18;0.0818;0.8102
ANID_19;0.1343;0.65375
STID_0;1.57735;1.46813
STID_1;1.58934;1.40596
STID_2;1.53783;1.40836
STID_3;1.49194;1.41052
STID_4;1.44452;1.4069
STID_5;1.45726;1.34411
STID_6;1.40381;1.34802
STID_7;1.41729;1.28287
STID_8;1.42331;1.21265
STID_9;1.4322;1.11892
STID_10;1.45082;1.00553
STID_11;1.42614;0.91823
STID_12;1.38113;0.85923
STID_13;1.34099;0.82112
STID_14;1.30273;0.79263
STID_15;1.26395;0.76671
STID_16;1.22677;0.73618
STID_17;1.24274;0.69175
STID_18;1.19544;0.67172
STID_19;1.19621;0.62681
ANUN_0;0.01618;1.46522
ANUN_1;-0.00462;1.41502
ANUN_2;-0.01746;1.34505
ANUN_3;-0.02987;1.30515
ANUN_4;-0.03324;1.23744
ANUN_5;-0.03482;1.17966
ANUN_6;-0.02075;1.11905
ANUN_7;-0.00386;1.0637
ANUN_8;0.01747;1.02155
ANUN_9;0.05469;0.96551
ANUN_10;0.09351;0.93464
ANUN_11;0.05268;0.91258
ANUN_12;0.00333;0.91593
ANUN_13;0.02278;0.86992
ANUN_14;0.02877;0.82737
ANUN_15;0.047;0.77156
ANUN_16;0.0841;0.71617
ANUN_17;0.16679;0.64404
ANUN_18;0.21285;0.59905
ANUN_19;0.30276;0.55952
STUN_0;0.10449;1.53336
STUN_1;0.15683;1.5399
STUN_2;0.25959;1.5664
STUN_3;0.34407;1.56464
STUN_4;0.38839;1.56515
STUN_5;0.41914;1.58684
STUN_6;0.49611;1.60869
STUN_7;0.5691;1.60279
STUN_8;0.63086;1.59625
STUN_9;0.68646;1.57978
STUN_10;0.80039;1.50613
STUN_11;0.92542;1.27236
STUN_12;0.91839;1.0505
STUN_13;0.91094;0.84714
STUN_14;0.91745;0.73305
STUN_15;0.92276;0.67203
STUN_16;0.9985;0.68368
STUN_17;0.99757;0.62041
STUN_18;1.06695;0.63466
STUN_19;1.10456;0.60052
