instance_id;x;y
ID;2.09679;0.27383
UN;0.42645;0.27383
AN;1.0205;0.86576
ST;1.49073;-0.54915
Impartial Culture_0;0.75057;0.30387
Impartial Culture_1;0.75364;0.24241
Impartial Culture_2;0.64252;0.12947
Impartial Culture_3;0.5875;0.33026
Impartial Culture_4;0.60281;0.23475
Impartial Culture_5;0.60254;0.13625
Impartial Culture_6;0.59955;0.2063
Impartial Culture_7;0.69939;0.32348
Impartial Culture_8;0.71669;0.25947
Impartial Culture_9;0.68676;0.2615
Impartial Culture_10;0.701;0.23317
Impartial Culture_11;0.59134;0.15839
Impartial Culture_12;0.63494;0.25427
Impartial Culture_13;0.63213;0.22079
Impartial Culture_14;0.60171;0.28616
Impartial Culture_15;0.72316;0.16417
Impartial Culture_16;0.5506;0.21916
Impartial Culture_17;0.65975;0.32486
Impartial Culture_18;0.69184;0.29514
Impartial Culture_19;0.62175;0.15985
SP by Conitzer_0;0.98095;0.48419
SP by Conitzer_1;1.0407;0.42496
SP by Conitzer_2;0.99408;0.4397
SP by Conitzer_3;1.12072;0.39473
SP by Conitzer_4;1.16389;0.3435
SP by Conitzer_5;1.20553;0.2751
SP by Conitzer_6;1.24111;0.26611
SP by Conitzer_7;1.16816;0.30894
SP by Conitzer_8;1.09506;0.36069
SP by Conitzer_9;1.13443;0.42578
SP by Conitzer_10;1.08517;0.39888
SP by Conitzer_11;1.2171;0.31355
SP by Conitzer_12;1.1281;0.35387
SP by Conitzer_13;1.15463;0.46218
SP by Conitzer_14;1.08324;0.44188
SP by Conitzer_15;1.10682;0.46909
SP by Conitzer_16;1.06017;0.46578
SP by Conitzer_17;1.05179;0.39499
SP by Conitzer_18;0.95717;0.51098
SP by Conitzer_19;1.15848;0.39554
SP by Walsh_0;1.72497;-0.13067
SP by Walsh_1;1.67381;-0.13105
SP by Walsh_2;1.74392;-0.08065
SP by Walsh_3;1.69015;-0.09803
SP by Walsh_4;1.685;-0.05951
SP by Walsh_5;1.71561;-0.04649
SP by Walsh_6;1.7581;-0.21794
SP by Walsh_7;1.79295;-0.14694
SP by Walsh_8;1.6867;-0.16585
SP by Walsh_9;1.71527;-0.25282
SP by Walsh_10;1.62203;-0.16433
SP by Walsh_11;1.76007;-0.1159
SP by Walsh_12;1.64338;-0.25288
SP by Walsh_13;1.77588;-0.18301
SP by Walsh_14;1.73875;-0.17231
SP by Walsh_15;1.67887;-0.24609
SP by Walsh_16;1.7142;-0.20937
SP by Walsh_17;1.61046;-0.21581
SP by Walsh_18;1.80041;-0.09559
SP by Walsh_19;1.66925;-0.20161
SPOC_0;0.66435;0.23968
SPOC_1;0.68792;0.11231
SPOC_2;0.57293;0.22517
SPOC_3;0.56554;0.31323
SPOC_4;0.56559;0.25312
SPOC_5;0.65792;0.29984
SPOC_6;0.76106;0.0934
SPOC_7;0.65839;0.1792
SPOC_8;0.81109;0.20879
SPOC_9;0.68075;0.34674
SPOC_10;0.73873;0.19059
SPOC_11;0.56694;0.28392
SPOC_12;0.65596;0.20771
SPOC_13;0.62276;0.18522
SPOC_14;0.6889;0.1662
SPOC_15;0.52965;0.3124
SPOC_16;0.60608;0.25992
SPOC_17;0.73156;0.22673
SPOC_18;0.76642;0.18087
SPOC_19;0.61326;0.31569
Single-Crossing_0;1.40668;0.09562
Single-Crossing_1;1.43533;0.03591
Single-Crossing_2;1.42686;0.17926
Single-Crossing_3;1.29751;-0.29603
Single-Crossing_4;1.46045;0.07651
Single-Crossing_5;1.46252;-0.02854
Single-Crossing_6;1.49814;0.12501
Single-Crossing_7;1.3392;-0.27358
Single-Crossing_8;1.4056;-0.0082
Single-Crossing_9;1.4551;-0.07772
Single-Crossing_10;1.49124;0.0201
Single-Crossing_11;1.38973;0.14645
Single-Crossing_12;1.38217;0.03419
Single-Crossing_13;1.39765;-0.05125
Single-Crossing_14;1.39185;-0.27715
Single-Crossing_15;1.4598;0.1302
Single-Crossing_16;1.47515;0.21446
Single-Crossing_17;1.50291;0.07307
Single-Crossing_18;1.34073;-0.19527
Single-Crossing_19;1.48954;0.17893
1D Uniform_0;1.09534;0.5744
1D Uniform_1;1.14304;0.53818
1D Uniform_2;1.19921;0.48653
1D Uniform_3;1.19455;0.35962
1D Uniform_4;1.19999;0.52989
1D Uniform_5;1.01439;0.54133
1D Uniform_6;1.0493;0.5309
1D Uniform_7;1.21149;0.40191
1D Uniform_8;1.24617;0.31934
1D Uniform_9;1.13026;0.5045
1D Uniform_10;1.23236;0.44613
1D Uniform_11;1.22834;0.36343
1D Uniform_12;1.32094;0.22893
1D Uniform_13;1.08963;0.52073
1D Uniform_14;1.28284;0.34868
1D Uniform_15;1.28363;0.39019
1D Uniform_16;1.28344;0.28533
1D Uniform_17;1.03911;0.58774
1D Uniform_18;1.18309;0.43155
1D Uniform_19;1.02011;0.48312
2D Uniform_0;1.17931;0.11217
2D Uniform_1;0.99029;0.27206
2D Uniform_2;0.94308;0.3038
2D Uniform_3;1.03611;0.28099
2D Uniform_4;1.18298;0.21331
2D Uniform_5;1.00954;0.20728
2D Uniform_6;0.99244;0.3252
2D Uniform_7;1.10131;0.16813
2D Uniform_8;1.15925;0.08319
2D Uniform_9;1.17343;0.05321
2D Uniform_10;1.20878;0.14851
2D Uniform_11;1.02929;0.31345
2D Uniform_12;1.09778;0.23416
2D Uniform_13;1.17357;0.16792
2D Uniform_14;1.06022;0.25519
2D Uniform_15;1.14649;0.22318
2D Uniform_16;1.09194;0.26844
2D Uniform_17;1.24527;0.13018
2D Uniform_18;0.95996;0.34337
2D Uniform_19;1.13786;0.1813
3D Uniform_0;0.93181;0.22865
3D Uniform_1;1.1399;0.12778
3D Uniform_2;1.07437;0.0223
3D Uniform_3;1.06053;0.14293
3D Uniform_4;1.08911;0.19959
3D Uniform_5;1.03312;0.22696
3D Uniform_6;1.03341;0.01284
3D Uniform_7;0.97575;0.21981
3D Uniform_8;1.05236;0.17274
3D Uniform_9;1.14251;0.03774
3D Uniform_10;0.90692;0.02623
3D Uniform_11;0.95233;0.19502
3D Uniform_12;1.25565;0.08065
3D Uniform_13;0.94964;0.25557
3D Uniform_14;1.22306;-0.00553
3D Uniform_15;1.10378;0.12403
3D Uniform_16;1.20748;0.08194
3D Uniform_17;1.24231;0.04591
3D Uniform_18;1.00726;0.16303
3D Uniform_19;0.97092;0.16473
5D Uniform_0;1.21975;-0.05848
5D Uniform_1;1.25853;0.01101
5D Uniform_2;1.1375;-0.0367
5D Uniform_3;1.12324;-0.06835
5D Uniform_4;1.07192;0.06701
5D Uniform_5;1.07464;0.10064
5D Uniform_6;1.19179;-0.09366
5D Uniform_7;1.02221;-0.02189
5D Uniform_8;0.97144;0.11905
5D Uniform_9;1.01483;0.11755
5D Uniform_10;0.98831;0.08568
5D Uniform_11;1.08243;-0.22008
5D Uniform_12;0.86127;0.0675
5D Uniform_13;1.1148;0.08128
5D Uniform_14;1.14039;0.00203
5D Uniform_15;1.00161;0.05469
5D Uniform_16;1.17617;-0.02526
5D Uniform_17;1.10518;0.04382
5D Uniform_18;1.02324;0.08637
5D Uniform_19;1.04781;0.04205
10D Uniform_0;0.93752;0.0676
10D Uniform_1;0.91586;-0.02393
10D Uniform_2;1.01622;-0.10229
10D Uniform_3;1.06625;-0.06881
10D Uniform_4;0.98455;0.00856
10D Uniform_5;0.8651;-0.09408
10D Uniform_6;0.85157;-0.15499
10D Uniform_7;0.92784;0.10513
10D Uniform_8;0.99241;-0.03645
10D Uniform_9;1.01273;-0.13121
10D Uniform_10;1.05459;-0.02863
10D Uniform_11;1.09425;-0.09171
10D Uniform_12;1.09703;-0.00998
10D Uniform_13;1.02823;-0.16585
10D Uniform_14;1.09299;-0.04073
10D Uniform_15;0.82825;-0.10069
10D Uniform_16;1.04159;-0.07863
10D Uniform_17;0.83969;-0.13046
10D Uniform_18;0.90423;0.16954
10D Uniform_19;0.95391;-0.07826
20D Uniform_0;0.83113;-0.02143
20D Uniform_1;0.87826;0.02156
20D Uniform_2;0.93242;0.14318
20D Uniform_3;0.9582;-0.04697
20D Uniform_4;0.89508;-0.15938
20D Uniform_5;0.88361;-0.12064
20D Uniform_6;0.93338;-0.13442
20D Uniform_7;0.91264;-0.06332
20D Uniform_8;0.84694;0.00558
20D Uniform_9;0.90417;0.06734
20D Uniform_10;0.83314;-0.0564
20D Uniform_11;0.95866;0.03966
20D Uniform_12;0.94015;-0.17921
20D Uniform_13;0.86959;-0.01817
20D Uniform_14;1.06204;-0.14498
20D Uniform_15;0.9342;0.00348
20D Uniform_16;0.96148;-0.15459
20D Uniform_17;0.99234;-0.07261
20D Uniform_18;0.88491;0.12392
20D Uniform_19;0.96539;-0.10889
2D Sphere_0;0.70824;0.4148
2D Sphere_1;0.53109;0.06633
2D Sphere_2;0.81207;0.47866
2D Sphere_3;0.64546;0.03857
2D Sphere_4;0.46609;0.1952
2D Sphere_5;0.60174;-0.02048
2D Sphere_6;0.5659;0.0492
2D Sphere_7;0.68151;0.42367
2D Sphere_8;0.52773;0.35155
2D Sphere_9;0.66182;-0.00241
2D Sphere_10;0.7755;0.50905
2D Sphere_11;0.54432;0.36779
2D Sphere_12;0.88833;0.31957
2D Sphere_13;0.49855;0.30008
2D Sphere_14;0.47751;0.25232
2D Sphere_15;0.73547;-0.03001
2D Sphere_16;0.67662;-0.03803
2D Sphere_17;0.5635;0.00258
2D Sphere_18;0.63564;0.4402
2D Sphere_19;0.84156;0.25357
3D Sphere_0;0.71566;0.36679
3D Sphere_1;0.72818;0.0997
3D Sphere_2;0.70644;0.0657
3D Sphere_3;0.5276;0.25681
3D Sphere_4;0.50253;0.14682
3D Sphere_5;0.49659;0.20869
3D Sphere_6;0.81181;0.31949
3D Sphere_7;0.55897;0.13407
3D Sphere_8;0.53812;0.27805
3D Sphere_9;0.54643;0.08763
3D Sphere_10;0.74494;0.05713
3D Sphere_11;0.71554;-0.002
3D Sphere_12;0.61331;0.10041
3D Sphere_13;0.67047;0.05941
3D Sphere_14;0.62051;0.03118
3D Sphere_15;0.62723;0.06632
3D Sphere_16;0.57368;0.07655
3D Sphere_17;0.51433;0.23223
3D Sphere_18;0.70688;0.0249
3D Sphere_19;0.62803;0.00373
5D Sphere_0;0.51511;0.17636
5D Sphere_1;0.62812;0.35883
5D Sphere_2;0.53031;0.19876
5D Sphere_3;0.53846;0.15688
5D Sphere_4;0.80362;0.26765
5D Sphere_5;0.67738;0.37872
5D Sphere_6;0.7513;0.36483
5D Sphere_7;0.59077;0.02376
5D Sphere_8;0.72943;0.32259
5D Sphere_9;0.75812;0.27405
5D Sphere_10;0.67154;0.09396
5D Sphere_11;0.80321;0.23643
5D Sphere_12;0.58183;0.11227
5D Sphere_13;0.51739;0.12333
5D Sphere_14;0.64483;0.09751
5D Sphere_15;0.76693;0.33941
5D Sphere_16;0.59878;0.36403
5D Sphere_17;0.60774;0.07159
5D Sphere_18;0.73684;0.34915
5D Sphere_19;0.53977;0.11243
GS Balanced_0;0.45235;0.08396
GS Balanced_1;0.50422;-0.03392
GS Balanced_2;0.45894;0.14429
GS Balanced_3;0.43727;0.187
GS Balanced_4;0.51266;0.02699
GS Balanced_5;0.62178;-0.06217
GS Balanced_6;0.58777;-0.09236
GS Balanced_7;0.54195;-0.02282
GS Balanced_8;0.43326;0.14505
GS Balanced_9;0.45739;0.04814
GS Balanced_10;0.48754;0.0718
GS Balanced_11;0.48569;0.0294
GS Balanced_12;0.54597;-0.05314
GS Balanced_13;0.57875;-0.05228
GS Balanced_14;0.70391;-0.09111
GS Balanced_15;0.4393;0.22147
GS Balanced_16;0.68881;-0.16505
GS Balanced_17;0.62567;-0.13325
GS Balanced_18;0.44929;0.11138
GS Balanced_19;0.51776;-0.00118
GS Caterpillar_0;0.78114;0.68839
GS Caterpillar_1;0.99084;0.68633
GS Caterpillar_2;1.06354;0.66986
GS Caterpillar_3;1.02763;0.7028
GS Caterpillar_4;0.95056;0.66406
GS Caterpillar_5;0.81647;0.66558
GS Caterpillar_6;0.78947;0.61905
GS Caterpillar_7;0.96541;0.71954
GS Caterpillar_8;0.82959;0.70458
GS Caterpillar_9;0.86781;0.68469
GS Caterpillar_10;0.98259;0.6334
GS Caterpillar_11;0.86252;0.59671
GS Caterpillar_12;0.90075;0.59375
GS Caterpillar_13;0.92522;0.70908
GS Caterpillar_14;0.90768;0.66601
GS Caterpillar_15;0.83107;0.62251
GS Caterpillar_16;0.88896;0.72391
GS Caterpillar_17;0.93346;0.61655
GS Caterpillar_18;1.02648;0.65356
GS Caterpillar_19;0.86708;0.64142
Urn_0;1.53029;0.53346
Urn_1;2.04905;0.2263
Urn_2;0.78371;0.31105
Urn_3;1.3482;0.26509
Urn_4;1.04963;-0.35133
Urn_5;1.88275;0.27316
Urn_6;1.57136;0.48025
Urn_7;1.13115;-0.34393
Urn_8;1.30316;0.16407
Urn_9;1.26007;0.1897
Urn_10;1.52073;0.25459
Urn_11;1.35921;0.41718
Urn_12;1.94024;0.29841
Urn_13;1.58952;0.42686
Urn_14;1.29103;0.44749
Urn_15;0.89656;-0.25778
Urn_16;1.25343;-0.27964
Urn_17;1.61036;0.37319
Urn_18;1.06874;-0.269
Urn_19;1.42782;0.35916
Urn_20;1.71904;0.30205
Urn_21;1.66155;0.49859
Urn_22;1.36441;-0.34032
Urn_23;0.73773;0.02489
Urn_24;1.4304;0.47461
Urn_25;1.04508;-0.30059
Urn_26;1.37321;0.3326
Urn_27;1.18921;-0.33659
Urn_28;0.73644;-0.08804
Urn_29;1.45083;0.30976
Urn_30;0.77891;-0.17709
Urn_31;1.32962;0.49538
Urn_32;1.33569;0.09709
Urn_33;1.80884;0.32739
Urn_34;1.94052;0.34243
Urn_35;1.20739;-0.29283
Urn_36;2.08905;0.32446
Urn_37;1.43807;0.26485
Urn_38;1.57727;0.30984
Urn_39;0.90174;0.38335
Urn_40;1.72738;0.36358
Urn_41;1.22757;-0.36162
Urn_42;0.87212;-0.22629
Urn_43;1.76732;0.4126
Urn_44;2.00543;0.30648
Urn_45;1.70416;0.2226
Urn_46;0.68354;0.20483
Urn_47;1.8493;0.44558
Urn_48;0.99137;-0.29853
Urn_49;1.50169;0.41918
Urn_50;1.49173;0.47163
Urn_51;1.86309;0.39489
Urn_52;1.68558;0.41838
Urn_53;0.8523;-0.25639
Urn_54;0.93837;-0.27424
Urn_55;1.86699;0.32862
Urn_56;0.79033;-0.22986
Urn_57;1.43421;0.52768
Urn_58;1.09824;-0.32382
Urn_59;1.58102;0.54957
Urn_60;2.07495;0.29911
Urn_61;2.10495;0.29702
Urn_62;1.27479;-0.35018
Urn_63;1.9225;0.38997
Urn_64;2.04382;0.35597
Urn_65;0.72184;0.28703
Urn_66;1.27153;0.225
Urn_67;1.1599;-0.29306
Urn_68;1.52221;0.34645
Urn_69;0.69424;0.13646
Urn_70;1.99659;0.35984
Urn_71;1.57267;-0.32653
Urn_72;1.66108;0.27752
Urn_73;0.75313;-0.13163
Urn_74;1.66445;0.34993
Urn_75;0.82619;-0.21351
Urn_76;0.79779;-0.13745
Urn_77;1.71386;0.46001
Urn_78;1.59395;0.22926
Urn_79;1.79231;0.47988
Norm-Mallows_0;2.04903;0.10323
Norm-Mallows_1;1.70488;0.09282
Norm-Mallows_2;1.35253;-0.16226
Norm-Mallows_3;1.26838;-0.16113
Norm-Mallows_4;1.88686;0.01233
Norm-Mallows_5;1.18409;-0.2281
Norm-Mallows_6;1.10744;-0.16868
Norm-Mallows_7;1.13638;-0.20363
Norm-Mallows_8;0.72639;0.13525
Norm-Mallows_9;0.79704;-0.06511
Norm-Mallows_10;1.795;0.11379
Norm-Mallows_11;1.65575;0.07319
Norm-Mallows_12;0.55847;0.18197
Norm-Mallows_13;0.98741;-0.15426
Norm-Mallows_14;1.37705;-0.23295
Norm-Mallows_15;1.42948;-0.23052
Norm-Mallows_16;0.87381;-0.05769
Norm-Mallows_17;1.96977;-0.05574
Norm-Mallows_18;1.76476;0.01147
Norm-Mallows_19;1.26482;-0.12014
Norm-Mallows_20;0.81724;0.18293
Norm-Mallows_21;1.75168;0.08474
Norm-Mallows_22;1.94812;0.09715
Norm-Mallows_23;1.86555;-0.0883
Norm-Mallows_24;1.39078;-0.15127
Norm-Mallows_25;1.0829;-0.12543
Norm-Mallows_26;1.31843;-0.0505
Norm-Mallows_27;0.81987;0.14886
Norm-Mallows_28;0.70777;0.19656
Norm-Mallows_29;1.99731;0.06965
Norm-Mallows_30;0.7743;-0.00576
Norm-Mallows_31;1.01854;-0.21275
Norm-Mallows_32;0.80974;0.10222
Norm-Mallows_33;2.09036;0.22237
Norm-Mallows_34;0.659;0.15144
Norm-Mallows_35;1.05447;-0.18753
Norm-Mallows_36;0.63366;0.28674
Norm-Mallows_37;1.48345;-0.24703
Norm-Mallows_38;0.77818;0.03866
Norm-Mallows_39;1.88946;-0.04185
Norm-Mallows_40;0.91425;-0.18759
Norm-Mallows_41;1.2343;-0.16534
Norm-Mallows_42;1.41073;-0.19127
Norm-Mallows_43;1.40624;-0.10144
Norm-Mallows_44;1.6086;-0.09483
Norm-Mallows_45;1.84552;-0.03543
Norm-Mallows_46;1.33173;-0.1126
Norm-Mallows_47;1.99242;0.02041
Norm-Mallows_48;1.9873;-0.01874
Norm-Mallows_49;1.71265;0.03
Norm-Mallows_50;1.64619;-0.0029
Norm-Mallows_51;1.95147;0.04459
Norm-Mallows_52;1.3064;-0.22894
Norm-Mallows_53;2.04917;0.14365
Norm-Mallows_54;0.84882;0.09975
Norm-Mallows_55;1.16698;-0.15171
Norm-Mallows_56;1.93212;-0.01072
Norm-Mallows_57;0.76633;0.15088
Norm-Mallows_58;1.29177;-0.08579
Norm-Mallows_59;0.97567;-0.20275
Norm-Mallows_60;1.80765;-0.00974
Norm-Mallows_61;0.80231;0.05811
Norm-Mallows_62;1.83033;0.08722
Norm-Mallows_63;1.62614;0.03488
Norm-Mallows_64;1.20596;-0.19552
Norm-Mallows_65;0.63954;0.3311
Norm-Mallows_66;1.51919;-0.17732
Norm-Mallows_67;1.8489;0.04044
Norm-Mallows_68;0.58095;0.1865
Norm-Mallows_69;0.90422;-0.09538
Norm-Mallows_70;0.76865;0.21393
Norm-Mallows_71;1.13573;-0.12932
Norm-Mallows_72;1.61315;-0.04358
Norm-Mallows_73;1.2438;-0.22107
Norm-Mallows_74;1.56662;-0.13171
Norm-Mallows_75;1.54579;-0.23048
Norm-Mallows_76;0.7793;0.1253
Norm-Mallows_77;1.79217;0.05231
Norm-Mallows_78;1.42569;-0.13915
Norm-Mallows_79;0.66257;0.27437
ANID_0;2.02135;0.39639
ANID_1;1.96257;0.43449
ANID_2;1.90827;0.47335
ANID_3;1.85179;0.51314
ANID_4;1.79249;0.54417
ANID_5;1.7373;0.56445
ANID_6;1.68465;0.58953
ANID_7;1.63157;0.61456
ANID_8;1.57653;0.63612
ANID_9;1.52359;0.64726
ANID_10;1.47531;0.66235
ANID_11;1.42773;0.66897
ANID_12;1.38446;0.68999
ANID_13;1.33876;0.69966
ANID_14;1.29669;0.72183
ANID_15;1.25206;0.73839
ANID_16;1.20913;0.76125
ANID_17;1.16417;0.78365
ANID_18;1.11795;0.80871
ANID_19;1.06966;0.8349
STID_0;2.04175;0.26709
STID_1;1.9983;0.23473
STID_2;2.00339;0.17583
STID_3;1.95367;0.18041
STID_4;1.90322;0.18839
STID_5;1.89304;0.13741
STID_6;1.89638;0.06856
STID_7;1.91278;-0.08265
STID_8;1.88143;-0.14029
STID_9;1.85077;-0.18747
STID_10;1.81437;-0.24144
STID_11;1.7697;-0.2906
STID_12;1.72352;-0.32416
STID_13;1.68491;-0.35076
STID_14;1.64129;-0.36596
STID_15;1.63554;-0.40814
STID_16;1.59317;-0.4239
STID_17;1.54928;-0.44213
STID_18;1.56322;-0.48529
STID_19;1.51688;-0.50565
ANUN_0;0.48848;0.36415
ANUN_1;0.46894;0.31325
ANUN_2;0.45554;0.29047
ANUN_3;0.47579;0.34383
ANUN_4;0.51933;0.40168
ANUN_5;0.55079;0.43283
ANUN_6;0.57323;0.46071
ANUN_7;0.60073;0.48884
ANUN_8;0.63056;0.51494
ANUN_9;0.66756;0.53389
ANUN_10;0.70442;0.56145
ANUN_11;0.65229;0.59068
ANUN_12;0.6845;0.6219
ANUN_13;0.71534;0.64817
ANUN_14;0.71313;0.69106
ANUN_15;0.75298;0.73257
ANUN_16;0.80857;0.77039
ANUN_17;0.86666;0.80042
ANUN_18;0.92277;0.82253
ANUN_19;0.97411;0.84101
STUN_0;0.56924;0.37539
STUN_1;0.64631;0.37531
STUN_2;0.78138;0.28044
STUN_3;0.68383;-0.01376
STUN_4;0.66853;-0.08927
STUN_5;0.70228;-0.13887
STUN_6;0.73003;-0.19688
STUN_7;0.76088;-0.24784
STUN_8;0.82248;-0.29578
STUN_9;0.88467;-0.33109
STUN_10;0.93794;-0.36204
STUN_11;0.98923;-0.39366
STUN_12;1.04917;-0.42191
STUN_13;1.11021;-0.44295
STUN_14;1.1691;-0.46166
STUN_15;1.22786;-0.47677
STUN_16;1.28537;-0.48762
STUN_17;1.33972;-0.49711
STUN_18;1.39176;-0.5057
STUN_19;1.43999;-0.52134
