instance_id;x;y
ID;1.33132;0.16135
UN;-0.46709;0.16135
AN;0.25352;0.95256
ST;0.6006;-0.62303
Impartial Culture_0;-0.33766;0.0949
Impartial Culture_1;-0.37299;0.26308
Impartial Culture_2;-0.32125;0.17197
Impartial Culture_3;-0.2774;0.19203
Impartial Culture_4;-0.34795;0.13973
Impartial Culture_5;-0.27884;0.05831
Impartial Culture_6;-0.19387;0.038
Impartial Culture_7;-0.27247;0.15131
Impartial Culture_8;-0.31929;0.17687
Impartial Culture_9;-0.32237;0.05229
Impartial Culture_10;-0.2273;0.24505
Impartial Culture_11;-0.26549;0.14366
Impartial Culture_12;-0.17305;0.11191
Impartial Culture_13;-0.29933;0.03969
Impartial Culture_14;-0.1637;0.10605
Impartial Culture_15;-0.31722;0.22391
Impartial Culture_16;-0.26791;0.10611
Impartial Culture_17;-0.35982;0.23421
Impartial Culture_18;-0.23449;0.16738
Impartial Culture_19;-0.3411;0.13308
SP by Conitzer_0;0.24637;0.5584
SP by Conitzer_1;0.44271;0.28112
SP by Conitzer_2;0.31727;0.37489
SP by Conitzer_3;0.23301;0.46411
SP by Conitzer_4;0.346;0.41664
SP by Conitzer_5;0.23352;0.46418
SP by Conitzer_6;0.23621;0.52619
SP by Conitzer_7;0.32118;0.53222
SP by Conitzer_8;0.29834;0.42345
SP by Conitzer_9;0.16378;0.56013
SP by Conitzer_10;0.2607;0.4213
SP by Conitzer_11;0.38587;0.4882
SP by Conitzer_12;0.2911;0.47585
SP by Conitzer_13;0.38721;0.35927
SP by Conitzer_14;0.32712;0.462
SP by Conitzer_15;0.34562;0.34608
SP by Conitzer_16;0.2002;0.49927
SP by Conitzer_17;0.33896;0.50504
SP by Conitzer_18;0.1693;0.50998
SP by Conitzer_19;0.20427;0.5633
SP by Walsh_0;0.71031;-0.38164
SP by Walsh_1;0.71525;-0.1943
SP by Walsh_2;0.68204;-0.35409
SP by Walsh_3;0.75345;-0.34826
SP by Walsh_4;0.79814;-0.3054
SP by Walsh_5;0.56772;-0.40333
SP by Walsh_6;0.69575;-0.24965
SP by Walsh_7;0.64568;-0.31721
SP by Walsh_8;0.67519;-0.21524
SP by Walsh_9;0.60719;-0.33925
SP by Walsh_10;0.76563;-0.20751
SP by Walsh_11;0.62416;-0.39424
SP by Walsh_12;0.75483;-0.30369
SP by Walsh_13;0.60308;-0.29469
SP by Walsh_14;0.65796;-0.2705
SP by Walsh_15;0.66307;-0.40702
SP by Walsh_16;0.81875;-0.2577
SP by Walsh_17;0.70774;-0.30739
SP by Walsh_18;0.56666;-0.35214
SP by Walsh_19;0.76268;-0.25299
SPOC_0;-0.37872;0.09765
SPOC_1;-0.18853;0.0343
SPOC_2;-0.37582;0.17431
SPOC_3;-0.3081;0.00661
SPOC_4;-0.30397;0.12756
SPOC_5;-0.25387;0.21516
SPOC_6;-0.20376;0.14155
SPOC_7;-0.35838;0.05976
SPOC_8;-0.34996;0.20806
SPOC_9;-0.39349;0.13202
SPOC_10;-0.39959;0.22966
SPOC_11;-0.18613;-0.00285
SPOC_12;-0.22103;0.00235
SPOC_13;-0.17403;0.17169
SPOC_14;-0.43714;0.20692
SPOC_15;-0.22812;0.07268
SPOC_16;-0.39468;0.18621
SPOC_17;-0.25503;0.02678
SPOC_18;-0.13181;0.14175
SPOC_19;-0.41365;0.13494
Single-Crossing_0;0.67152;-0.00263
Single-Crossing_1;0.4956;-0.1086
Single-Crossing_2;0.40558;-0.31749
Single-Crossing_3;0.70273;0.10239
Single-Crossing_4;0.55056;-0.00411
Single-Crossing_5;0.60294;-0.01014
Single-Crossing_6;0.6609;0.21988
Single-Crossing_7;0.50806;-0.0528
Single-Crossing_8;0.66792;0.171
Single-Crossing_9;0.55745;0.05382
Single-Crossing_10;0.61843;0.23751
Single-Crossing_11;0.6509;0.12568
Single-Crossing_12;0.59794;0.09832
Single-Crossing_13;0.64449;0.27984
Single-Crossing_14;0.56912;0.20698
Single-Crossing_15;0.41551;-0.27803
Single-Crossing_16;0.63718;0.035
Single-Crossing_17;0.66303;0.06614
Single-Crossing_18;0.60159;0.15526
Single-Crossing_19;0.55476;-0.05908
1D Uniform_0;0.38863;0.44385
1D Uniform_1;0.2917;0.59034
1D Uniform_2;0.44075;0.40371
1D Uniform_3;0.4284;0.45246
1D Uniform_4;0.30788;0.68697
1D Uniform_5;0.45339;0.58899
1D Uniform_6;0.54528;0.3109
1D Uniform_7;0.21444;0.6176
1D Uniform_8;0.2901;0.5402
1D Uniform_9;0.34449;0.60033
1D Uniform_10;0.73344;0.41711
1D Uniform_11;0.53085;0.39892
1D Uniform_12;0.25935;0.62064
1D Uniform_13;0.48192;0.42103
1D Uniform_14;0.59256;0.37341
1D Uniform_15;0.27326;0.70559
1D Uniform_16;0.38043;0.55442
1D Uniform_17;0.58972;0.43711
1D Uniform_18;0.51225;0.35963
1D Uniform_19;0.37636;0.4007
2D Uniform_0;0.14756;0.38785
2D Uniform_1;0.22413;0.25719
2D Uniform_2;0.21563;0.28981
2D Uniform_3;0.1345;0.33737
2D Uniform_4;0.24978;0.32118
2D Uniform_5;0.41276;0.24298
2D Uniform_6;0.41177;0.18051
2D Uniform_7;0.43873;0.10003
2D Uniform_8;0.13702;0.29484
2D Uniform_9;0.50138;0.12114
2D Uniform_10;0.27231;0.26392
2D Uniform_11;0.47024;0.22844
2D Uniform_12;0.16203;0.4326
2D Uniform_13;0.39709;0.13568
2D Uniform_14;0.3145;0.12298
2D Uniform_15;0.1608;0.22135
2D Uniform_16;0.4534;0.05884
2D Uniform_17;0.11115;0.2615
2D Uniform_18;0.2695;0.18659
2D Uniform_19;0.44793;0.1758
3D Uniform_0;-0.01787;-0.17013
3D Uniform_1;0.29179;-0.10565
3D Uniform_2;0.17466;0.09893
3D Uniform_3;0.30701;0.17171
3D Uniform_4;0.40626;0.03097
3D Uniform_5;0.3733;0.12142
3D Uniform_6;0.07294;0.20966
3D Uniform_7;0.0218;0.25325
3D Uniform_8;0.36086;0.1876
3D Uniform_9;0.25182;0.08802
3D Uniform_10;0.16806;0.06306
3D Uniform_11;0.15926;0.25811
3D Uniform_12;0.48088;0.01123
3D Uniform_13;0.2021;0.32341
3D Uniform_14;0.37719;-0.13416
3D Uniform_15;0.29635;0.00927
3D Uniform_16;0.19707;0.15134
3D Uniform_17;0.21494;0.10988
3D Uniform_18;0.11982;-0.09003
3D Uniform_19;0.23827;0.05601
5D Uniform_0;0.33101;0.06615
5D Uniform_1;-0.0462;-0.15169
5D Uniform_2;0.37;-0.06791
5D Uniform_3;0.08704;0.13052
5D Uniform_4;0.11683;0.16364
5D Uniform_5;0.15182;0.14796
5D Uniform_6;-0.02437;0.23386
5D Uniform_7;0.10553;0.1029
5D Uniform_8;0.18717;-0.01588
5D Uniform_9;0.36227;-0.00593
5D Uniform_10;0.02373;0.02349
5D Uniform_11;0.26842;-0.05237
5D Uniform_12;0.26661;0.22085
5D Uniform_13;0.34752;0.09906
5D Uniform_14;0.41342;-0.10476
5D Uniform_15;0.40817;-0.03958
5D Uniform_16;0.31801;-0.065
5D Uniform_17;0.34162;0.03045
5D Uniform_18;0.19273;-0.22911
5D Uniform_19;0.25314;0.00483
10D Uniform_0;0.01159;0.14515
10D Uniform_1;0.13676;-0.16915
10D Uniform_2;0.14359;-0.13123
10D Uniform_3;0.04822;0.17431
10D Uniform_4;0.04869;-0.21289
10D Uniform_5;0.15363;-0.28391
10D Uniform_6;0.13089;0.03096
10D Uniform_7;0.1173;-0.0045
10D Uniform_8;0.12715;-0.20874
10D Uniform_9;0.15558;-0.03593
10D Uniform_10;0.26758;0.13603
10D Uniform_11;0.01299;0.10711
10D Uniform_12;0.24233;-0.26845
10D Uniform_13;0.19698;0.04529
10D Uniform_14;0.24246;-0.08911
10D Uniform_15;0.33892;-0.21929
10D Uniform_16;-0.01483;0.17303
10D Uniform_17;0.07257;-0.16746
10D Uniform_18;0.11476;-0.04672
10D Uniform_19;0.3162;-0.0298
20D Uniform_0;0.11676;0.06983
20D Uniform_1;0.156;-0.08051
20D Uniform_2;0.08031;-0.17685
20D Uniform_3;0.18844;0.01331
20D Uniform_4;0.03428;0.08972
20D Uniform_5;0.02325;-0.17757
20D Uniform_6;0.0843;0.04006
20D Uniform_7;-0.0456;-0.10347
20D Uniform_8;0.18334;-0.12576
20D Uniform_9;0.02936;-0.09286
20D Uniform_10;0.02914;-0.1264
20D Uniform_11;0.03531;0.05791
20D Uniform_12;-0.02485;0.06642
20D Uniform_13;0.04506;-0.04027
20D Uniform_14;0.06811;0.00306
20D Uniform_15;-0.02641;0.11452
20D Uniform_16;-0.0413;0.01457
20D Uniform_17;0.21716;-0.03756
20D Uniform_18;-0.00339;-0.053
20D Uniform_19;-0.12442;-0.02985
2D Sphere_0;-0.3566;0.46176
2D Sphere_1;-0.12961;0.58986
2D Sphere_2;-0.00053;0.5762
2D Sphere_3;-0.07782;0.62377
2D Sphere_4;-0.07074;0.48851
2D Sphere_5;-0.21229;0.53342
2D Sphere_6;-0.06125;0.57557
2D Sphere_7;-0.22311;0.3862
2D Sphere_8;-0.26931;0.51796
2D Sphere_9;-0.30658;0.32039
2D Sphere_10;-0.33939;0.4023
2D Sphere_11;0.03593;0.43417
2D Sphere_12;-0.28516;-0.01972
2D Sphere_13;-0.12434;0.47261
2D Sphere_14;-0.04928;0.52412
2D Sphere_15;0.0532;0.3674
2D Sphere_16;-0.16942;0.54508
2D Sphere_17;-0.38661;0.30909
2D Sphere_18;-0.10786;0.53024
2D Sphere_19;-0.10565;0.32431
3D Sphere_0;-0.11333;0.36288
3D Sphere_1;-0.34289;0.31837
3D Sphere_2;-0.12374;0.22129
3D Sphere_3;-0.10971;0.26455
3D Sphere_4;-0.24212;0.38622
3D Sphere_5;-0.3705;0.26663
3D Sphere_6;-0.08415;0.38644
3D Sphere_7;-0.05684;0.28138
3D Sphere_8;-0.14126;0.34305
3D Sphere_9;-0.34447;0.31256
3D Sphere_10;-0.06364;0.41884
3D Sphere_11;-0.35206;0.36487
3D Sphere_12;-0.27864;0.35303
3D Sphere_13;-0.05206;0.3194
3D Sphere_14;-0.09134;0.28906
3D Sphere_15;-0.13195;0.40479
3D Sphere_16;-0.17696;0.31842
3D Sphere_17;-0.25728;0.34138
3D Sphere_18;-0.38366;0.34874
3D Sphere_19;-0.18184;0.44753
5D Sphere_0;-0.24377;0.29901
5D Sphere_1;-0.16214;0.24571
5D Sphere_2;-0.17736;0.21284
5D Sphere_3;-0.22014;0.24636
5D Sphere_4;-0.08081;0.1543
5D Sphere_5;-0.06323;0.20263
5D Sphere_6;-0.19901;0.28642
5D Sphere_7;-0.0214;0.29109
5D Sphere_8;-0.0873;0.23739
5D Sphere_9;-0.25935;0.28308
5D Sphere_10;-0.30885;0.26766
5D Sphere_11;-0.23762;-0.00655
5D Sphere_12;-0.31706;0.35772
5D Sphere_13;-0.18926;0.36378
5D Sphere_14;-0.28222;0.3855
5D Sphere_15;-0.14753;0.2901
5D Sphere_16;-0.30376;0.27613
5D Sphere_17;-0.2001;0.28556
5D Sphere_18;-0.21374;0.33512
5D Sphere_19;-0.17047;0.39716
GS Balanced_0;-0.27069;0.44155
GS Balanced_1;-0.29823;0.48203
GS Balanced_2;-0.31902;0.43773
GS Balanced_3;-0.14854;0.49261
GS Balanced_4;-0.01515;0.35526
GS Balanced_5;-0.07551;0.44838
GS Balanced_6;-0.18201;0.47865
GS Balanced_7;-0.14179;0.44737
GS Balanced_8;-0.23342;0.45501
GS Balanced_9;-0.28009;0.43476
GS Balanced_10;-0.20855;0.4214
GS Balanced_11;-0.00291;0.43399
GS Balanced_12;-0.01832;0.46293
GS Balanced_13;-0.03799;0.40472
GS Balanced_14;-0.11158;0.434
GS Balanced_15;-0.21129;0.49382
GS Balanced_16;0.00452;0.38575
GS Balanced_17;0.06238;0.40227
GS Balanced_18;0.01484;0.33401
GS Balanced_19;-0.23879;0.47161
GS Caterpillar_0;-0.05206;0.73486
GS Caterpillar_1;0.13597;0.71311
GS Caterpillar_2;0.02902;0.72067
GS Caterpillar_3;0.1749;0.77802
GS Caterpillar_4;0.00931;0.66321
GS Caterpillar_5;0.06279;0.76491
GS Caterpillar_6;0.14085;0.63883
GS Caterpillar_7;0.11113;0.66932
GS Caterpillar_8;0.1677;0.69781
GS Caterpillar_9;-0.08551;0.71619
GS Caterpillar_10;0.0217;0.77629
GS Caterpillar_11;0.06679;0.6885
GS Caterpillar_12;0.18174;0.72645
GS Caterpillar_13;0.11592;0.78568
GS Caterpillar_14;0.21171;0.70624
GS Caterpillar_15;0.09081;0.73521
GS Caterpillar_16;-0.03277;0.69216
GS Caterpillar_17;-0.01275;0.75289
GS Caterpillar_18;0.08437;0.6264
GS Caterpillar_19;0.03481;0.63187
Urn_0;-0.05899;0.06414
Urn_1;0.75957;0.33479
Urn_2;0.46202;0.65886
Urn_3;0.84438;0.56585
Urn_4;0.39682;0.61109
Urn_5;-0.0144;-0.24939
Urn_6;1.06676;0.26818
Urn_7;0.21524;0.21951
Urn_8;1.02293;0.39754
Urn_9;0.22641;0.17223
Urn_10;1.05472;0.3662
Urn_11;0.9948;0.29138
Urn_12;1.15641;0.29322
Urn_13;0.06165;0.29128
Urn_14;0.53828;0.16263
Urn_15;0.79297;0.47138
Urn_16;0.95436;0.34993
Urn_17;1.09925;0.16492
Urn_18;0.41184;-0.41932
Urn_19;1.02451;0.15266
Urn_20;0.70576;0.74121
Urn_21;0.55368;0.2588
Urn_22;0.36413;-0.33579
Urn_23;-0.1374;0.18092
Urn_24;-0.05676;-0.21255
Urn_25;1.22398;0.2531
Urn_26;0.42799;0.52286
Urn_27;1.33499;0.16639
Urn_28;0.70367;0.47285
Urn_29;0.73074;0.14435
Urn_30;1.15065;0.23889
Urn_31;-0.28102;0.23745
Urn_32;1.05468;0.21735
Urn_33;0.63618;0.56555
Urn_34;0.07057;-0.26406
Urn_35;0.85208;0.41173
Urn_36;0.31533;0.29306
Urn_37;0.63881;0.46861
Urn_38;1.0737;0.09512
Urn_39;1.19497;0.18354
Urn_40;0.33969;0.24033
Urn_41;-0.36703;0.04566
Urn_42;0.73649;0.2559
Urn_43;0.02763;-0.2562
Urn_44;0.66455;0.3779
Urn_45;-0.08137;-0.16555
Urn_46;0.87752;0.49268
Urn_47;0.2062;0.37508
Urn_48;0.29259;0.05993
Urn_49;-0.09236;-0.31523
Urn_50;0.57229;0.51194
Urn_51;0.88007;0.15408
Urn_52;0.12269;0.21689
Urn_53;0.02395;0.21201
Urn_54;-0.10251;0.18606
Urn_55;1.0612;0.31496
Urn_56;0.91752;0.26457
Urn_57;0.51052;0.4648
Urn_58;0.49771;0.51683
Urn_59;0.49319;0.31654
Urn_60;0.29085;0.34795
Urn_61;1.34012;0.17232
Urn_62;0.07575;0.33898
Urn_63;0.35981;0.28126
Urn_64;0.95779;0.19716
Urn_65;0.69131;0.32695
Urn_66;0.95384;0.48832
Urn_67;0.10614;-0.24786
Urn_68;0.7992;0.26055
Urn_69;0.92012;0.09346
Urn_70;1.16086;0.13875
Urn_71;0.82035;0.19191
Urn_72;0.28255;-0.32378
Urn_73;0.40645;0.3149
Urn_74;0.57651;0.66084
Urn_75;1.26688;0.22188
Urn_76;0.74667;0.54039
Urn_77;0.92847;0.41931
Urn_78;0.28973;-0.39273
Urn_79;0.18868;-0.32183
Norm-Mallows_0;1.12909;-0.11704
Norm-Mallows_1;0.37644;-0.18454
Norm-Mallows_2;-0.23563;0.06876
Norm-Mallows_3;1.34647;0.11217
Norm-Mallows_4;0.65102;-0.14651
Norm-Mallows_5;0.30178;-0.14823
Norm-Mallows_6;-0.19716;0.08334
Norm-Mallows_7;0.7581;-0.0824
Norm-Mallows_8;0.99194;-0.18321
Norm-Mallows_9;1.17549;-0.0185
Norm-Mallows_10;-0.05867;-0.01584
Norm-Mallows_11;0.85783;-0.08594
Norm-Mallows_12;0.0742;-0.09863
Norm-Mallows_13;0.95746;-0.01998
Norm-Mallows_14;0.51117;-0.24026
Norm-Mallows_15;0.19659;-0.09035
Norm-Mallows_16;0.24985;-0.22492
Norm-Mallows_17;0.46526;-0.24652
Norm-Mallows_18;-0.08505;-0.0296
Norm-Mallows_19;1.28634;0.05495
Norm-Mallows_20;1.11939;-0.04149
Norm-Mallows_21;-0.20621;0.19229
Norm-Mallows_22;-0.14606;0.13614
Norm-Mallows_23;1.2654;0.09771
Norm-Mallows_24;0.42857;-0.21469
Norm-Mallows_25;-0.3139;0.21924
Norm-Mallows_26;0.89166;-0.12915
Norm-Mallows_27;1.32921;0.15648
Norm-Mallows_28;-0.09176;-0.07251
Norm-Mallows_29;0.68925;-0.08027
Norm-Mallows_30;0.07448;-0.06215
Norm-Mallows_31;-0.06757;0.1199
Norm-Mallows_32;0.59627;-0.11227
Norm-Mallows_33;0.60252;-0.18154
Norm-Mallows_34;0.51342;-0.1849
Norm-Mallows_35;-0.03441;-0.07036
Norm-Mallows_36;0.09826;-0.13454
Norm-Mallows_37;1.0201;-0.00153
Norm-Mallows_38;0.53786;-0.14552
Norm-Mallows_39;-0.25444;0.03312
Norm-Mallows_40;-0.38768;0.17935
Norm-Mallows_41;-0.12626;-0.0826
Norm-Mallows_42;0.5888;-0.24623
Norm-Mallows_43;-0.14702;-0.01719
Norm-Mallows_44;0.22747;-0.16711
Norm-Mallows_45;1.07559;-0.12682
Norm-Mallows_46;0.81613;-0.13264
Norm-Mallows_47;0.88658;-0.01446
Norm-Mallows_48;-0.29888;0.09071
Norm-Mallows_49;-0.00631;-0.00803
Norm-Mallows_50;1.32916;0.04644
Norm-Mallows_51;0.94939;-0.1492
Norm-Mallows_52;0.97649;-0.09836
Norm-Mallows_53;-0.15939;0.05969
Norm-Mallows_54;1.22322;0.02304
Norm-Mallows_55;-0.22312;0.11177
Norm-Mallows_56;0.19001;-0.1852
Norm-Mallows_57;0.90543;-0.20645
Norm-Mallows_58;0.25706;-0.1449
Norm-Mallows_59;0.30433;-0.24157
Norm-Mallows_60;1.1042;0.04395
Norm-Mallows_61;-0.10696;0.01858
Norm-Mallows_62;-0.00732;-0.1245
Norm-Mallows_63;1.07659;-0.07112
Norm-Mallows_64;-0.08204;0.03719
Norm-Mallows_65;1.32292;0.09652
Norm-Mallows_66;0.46594;-0.17567
Norm-Mallows_67;0.71392;-0.12718
Norm-Mallows_68;1.21747;0.07512
Norm-Mallows_69;0.75095;-0.02922
Norm-Mallows_70;0.83573;-0.17863
Norm-Mallows_71;1.0053;-0.06234
Norm-Mallows_72;0.4617;-0.28859
Norm-Mallows_73;1.14479;-0.07545
Norm-Mallows_74;-0.12756;0.06497
Norm-Mallows_75;-0.33206;0.08898
Norm-Mallows_76;0.28015;-0.18435
Norm-Mallows_77;1.10883;-0.0039
Norm-Mallows_78;-0.0977;0.0934
Norm-Mallows_79;0.83766;-0.03113
ANID_0;1.28871;0.26565
ANID_1;1.22639;0.3153
ANID_2;1.17789;0.36059
ANID_3;1.12793;0.40366
ANID_4;1.08005;0.45206
ANID_5;1.03098;0.48418
ANID_6;0.98002;0.5359
ANID_7;0.91431;0.57063
ANID_8;0.8656;0.61343
ANID_9;0.80469;0.63118
ANID_10;0.74734;0.66156
ANID_11;0.7005;0.67444
ANID_12;0.63374;0.71716
ANID_13;0.59619;0.74867
ANID_14;0.53477;0.77621
ANID_15;0.48983;0.79785
ANID_16;0.43715;0.82488
ANID_17;0.39173;0.84785
ANID_18;0.34202;0.88086
ANID_19;0.30349;0.90514
STID_0;1.25865;0.14238
STID_1;1.27751;0.00772
STID_2;1.24421;-0.03841
STID_3;1.219;-0.07553
STID_4;1.18673;-0.12597
STID_5;1.14568;-0.17124
STID_6;1.10259;-0.18674
STID_7;1.06752;-0.22561
STID_8;1.01399;-0.23759
STID_9;0.9952;-0.28245
STID_10;0.95531;-0.27774
STID_11;0.94094;-0.33014
STID_12;0.90792;-0.35347
STID_13;0.88151;-0.40293
STID_14;0.85179;-0.42648
STID_15;0.80793;-0.46983
STID_16;0.77558;-0.49515
STID_17;0.72502;-0.53179
STID_18;0.69192;-0.55235
STID_19;0.63986;-0.58461
ANUN_0;-0.45691;0.2398
ANUN_1;-0.43227;0.2791
ANUN_2;-0.41919;0.32459
ANUN_3;-0.39451;0.38053
ANUN_4;-0.37318;0.42378
ANUN_5;-0.33294;0.49011
ANUN_6;-0.3031;0.54452
ANUN_7;-0.25637;0.5746
ANUN_8;-0.22412;0.60677
ANUN_9;-0.19422;0.63677
ANUN_10;-0.1536;0.66601
ANUN_11;-0.17677;0.69272
ANUN_12;-0.13708;0.73143
ANUN_13;-0.10574;0.76703
ANUN_14;-0.05529;0.81132
ANUN_15;0.00226;0.84422
ANUN_16;0.06245;0.86663
ANUN_17;0.11516;0.88993
ANUN_18;0.16733;0.90382
ANUN_19;0.21296;0.92265
STUN_0;-0.4221;0.08498
STUN_1;-0.35076;0.01328
STUN_2;-0.28588;-0.03808
STUN_3;-0.23504;-0.06875
STUN_4;-0.20449;-0.10203
STUN_5;-0.17638;-0.14005
STUN_6;-0.14159;-0.17264
STUN_7;-0.11038;-0.22039
STUN_8;-0.05104;-0.27869
STUN_9;0.01744;-0.32812
STUN_10;0.07763;-0.35468
STUN_11;0.12556;-0.38528
STUN_12;0.18133;-0.41808
STUN_13;0.22629;-0.44565
STUN_14;0.27934;-0.47191
STUN_15;0.33125;-0.49475
STUN_16;0.38654;-0.52206
STUN_17;0.4388;-0.54084
STUN_18;0.49352;-0.56519
STUN_19;0.54775;-0.58586
