instance_id;x;y
ID;4.50698;0.68533
UN;-0.63364;0.68533
AN;0.34278;2.60827
ST;3.11032;-0.98902
Impartial Culture_0;-0.35939;0.70175
Impartial Culture_1;-0.31363;0.70243
Impartial Culture_2;0.11435;0.39323
Impartial Culture_3;-0.19229;0.51689
Impartial Culture_4;0.01733;0.55013
Impartial Culture_5;-0.31464;0.55407
Impartial Culture_6;-0.50999;0.78793
Impartial Culture_7;-0.25818;0.78666
Impartial Culture_8;-0.24671;0.65754
Impartial Culture_9;-0.52831;0.70684
Impartial Culture_10;-0.02307;0.91438
Impartial Culture_11;-0.39328;0.64674
Impartial Culture_12;-0.25276;0.94867
Impartial Culture_13;-0.36495;0.66203
Impartial Culture_14;-0.22179;0.55339
Impartial Culture_15;-0.53438;0.87273
Impartial Culture_16;-0.10354;0.77176
Impartial Culture_17;-0.16631;0.81635
Impartial Culture_18;-0.09138;0.73181
Impartial Culture_19;-0.50837;0.74612
SP by Conitzer_0;1.06301;0.96791
SP by Conitzer_1;1.00319;1.39963
SP by Conitzer_2;1.11801;1.42115
SP by Conitzer_3;1.07851;1.10648
SP by Conitzer_4;1.23736;1.12972
SP by Conitzer_5;0.94422;1.08988
SP by Conitzer_6;0.91051;1.32348
SP by Conitzer_7;1.11538;1.29221
SP by Conitzer_8;1.16497;1.26174
SP by Conitzer_9;1.0351;1.24908
SP by Conitzer_10;1.0234;1.0915
SP by Conitzer_11;0.87791;1.24661
SP by Conitzer_12;0.78682;1.25671
SP by Conitzer_13;1.35365;1.21675
SP by Conitzer_14;1.11894;1.17079
SP by Conitzer_15;1.242;0.9683
SP by Conitzer_16;1.2267;0.94786
SP by Conitzer_17;1.138;1.59346
SP by Conitzer_18;1.19705;1.04367
SP by Conitzer_19;0.94632;1.17967
SP by Walsh_0;1.57623;0.34879
SP by Walsh_1;1.56336;-0.05563
SP by Walsh_2;1.94072;-0.30452
SP by Walsh_3;2.0186;-0.04011
SP by Walsh_4;1.7344;-0.23281
SP by Walsh_5;1.85991;-0.37251
SP by Walsh_6;1.42272;0.38121
SP by Walsh_7;1.8892;-0.07507
SP by Walsh_8;1.59905;0.0167
SP by Walsh_9;2.14082;0.27975
SP by Walsh_10;1.93518;0.08181
SP by Walsh_11;1.66077;0.03393
SP by Walsh_12;2.0365;-0.42542
SP by Walsh_13;1.70501;0.15971
SP by Walsh_14;1.80914;-0.18593
SP by Walsh_15;1.69988;-0.28531
SP by Walsh_16;2.0352;-0.20612
SP by Walsh_17;2.13451;-0.05021
SP by Walsh_18;1.93493;-0.16648
SP by Walsh_19;1.84042;0.13876
SPOC_0;-0.15285;0.62891
SPOC_1;-0.47914;0.63913
SPOC_2;-0.16705;0.76313
SPOC_3;-0.27445;0.46949
SPOC_4;-0.42688;0.58827
SPOC_5;-0.3012;0.81861
SPOC_6;-0.39937;0.5243
SPOC_7;-0.16019;0.57349
SPOC_8;-0.2037;0.70982
SPOC_9;-0.44877;0.74263
SPOC_10;-0.37688;0.73901
SPOC_11;-0.40645;0.56164
SPOC_12;-0.01296;0.71936
SPOC_13;-0.42889;0.64322
SPOC_14;-0.25082;0.72802
SPOC_15;-0.07258;0.65728
SPOC_16;-0.11746;0.62441
SPOC_17;-0.44844;0.86638
SPOC_18;-0.08928;0.53469
SPOC_19;-0.3164;0.62171
Single-Crossing_0;1.8825;1.60321
Single-Crossing_1;1.7677;-0.36213
Single-Crossing_2;1.51573;-0.15704
Single-Crossing_3;1.18431;-0.21397
Single-Crossing_4;1.91759;1.41717
Single-Crossing_5;1.42398;-0.18174
Single-Crossing_6;1.46808;-0.41398
Single-Crossing_7;1.79486;0.36601
Single-Crossing_8;1.06852;-0.5073
Single-Crossing_9;1.25959;-0.48313
Single-Crossing_10;0.88278;-0.33163
Single-Crossing_11;1.82517;1.77386
Single-Crossing_12;1.29209;-0.38526
Single-Crossing_13;1.38711;-0.22749
Single-Crossing_14;1.68226;-0.5072
Single-Crossing_15;2.00126;1.53844
Single-Crossing_16;1.26811;-0.09179
Single-Crossing_17;1.62923;0.46568
Single-Crossing_18;1.33846;0.00475
Single-Crossing_19;1.51225;0.22498
1D Uniform_0;1.85755;1.43637
1D Uniform_1;1.27379;1.62717
1D Uniform_2;1.72322;1.49232
1D Uniform_3;1.33603;1.42386
1D Uniform_4;1.07801;1.48659
1D Uniform_5;1.64727;1.83652
1D Uniform_6;1.06258;-0.03482
1D Uniform_7;1.67127;1.0228
1D Uniform_8;0.82721;1.74152
1D Uniform_9;0.92707;1.7741
1D Uniform_10;1.47885;1.39563
1D Uniform_11;0.84159;0.99515
1D Uniform_12;1.36575;0.71725
1D Uniform_13;1.06046;2.16277
1D Uniform_14;1.46282;1.76126
1D Uniform_15;1.13269;1.75503
1D Uniform_16;0.84499;1.87125
1D Uniform_17;3.52937;1.13962
1D Uniform_18;0.92635;1.61668
1D Uniform_19;1.59923;1.66119
2D Uniform_0;0.75393;0.83182
2D Uniform_1;1.60087;1.3057
2D Uniform_2;1.91997;1.30961
2D Uniform_3;1.8737;1.17039
2D Uniform_4;0.95515;0.75622
2D Uniform_5;0.74155;-0.02324
2D Uniform_6;0.07118;1.06898
2D Uniform_7;2.26448;0.73467
2D Uniform_8;0.48102;-0.24344
2D Uniform_9;1.14545;0.76449
2D Uniform_10;2.00617;1.37802
2D Uniform_11;1.04693;1.49499
2D Uniform_12;0.97104;1.28982
2D Uniform_13;0.94921;1.53588
2D Uniform_14;0.68953;-0.37209
2D Uniform_15;1.60595;0.62867
2D Uniform_16;2.0524;1.26051
2D Uniform_17;0.99938;1.31614
2D Uniform_18;1.58794;1.21045
2D Uniform_19;0.81825;1.11993
3D Uniform_0;1.0124;-0.24764
3D Uniform_1;2.0008;0.05936
3D Uniform_2;1.44534;0.67012
3D Uniform_3;0.29853;0.32415
3D Uniform_4;0.77384;1.10201
3D Uniform_5;1.17715;0.69204
3D Uniform_6;1.44324;0.09875
3D Uniform_7;0.65099;0.03996
3D Uniform_8;1.43113;-0.07368
3D Uniform_9;0.65277;0.7218
3D Uniform_10;1.32302;-0.25166
3D Uniform_11;0.53926;0.88707
3D Uniform_12;1.80382;0.54391
3D Uniform_13;0.60663;0.81219
3D Uniform_14;1.53105;0.82636
3D Uniform_15;1.40471;1.2245
3D Uniform_16;0.71074;0.11384
3D Uniform_17;0.59289;1.64951
3D Uniform_18;0.87711;0.60025
3D Uniform_19;0.96707;-0.34841
5D Uniform_0;1.33872;0.93204
5D Uniform_1;-0.34663;1.0008
5D Uniform_2;1.2046;0.16376
5D Uniform_3;0.78418;0.23543
5D Uniform_4;0.54734;0.71708
5D Uniform_5;0.16462;0.8639
5D Uniform_6;1.18976;0.8638
5D Uniform_7;1.657;0.33773
5D Uniform_8;0.53056;1.29124
5D Uniform_9;2.05925;1.06947
5D Uniform_10;1.58854;0.22508
5D Uniform_11;1.09544;0.38957
5D Uniform_12;0.67836;0.91446
5D Uniform_13;0.63174;0.6546
5D Uniform_14;1.76422;-0.04739
5D Uniform_15;1.94288;0.91638
5D Uniform_16;1.27677;0.55749
5D Uniform_17;1.29051;0.80753
5D Uniform_18;0.52506;0.58147
5D Uniform_19;0.22615;0.80996
10D Uniform_0;1.86904;1.5319
10D Uniform_1;2.19007;1.9937
10D Uniform_2;-0.1415;1.08215
10D Uniform_3;2.23833;0.11542
10D Uniform_4;0.3894;0.38779
10D Uniform_5;0.76974;0.51819
10D Uniform_6;1.20098;0.12616
10D Uniform_7;0.11071;1.06017
10D Uniform_8;0.67749;0.28951
10D Uniform_9;1.66285;1.48957
10D Uniform_10;1.33259;0.26256
10D Uniform_11;2.07935;0.68233
10D Uniform_12;-0.16394;1.06866
10D Uniform_13;0.00519;0.67875
10D Uniform_14;0.17961;0.74367
10D Uniform_15;0.82183;0.78767
10D Uniform_16;0.88461;0.72244
10D Uniform_17;0.31008;0.60135
10D Uniform_18;0.45821;0.11375
10D Uniform_19;0.09681;0.6784
20D Uniform_0;1.53068;0.51382
20D Uniform_1;0.40322;0.48544
20D Uniform_2;0.37341;0.25315
20D Uniform_3;0.52489;0.23727
20D Uniform_4;1.33561;0.66043
20D Uniform_5;2.13229;0.93334
20D Uniform_6;1.68742;0.74769
20D Uniform_7;0.45884;0.58478
20D Uniform_8;1.43102;0.76889
20D Uniform_9;0.63903;0.07869
20D Uniform_10;1.3938;0.86183
20D Uniform_11;0.69691;0.85294
20D Uniform_12;0.17342;0.59064
20D Uniform_13;0.94153;0.01746
20D Uniform_14;-0.06062;0.61493
20D Uniform_15;0.17635;0.63451
20D Uniform_16;0.92866;0.64989
20D Uniform_17;0.78945;0.31854
20D Uniform_18;1.52773;0.40799
20D Uniform_19;-0.07228;0.89757
2D Sphere_0;-0.30054;1.10353
2D Sphere_1;0.2284;1.94981
2D Sphere_2;0.43303;1.72462
2D Sphere_3;-0.22631;1.15385
2D Sphere_4;0.06775;1.6804
2D Sphere_5;-0.18318;1.31973
2D Sphere_6;0.19927;1.10297
2D Sphere_7;0.02032;0.98826
2D Sphere_8;-0.03168;1.89622
2D Sphere_9;-0.24522;1.36308
2D Sphere_10;-0.04882;1.63471
2D Sphere_11;-0.15384;1.51574
2D Sphere_12;-0.33004;1.221
2D Sphere_13;0.09058;0.63085
2D Sphere_14;-0.20736;1.51255
2D Sphere_15;-0.06838;1.71446
2D Sphere_16;0.35123;1.47795
2D Sphere_17;-0.15338;0.71373
2D Sphere_18;0.08066;1.50691
2D Sphere_19;-0.17338;0.96011
3D Sphere_0;0.48072;1.33598
3D Sphere_1;0.31611;1.12965
3D Sphere_2;-0.10794;1.34981
3D Sphere_3;0.00566;1.52777
3D Sphere_4;0.18906;1.32856
3D Sphere_5;-0.10355;0.96404
3D Sphere_6;0.34948;1.57567
3D Sphere_7;-0.24724;1.11332
3D Sphere_8;0.02687;1.37609
3D Sphere_9;-0.15087;0.86269
3D Sphere_10;0.00024;0.78527
3D Sphere_11;-0.3519;0.9452
3D Sphere_12;-0.24557;1.19669
3D Sphere_13;0.31111;1.25968
3D Sphere_14;-0.11583;1.1709
3D Sphere_15;-0.34837;0.83961
3D Sphere_16;-0.05842;1.49479
3D Sphere_17;-0.34587;1.35346
3D Sphere_18;0.17062;1.17569
3D Sphere_19;-0.02742;1.27092
5D Sphere_0;-0.21462;1.01294
5D Sphere_1;0.26605;1.14683
5D Sphere_2;0.08039;0.84171
5D Sphere_3;-0.33629;0.85712
5D Sphere_4;-0.02597;1.08766
5D Sphere_5;-0.43675;0.42296
5D Sphere_6;-0.25538;1.28927
5D Sphere_7;0.19921;0.79454
5D Sphere_8;0.13539;0.73574
5D Sphere_9;0.09669;1.11916
5D Sphere_10;-0.03668;1.05964
5D Sphere_11;0.24555;1.21565
5D Sphere_12;-0.36313;0.91211
5D Sphere_13;-0.08152;0.81505
5D Sphere_14;0.17966;0.9276
5D Sphere_15;0.62393;1.08619
5D Sphere_16;-0.47977;0.89067
5D Sphere_17;-0.39525;0.81797
5D Sphere_18;0.11016;0.92337
5D Sphere_19;0.10333;1.23403
GS Balanced_0;-0.39246;0.70017
GS Balanced_1;-0.29962;0.87339
GS Balanced_2;-0.19603;0.39441
GS Balanced_3;-0.4241;0.78651
GS Balanced_4;-0.50332;0.68026
GS Balanced_5;-0.35182;0.55537
GS Balanced_6;-0.28231;0.63808
GS Balanced_7;-0.41377;0.92391
GS Balanced_8;-0.21067;0.84938
GS Balanced_9;-0.56639;0.80151
GS Balanced_10;-0.02054;0.38556
GS Balanced_11;-0.35583;0.49408
GS Balanced_12;0.06898;0.43989
GS Balanced_13;-0.32993;0.74991
GS Balanced_14;-0.28789;0.56756
GS Balanced_15;-0.33798;0.59564
GS Balanced_16;-0.008;0.42936
GS Balanced_17;-0.21605;0.59211
GS Balanced_18;-0.48075;0.836
GS Balanced_19;-0.07402;0.47638
GS Caterpillar_0;0.36566;1.67766
GS Caterpillar_1;0.58675;1.80663
GS Caterpillar_2;0.14659;1.66344
GS Caterpillar_3;0.23141;1.59841
GS Caterpillar_4;0.16292;1.77882
GS Caterpillar_5;0.24354;1.69386
GS Caterpillar_6;-0.00765;1.79404
GS Caterpillar_7;-0.20024;1.74667
GS Caterpillar_8;-0.27332;1.79916
GS Caterpillar_9;0.01012;1.67131
GS Caterpillar_10;0.09421;1.80452
GS Caterpillar_11;-0.1991;1.65765
GS Caterpillar_12;0.23398;1.74346
GS Caterpillar_13;0.44038;1.60791
GS Caterpillar_14;-0.27103;1.67244
GS Caterpillar_15;0.35074;1.96423
GS Caterpillar_16;-0.12683;1.79657
GS Caterpillar_17;0.26469;1.83757
GS Caterpillar_18;-0.11977;1.6748
GS Caterpillar_19;0.33565;1.71041
Urn_0;3.64813;1.32353
Urn_1;0.4219;1.0026
Urn_2;3.76748;0.9962
Urn_3;0.60397;2.40931
Urn_4;0.40654;0.89095
Urn_5;1.8881;0.57248
Urn_6;2.30824;1.22011
Urn_7;1.5787;-0.24285
Urn_8;3.62086;1.5233
Urn_9;4.34737;0.8439
Urn_10;0.44474;1.18506
Urn_11;3.03571;-0.28067
Urn_12;4.26488;0.97892
Urn_13;4.37495;0.72203
Urn_14;-0.31564;0.93718
Urn_15;3.32233;-0.1467
Urn_16;2.39879;-0.06309
Urn_17;1.87729;0.48051
Urn_18;2.31879;1.12993
Urn_19;0.32544;-0.05098
Urn_20;-0.24166;0.83742
Urn_21;3.32268;1.17331
Urn_22;3.59322;1.23244
Urn_23;2.42426;1.72221
Urn_24;2.27939;1.28745
Urn_25;1.33777;2.18666
Urn_26;4.16921;0.83152
Urn_27;1.16646;-0.5679
Urn_28;0.92889;0.40453
Urn_29;3.37848;0.96506
Urn_30;0.24225;1.04921
Urn_31;0.79712;-0.64373
Urn_32;2.82544;1.30685
Urn_33;2.73602;1.55723
Urn_34;1.54177;1.09961
Urn_35;2.95497;-0.04487
Urn_36;2.249;0.79999
Urn_37;1.44956;-1.04962
Urn_38;4.06705;1.20275
Urn_39;1.54478;1.14373
Urn_40;4.13286;0.21615
Urn_41;1.49521;2.26569
Urn_42;1.05096;-0.4421
Urn_43;2.17994;-0.65953
Urn_44;0.44061;0.02054
Urn_45;2.25502;1.86878
Urn_46;3.22476;1.62108
Urn_47;1.568;-1.04779
Urn_48;1.2428;-0.6423
Urn_49;2.49322;1.17389
Urn_50;3.86881;0.5253
Urn_51;4.00767;0.9462
Urn_52;3.57075;1.07004
Urn_53;1.04493;1.18598
Urn_54;0.00149;0.34833
Urn_55;-0.25738;0.51161
Urn_56;1.60233;0.96646
Urn_57;2.91307;-0.17726
Urn_58;-0.10974;0.04831
Urn_59;0.06737;0.17941
Urn_60;2.75793;-0.75018
Urn_61;1.1453;0.01311
Urn_62;1.47898;1.71454
Urn_63;0.13991;0.11423
Urn_64;1.76417;-0.89645
Urn_65;-0.20134;0.29288
Urn_66;2.27139;1.08622
Urn_67;3.39366;1.25973
Urn_68;2.50445;-0.38366
Urn_69;3.3267;-0.03147
Urn_70;2.85945;0.01167
Urn_71;0.203;0.30254
Urn_72;0.74672;-0.2359
Urn_73;0.9191;-0.10707
Urn_74;0.38237;0.69974
Urn_75;0.74763;-0.44652
Urn_76;3.99063;0.74387
Urn_77;1.26362;1.08525
Urn_78;1.54327;0.98616
Urn_79;0.98883;0.31278
Norm-Mallows_0;0.64033;0.37767
Norm-Mallows_1;3.73105;0.6
Norm-Mallows_2;1.9356;0.38492
Norm-Mallows_3;-0.10361;0.40208
Norm-Mallows_4;0.89554;0.53327
Norm-Mallows_5;1.09874;0.55567
Norm-Mallows_6;3.94606;0.61089
Norm-Mallows_7;2.47572;0.43644
Norm-Mallows_8;1.01471;0.16691
Norm-Mallows_9;3.45373;0.51712
Norm-Mallows_10;-0.14497;0.66925
Norm-Mallows_11;2.31298;0.4572
Norm-Mallows_12;3.51286;0.69956
Norm-Mallows_13;3.27111;0.43673
Norm-Mallows_14;3.17033;0.65168
Norm-Mallows_15;3.29789;0.67695
Norm-Mallows_16;3.36173;0.54938
Norm-Mallows_17;1.49754;0.69334
Norm-Mallows_18;2.84595;0.35036
Norm-Mallows_19;1.35576;0.40647
Norm-Mallows_20;3.05129;0.49699
Norm-Mallows_21;1.23431;0.29342
Norm-Mallows_22;3.19796;0.32118
Norm-Mallows_23;3.58512;0.62122
Norm-Mallows_24;-0.15091;0.52097
Norm-Mallows_25;0.1787;0.37911
Norm-Mallows_26;0.98494;0.26526
Norm-Mallows_27;2.6101;0.65743
Norm-Mallows_28;4.29103;0.70373
Norm-Mallows_29;1.15263;0.4491
Norm-Mallows_30;3.47084;0.62273
Norm-Mallows_31;1.78269;0.19146
Norm-Mallows_32;3.52246;0.43392
Norm-Mallows_33;2.01353;0.41481
Norm-Mallows_34;2.88757;0.46952
Norm-Mallows_35;0.09061;0.4927
Norm-Mallows_36;2.52126;0.36186
Norm-Mallows_37;0.71963;0.18089
Norm-Mallows_38;3.14375;0.23158
Norm-Mallows_39;0.95968;0.12521
Norm-Mallows_40;1.49081;0.18683
Norm-Mallows_41;2.84108;0.73424
Norm-Mallows_42;0.53326;0.37984
Norm-Mallows_43;0.53929;0.84213
Norm-Mallows_44;2.65298;0.86443
Norm-Mallows_45;0.3856;0.28522
Norm-Mallows_46;4.40237;0.65027
Norm-Mallows_47;0.08377;0.53304
Norm-Mallows_48;4.15058;0.66336
Norm-Mallows_49;0.96888;0.03296
Norm-Mallows_50;1.85652;0.63682
Norm-Mallows_51;0.2674;0.46752
Norm-Mallows_52;2.21862;0.42665
Norm-Mallows_53;0.34518;0.56824
Norm-Mallows_54;3.72157;0.71707
Norm-Mallows_55;0.30983;0.63654
Norm-Mallows_56;0.56973;0.32835
Norm-Mallows_57;2.6724;0.14596
Norm-Mallows_58;0.40342;0.31762
Norm-Mallows_59;2.04714;0.2618
Norm-Mallows_60;4.40654;0.7641
Norm-Mallows_61;0.79973;0.39181
Norm-Mallows_62;1.83747;0.31957
Norm-Mallows_63;0.6814;0.45769
Norm-Mallows_64;-0.23006;0.46545
Norm-Mallows_65;0.27416;0.36729
Norm-Mallows_66;0.04581;0.72368
Norm-Mallows_67;0.16934;0.4955
Norm-Mallows_68;1.41492;0.45932
Norm-Mallows_69;2.50267;0.22571
Norm-Mallows_70;2.28239;0.56915
Norm-Mallows_71;0.33863;0.47198
Norm-Mallows_72;2.26778;0.29133
Norm-Mallows_73;2.07508;0.1585
Norm-Mallows_74;2.296;0.67564
Norm-Mallows_75;3.3587;0.76956
Norm-Mallows_76;0.77689;0.47064
Norm-Mallows_77;1.95702;0.27515
Norm-Mallows_78;0.99667;0.44612
Norm-Mallows_79;4.45813;0.71054
ANID_0;4.39409;0.88748
ANID_1;4.22747;1.0312
ANID_2;4.03804;1.1322
ANID_3;3.86589;1.28444
ANID_4;3.67039;1.42489
ANID_5;3.43965;1.51772
ANID_6;3.22835;1.57162
ANID_7;3.03132;1.671
ANID_8;2.83509;1.76589
ANID_9;2.63229;1.85909
ANID_10;2.42499;1.96
ANID_11;2.20369;2.06632
ANID_12;1.98013;2.15383
ANID_13;1.75858;2.23593
ANID_14;1.55589;2.32778
ANID_15;1.32213;2.37599
ANID_16;1.10418;2.42384
ANID_17;0.89753;2.46116
ANID_18;0.71078;2.50643
ANID_19;0.5166;2.55417
STID_0;4.42113;0.64692
STID_1;4.33309;0.58524
STID_2;4.24579;0.52723
STID_3;4.16029;0.4636
STID_4;4.08358;0.38527
STID_5;4.00259;0.30738
STID_6;3.92545;0.22706
STID_7;3.8522;0.14489
STID_8;3.78041;0.06231
STID_9;3.71018;-0.02074
STID_10;3.64307;-0.1058
STID_11;3.58253;-0.19551
STID_12;3.52286;-0.28519
STID_13;3.46409;-0.37408
STID_14;3.40585;-0.46161
STID_15;3.34854;-0.54813
STID_16;3.29273;-0.63408
STID_17;3.24004;-0.7207
STID_18;3.19039;-0.80829
STID_19;3.14448;-0.89718
ANUN_0;-0.60377;0.76572
ANUN_1;-0.57581;0.8622
ANUN_2;-0.53587;0.95249
ANUN_3;-0.50251;1.03319
ANUN_4;-0.47681;1.11506
ANUN_5;-0.46274;1.20521
ANUN_6;-0.44478;1.30192
ANUN_7;-0.41948;1.40339
ANUN_8;-0.38713;1.5044
ANUN_9;-0.35344;1.60775
ANUN_10;-0.30938;1.71832
ANUN_11;-0.24536;1.83295
ANUN_12;-0.17878;1.93806
ANUN_13;-0.10664;2.03538
ANUN_14;-0.03393;2.12415
ANUN_15;0.03573;2.20856
ANUN_16;0.10365;2.28981
ANUN_17;0.16839;2.36949
ANUN_18;0.23006;2.44848
ANUN_19;0.28555;2.52896
STUN_0;-0.4969;0.59433
STUN_1;-0.3154;0.47088
STUN_2;-0.13713;0.37768
STUN_3;0.01863;0.27739
STUN_4;0.16395;0.18612
STUN_5;0.306;0.07786
STUN_6;0.47338;-0.03077
STUN_7;0.65168;-0.12388
STUN_8;0.84111;-0.21178
STUN_9;1.03577;-0.30677
STUN_10;1.22139;-0.41243
STUN_11;1.41528;-0.52144
STUN_12;1.6087;-0.61107
STUN_13;1.81552;-0.67577
STUN_14;2.01497;-0.73014
STUN_15;2.20836;-0.77475
STUN_16;2.39018;-0.81648
STUN_17;2.55965;-0.87499
STUN_18;2.73339;-0.93174
STUN_19;2.91391;-0.97843
