instance_id;x;y
ID;2.13702;0.1574
UN;0.44117;0.1574
AN;0.9511;0.78831
ST;1.62733;-0.49421
Impartial Culture_0;0.54965;0.12257
Impartial Culture_1;0.54769;0.11014
Impartial Culture_2;0.77248;0.0455
Impartial Culture_3;0.62052;0.00984
Impartial Culture_4;0.73759;0.08872
Impartial Culture_5;0.57209;0.06492
Impartial Culture_6;0.53489;0.22455
Impartial Culture_7;0.61868;0.19991
Impartial Culture_8;0.57743;0.07799
Impartial Culture_9;0.48483;0.16628
Impartial Culture_10;0.71434;0.24779
Impartial Culture_11;0.55026;0.11441
Impartial Culture_12;0.63687;0.27305
Impartial Culture_13;0.54362;0.10246
Impartial Culture_14;0.61078;0.03425
Impartial Culture_15;0.49808;0.24369
Impartial Culture_16;0.6802;0.18258
Impartial Culture_17;0.66268;0.18948
Impartial Culture_18;0.68946;0.16435
Impartial Culture_19;0.51442;0.19518
SP by Conitzer_0;0.93244;-0.19067
SP by Conitzer_1;0.80507;-0.21377
SP by Conitzer_2;0.81988;-0.20571
SP by Conitzer_3;0.93114;-0.16293
SP by Conitzer_4;1.0107;-0.14006
SP by Conitzer_5;0.81919;-0.20666
SP by Conitzer_6;0.81263;-0.18559
SP by Conitzer_7;0.93336;-0.15641
SP by Conitzer_8;0.92027;-0.19352
SP by Conitzer_9;0.89945;-0.16714
SP by Conitzer_10;0.90408;-0.19541
SP by Conitzer_11;0.78187;-0.20043
SP by Conitzer_12;0.76613;-0.18312
SP by Conitzer_13;1.17668;0.15377
SP by Conitzer_14;0.93472;-0.16795
SP by Conitzer_15;1.03627;-0.13673
SP by Conitzer_16;0.9105;-0.28014
SP by Conitzer_17;1.13855;0.29421
SP by Conitzer_18;1.11338;-0.00726
SP by Conitzer_19;0.8134;-0.1922
SP by Walsh_0;1.09146;-0.32265
SP by Walsh_1;1.12737;-0.34903
SP by Walsh_2;1.3028;-0.3672
SP by Walsh_3;1.3648;-0.26754
SP by Walsh_4;1.22442;-0.34242
SP by Walsh_5;1.28502;-0.35052
SP by Walsh_6;1.04847;-0.30105
SP by Walsh_7;1.27819;-0.32849
SP by Walsh_8;1.16101;-0.28458
SP by Walsh_9;1.41399;-0.19241
SP by Walsh_10;1.32542;-0.24526
SP by Walsh_11;1.13972;-0.34365
SP by Walsh_12;1.34504;-0.38704
SP by Walsh_13;1.18793;-0.29672
SP by Walsh_14;1.25175;-0.32728
SP by Walsh_15;1.20873;-0.37139
SP by Walsh_16;1.35175;-0.32424
SP by Walsh_17;1.40101;-0.26714
SP by Walsh_18;1.31141;-0.3279
SP by Walsh_19;1.29601;-0.23174
SPOC_0;0.67471;0.14438
SPOC_1;0.51329;0.11416
SPOC_2;0.66874;0.16468
SPOC_3;0.60778;0.02298
SPOC_4;0.53797;0.09657
SPOC_5;0.59169;0.22992
SPOC_6;0.54569;0.06758
SPOC_7;0.63109;0.03685
SPOC_8;0.6556;0.16143
SPOC_9;0.59042;0.18704
SPOC_10;0.57324;0.18651
SPOC_11;0.54181;0.08495
SPOC_12;0.70769;0.1483
SPOC_13;0.53234;0.10907
SPOC_14;0.56797;0.07493
SPOC_15;0.69928;0.14033
SPOC_16;0.66315;0.06061
SPOC_17;0.52991;0.24263
SPOC_18;0.70463;0.13638
SPOC_19;0.56382;0.08625
Single-Crossing_0;1.39996;0.25325
Single-Crossing_1;1.46668;0.13718
Single-Crossing_2;1.27934;-0.12125
Single-Crossing_3;1.1586;-0.18456
Single-Crossing_4;1.41614;0.24493
Single-Crossing_5;1.35947;0.14963
Single-Crossing_6;1.28941;-0.22079
Single-Crossing_7;1.27193;-0.20374
Single-Crossing_8;1.34645;0.05284
Single-Crossing_9;1.36485;0.32335
Single-Crossing_10;1.26771;0.29296
Single-Crossing_11;1.34438;0.53482
Single-Crossing_12;1.27516;-0.13306
Single-Crossing_13;1.26256;-0.13108
Single-Crossing_14;1.37684;-0.2487
Single-Crossing_15;1.41487;0.43969
Single-Crossing_16;1.16592;-0.20657
Single-Crossing_17;1.16426;-0.23978
Single-Crossing_18;1.27081;0.03992
Single-Crossing_19;1.08887;-0.30413
1D Uniform_0;1.38552;0.3756
1D Uniform_1;0.95088;-0.22765
1D Uniform_2;1.33472;0.38269
1D Uniform_3;1.1809;0.25581
1D Uniform_4;1.0738;0.08331
1D Uniform_5;1.2934;0.52078
1D Uniform_6;0.93244;-0.33672
1D Uniform_7;1.31078;0.15933
1D Uniform_8;1.06104;0.36262
1D Uniform_9;1.0755;0.34564
1D Uniform_10;1.10352;-0.15139
1D Uniform_11;0.77417;-0.19342
1D Uniform_12;1.07293;-0.1692
1D Uniform_13;1.1349;0.60665
1D Uniform_14;1.23681;0.48716
1D Uniform_15;1.13647;0.43
1D Uniform_16;1.08334;0.46514
1D Uniform_17;1.82093;0.29497
1D Uniform_18;1.08414;0.30027
1D Uniform_19;1.27176;0.41043
2D Uniform_0;0.91249;-0.05638
2D Uniform_1;1.27115;0.37387
2D Uniform_2;1.39682;0.3841
2D Uniform_3;1.3798;0.35314
2D Uniform_4;1.08978;0.1787
2D Uniform_5;0.93422;-0.22033
2D Uniform_6;0.77943;0.25554
2D Uniform_7;1.50561;0.10679
2D Uniform_8;0.81279;-0.27824
2D Uniform_9;1.12688;-0.01985
2D Uniform_10;1.40358;0.37771
2D Uniform_11;1.12835;0.42233
2D Uniform_12;0.83229;-0.1631
2D Uniform_13;1.10946;0.44161
2D Uniform_14;0.90707;-0.33158
2D Uniform_15;1.22526;-0.10862
2D Uniform_16;1.42085;0.37245
2D Uniform_17;1.1118;0.28154
2D Uniform_18;1.28996;0.2877
2D Uniform_19;1.0575;0.2617
3D Uniform_0;1.01366;-0.30154
3D Uniform_1;1.40408;-0.15513
3D Uniform_2;1.23819;0.04411
3D Uniform_3;0.90506;0.10128
3D Uniform_4;1.05284;0.30974
3D Uniform_5;1.00294;-0.20537
3D Uniform_6;1.17658;-0.21053
3D Uniform_7;1.01424;-0.02959
3D Uniform_8;1.2534;-0.12251
3D Uniform_9;0.99748;0.20361
3D Uniform_10;1.17888;-0.23165
3D Uniform_11;0.86357;-0.03048
3D Uniform_12;1.36607;0.05001
3D Uniform_13;0.8709;-0.05297
3D Uniform_14;1.28129;0.17301
3D Uniform_15;1.22662;0.38378
3D Uniform_16;0.92378;-0.17871
3D Uniform_17;1.01662;0.53907
3D Uniform_18;0.99833;-0.06657
3D Uniform_19;1.0377;-0.2883
5D Uniform_0;1.17642;0.18648
5D Uniform_1;0.57771;0.28474
5D Uniform_2;1.21713;0.0434
5D Uniform_3;1.05246;0.06244
5D Uniform_4;0.95608;0.16573
5D Uniform_5;0.80386;0.19721
5D Uniform_6;1.17065;0.25498
5D Uniform_7;1.27318;-0.10329
5D Uniform_8;0.74643;-0.07252
5D Uniform_9;1.4614;0.20026
5D Uniform_10;1.32316;0.0443
5D Uniform_11;1.14502;0.03822
5D Uniform_12;1.009;0.276
5D Uniform_13;0.99053;0.19572
5D Uniform_14;1.31992;-0.21769
5D Uniform_15;1.41795;0.20735
5D Uniform_16;1.201;0.14677
5D Uniform_17;1.20937;0.25353
5D Uniform_18;0.92905;0.08684
5D Uniform_19;0.82289;0.1815
10D Uniform_0;1.39632;0.42898
10D Uniform_1;1.45452;0.585
10D Uniform_2;0.66956;0.31877
10D Uniform_3;1.46653;-0.15159
10D Uniform_4;0.90238;0.07044
10D Uniform_5;1.00103;0.00482
10D Uniform_6;1.14562;-0.11816
10D Uniform_7;0.80135;0.30462
10D Uniform_8;0.96856;-0.02837
10D Uniform_9;1.28243;0.43727
10D Uniform_10;1.18711;-0.11447
10D Uniform_11;1.45365;0.0191
10D Uniform_12;0.68625;0.32122
10D Uniform_13;0.71317;0.15232
10D Uniform_14;0.80533;0.17737
10D Uniform_15;1.0526;0.19871
10D Uniform_16;1.07446;0.1466
10D Uniform_17;0.80433;0.02538
10D Uniform_18;0.92759;-0.01799
10D Uniform_19;0.72047;0.01487
20D Uniform_0;1.2987;0.15609
20D Uniform_1;0.89922;0.08393
20D Uniform_2;0.8577;-0.03249
20D Uniform_3;0.88483;-0.06598
20D Uniform_4;1.21748;0.14617
20D Uniform_5;1.47854;0.16852
20D Uniform_6;1.33358;0.1634
20D Uniform_7;0.90437;0.07666
20D Uniform_8;1.24697;0.17762
20D Uniform_9;1.00502;-0.00166
20D Uniform_10;1.23975;0.17015
20D Uniform_11;1.01095;0.20485
20D Uniform_12;0.7778;0.04942
20D Uniform_13;1.05328;-0.16518
20D Uniform_14;0.68862;0.07116
20D Uniform_15;0.81359;0.16331
20D Uniform_16;1.00759;-0.0622
20D Uniform_17;1.04246;0.0526
20D Uniform_18;1.2709;0.01807
20D Uniform_19;0.69897;0.25424
2D Sphere_0;0.64953;0.34015
2D Sphere_1;0.91314;0.59418
2D Sphere_2;0.95252;0.45575
2D Sphere_3;0.64481;0.3708
2D Sphere_4;0.81791;0.48826
2D Sphere_5;0.64387;0.4234
2D Sphere_6;0.83706;0.30577
2D Sphere_7;0.72117;0.32088
2D Sphere_8;0.75705;0.6076
2D Sphere_9;0.64756;0.42879
2D Sphere_10;0.78083;0.50574
2D Sphere_11;0.71083;0.49044
2D Sphere_12;0.63754;0.39972
2D Sphere_13;0.71561;0.01307
2D Sphere_14;0.70811;0.50082
2D Sphere_15;0.75012;0.57092
2D Sphere_16;0.93051;0.46049
2D Sphere_17;0.66641;0.15461
2D Sphere_18;0.78484;0.45379
2D Sphere_19;0.67332;0.27815
3D Sphere_0;0.95713;0.3641
3D Sphere_1;0.86779;0.30784
3D Sphere_2;0.69696;0.4111
3D Sphere_3;0.76935;0.48504
3D Sphere_4;0.83882;0.40657
3D Sphere_5;0.6912;0.26884
3D Sphere_6;0.92556;0.45098
3D Sphere_7;0.65579;0.34976
3D Sphere_8;0.77939;0.44032
3D Sphere_9;0.67422;0.22154
3D Sphere_10;0.71733;0.13256
3D Sphere_11;0.57458;0.26578
3D Sphere_12;0.64628;0.37363
3D Sphere_13;0.88996;0.36401
3D Sphere_14;0.69843;0.36049
3D Sphere_15;0.57022;0.23399
3D Sphere_16;0.7449;0.47353
3D Sphere_17;0.60823;0.43561
3D Sphere_18;0.83225;0.32479
3D Sphere_19;0.75194;0.37701
5D Sphere_0;0.66144;0.29462
5D Sphere_1;0.85585;0.32597
5D Sphere_2;0.76718;0.17697
5D Sphere_3;0.57264;0.23819
5D Sphere_4;0.72878;0.31724
5D Sphere_5;0.54759;0.28495
5D Sphere_6;0.63536;0.4078
5D Sphere_7;0.81696;0.2114
5D Sphere_8;0.7903;0.16478
5D Sphere_9;0.80473;0.29681
5D Sphere_10;0.72599;0.30129
5D Sphere_11;0.8602;0.33036
5D Sphere_12;0.57183;0.25481
5D Sphere_13;0.68953;0.17148
5D Sphere_14;0.80855;0.23851
5D Sphere_15;0.98971;0.22871
5D Sphere_16;0.52337;0.2469
5D Sphere_17;0.55153;0.22944
5D Sphere_18;0.79071;0.23161
5D Sphere_19;0.81646;0.36371
GS Balanced_0;0.54775;0.12493
GS Balanced_1;0.58943;0.23497
GS Balanced_2;0.6781;0.04306
GS Balanced_3;0.53918;0.20912
GS Balanced_4;0.49534;0.14964
GS Balanced_5;0.56152;0.06892
GS Balanced_6;0.57759;0.08061
GS Balanced_7;0.55679;0.26155
GS Balanced_8;0.64983;0.20741
GS Balanced_9;0.4824;0.21588
GS Balanced_10;0.74728;0.08639
GS Balanced_11;0.56976;0.0398
GS Balanced_12;0.76901;0.09078
GS Balanced_13;0.55693;0.13026
GS Balanced_14;0.5817;0.06215
GS Balanced_15;0.56765;0.07678
GS Balanced_16;0.74162;0.09803
GS Balanced_17;0.61094;0.03156
GS Balanced_18;0.5268;0.24199
GS Balanced_19;0.67701;0.00408
GS Caterpillar_0;0.94884;0.49892
GS Caterpillar_1;1.02671;0.55022
GS Caterpillar_2;0.87322;0.52442
GS Caterpillar_3;0.90474;0.48802
GS Caterpillar_4;0.87774;0.56137
GS Caterpillar_5;0.87972;0.45177
GS Caterpillar_6;0.76776;0.5918
GS Caterpillar_7;0.69966;0.57567
GS Caterpillar_8;0.71387;0.59851
GS Caterpillar_9;0.83174;0.5309
GS Caterpillar_10;0.85652;0.54687
GS Caterpillar_11;0.72774;0.52281
GS Caterpillar_12;0.89289;0.57065
GS Caterpillar_13;0.96487;0.4986
GS Caterpillar_14;0.67941;0.55858
GS Caterpillar_15;0.94992;0.61474
GS Caterpillar_16;0.71418;0.57921
GS Caterpillar_17;0.90036;0.5647
GS Caterpillar_18;0.72344;0.53546
GS Caterpillar_19;0.92196;0.56129
Urn_0;1.83461;0.39975
Urn_1;0.91373;0.24318
Urn_2;1.88134;0.25563
Urn_3;1.04177;0.7249
Urn_4;0.91006;0.19242
Urn_5;1.35294;0.01741
Urn_6;1.51947;0.28646
Urn_7;1.4113;0.2496
Urn_8;1.82888;0.47847
Urn_9;2.0735;0.24276
Urn_10;0.93923;0.36868
Urn_11;1.65555;-0.26729
Urn_12;2.04921;0.28739
Urn_13;2.08469;0.15967
Urn_14;0.57644;-0.0125
Urn_15;1.76743;-0.21196
Urn_16;1.50923;-0.20219
Urn_17;1.36318;-0.05825
Urn_18;1.52116;0.32133
Urn_19;1.03386;0.39233
Urn_20;0.55665;0.1138
Urn_21;1.76739;0.29489
Urn_22;1.82371;0.36356
Urn_23;1.54402;0.44518
Urn_24;1.51654;0.30874
Urn_25;1.20119;0.66035
Urn_26;2.00622;0.23306
Urn_27;1.31012;0.49921
Urn_28;1.02714;-0.08575
Urn_29;1.78219;0.23955
Urn_30;0.83621;0.29449
Urn_31;1.21314;0.57717
Urn_32;1.64499;0.32118
Urn_33;1.60822;0.43429
Urn_34;1.27223;0.27047
Urn_35;1.64437;-0.20302
Urn_36;1.49729;0.12647
Urn_37;1.42807;0.61767
Urn_38;1.93955;0.36625
Urn_39;1.26017;0.37277
Urn_40;1.99321;-0.08426
Urn_41;1.26699;0.68055
Urn_42;1.24785;0.52872
Urn_43;1.48108;-0.3198
Urn_44;1.06165;0.38016
Urn_45;1.46103;0.56146
Urn_46;1.72378;0.49525
Urn_47;1.43124;0.65852
Urn_48;1.16089;-0.29536
Urn_49;1.57086;0.21677
Urn_50;1.93619;0.0188
Urn_51;1.95877;0.25301
Urn_52;1.82351;0.2929
Urn_53;1.12793;0.31157
Urn_54;0.72725;-0.0033
Urn_55;0.60098;0.02156
Urn_56;1.29001;0.16311
Urn_57;1.63724;-0.22349
Urn_58;0.98297;0.5079
Urn_59;0.91879;0.33147
Urn_60;1.60297;0.63497
Urn_61;1.16935;-0.08305
Urn_62;1.23508;0.47102
Urn_63;0.95474;0.34782
Urn_64;1.2276;-0.46626
Urn_65;0.80324;0.35953
Urn_66;1.51243;0.29243
Urn_67;1.77893;0.34895
Urn_68;1.55748;0.56372
Urn_69;1.75479;-0.19196
Urn_70;1.61641;-0.20928
Urn_71;0.90176;0.20223
Urn_72;1.19763;0.29219
Urn_73;1.15915;0.56368
Urn_74;0.86557;0.06879
Urn_75;1.1899;0.50361
Urn_76;1.96022;0.15617
Urn_77;1.18036;0.33471
Urn_78;1.28249;0.28053
Urn_79;1.0736;-0.0635
Norm-Mallows_0;1.0085;0.09984
Norm-Mallows_1;1.89973;0.14591
Norm-Mallows_2;1.3833;-0.05624
Norm-Mallows_3;0.67087;-0.01987
Norm-Mallows_4;1.06962;0.09938
Norm-Mallows_5;1.14323;0.08832
Norm-Mallows_6;1.96076;0.10307
Norm-Mallows_7;1.54739;-0.016
Norm-Mallows_8;1.12089;-0.03101
Norm-Mallows_9;1.80209;0.11457
Norm-Mallows_10;0.6472;0.06015
Norm-Mallows_11;1.51031;0.0072
Norm-Mallows_12;1.81853;0.0744
Norm-Mallows_13;1.7559;-0.03158
Norm-Mallows_14;1.73471;0.10353
Norm-Mallows_15;1.76348;0.1142
Norm-Mallows_16;1.79502;0.00176
Norm-Mallows_17;1.27208;0.15213
Norm-Mallows_18;1.64665;-0.05587
Norm-Mallows_19;1.23285;0.02419
Norm-Mallows_20;1.69824;-0.01085
Norm-Mallows_21;1.18269;-0.00918
Norm-Mallows_22;1.73796;-0.07745
Norm-Mallows_23;1.83903;0.12343
Norm-Mallows_24;0.64004;0.022
Norm-Mallows_25;0.79985;0.0443
Norm-Mallows_26;1.10241;-0.01185
Norm-Mallows_27;1.59602;0.09063
Norm-Mallows_28;2.08422;0.14136
Norm-Mallows_29;1.15978;0.04923
Norm-Mallows_30;1.82236;0.02056
Norm-Mallows_31;1.35876;-0.06718
Norm-Mallows_32;1.83287;0.00164
Norm-Mallows_33;1.40118;-0.07666
Norm-Mallows_34;1.64531;0.02452
Norm-Mallows_35;0.77307;0.09529
Norm-Mallows_36;1.55182;-0.07214
Norm-Mallows_37;1.03479;0.03846
Norm-Mallows_38;1.72106;-0.08394
Norm-Mallows_39;1.1059;-0.05939
Norm-Mallows_40;1.24772;-0.08821
Norm-Mallows_41;1.64887;0.13587
Norm-Mallows_42;0.88798;-0.04186
Norm-Mallows_43;0.96151;0.23046
Norm-Mallows_44;1.60761;0.1839
Norm-Mallows_45;0.9126;0.05192
Norm-Mallows_46;2.09842;0.13225
Norm-Mallows_47;0.73871;0.01902
Norm-Mallows_48;2.00597;0.10864
Norm-Mallows_49;1.07288;-0.12483
Norm-Mallows_50;1.37745;0.06953
Norm-Mallows_51;0.83418;0.04759
Norm-Mallows_52;1.484;-0.00315
Norm-Mallows_53;0.88067;0.10714
Norm-Mallows_54;1.88362;0.04794
Norm-Mallows_55;0.87827;0.16918
Norm-Mallows_56;0.89458;-0.05684
Norm-Mallows_57;1.59021;-0.12592
Norm-Mallows_58;0.85573;-0.02811
Norm-Mallows_59;1.4088;-0.1144
Norm-Mallows_60;2.10724;0.17842
Norm-Mallows_61;1.03142;0.03986
Norm-Mallows_62;1.36007;-0.0732
Norm-Mallows_63;1.0141;0.09932
Norm-Mallows_64;0.61461;0.01189
Norm-Mallows_65;0.82653;0.02428
Norm-Mallows_66;0.75883;0.18001
Norm-Mallows_67;0.80399;0.08647
Norm-Mallows_68;1.23597;0.03135
Norm-Mallows_69;1.551;-0.09949
Norm-Mallows_70;1.50291;0.03207
Norm-Mallows_71;0.88476;0.08357
Norm-Mallows_72;1.47878;-0.09421
Norm-Mallows_73;1.42396;-0.13064
Norm-Mallows_74;1.50785;0.09582
Norm-Mallows_75;1.77943;0.12294
Norm-Mallows_76;1.05099;0.13922
Norm-Mallows_77;1.39071;-0.08109
Norm-Mallows_78;1.11456;0.09909
Norm-Mallows_79;2.10509;0.15268
ANID_0;2.06931;0.26763
ANID_1;2.01802;0.30737
ANID_2;1.95193;0.36569
ANID_3;1.90367;0.39819
ANID_4;1.83806;0.44262
ANID_5;1.77646;0.4666
ANID_6;1.72457;0.46855
ANID_7;1.68004;0.4857
ANID_8;1.63178;0.50677
ANID_9;1.58044;0.5358
ANID_10;1.523;0.56316
ANID_11;1.44838;0.56887
ANID_12;1.38158;0.64354
ANID_13;1.32793;0.66515
ANID_14;1.25374;0.68054
ANID_15;1.21835;0.69955
ANID_16;1.15796;0.7132
ANID_17;1.10506;0.72424
ANID_18;1.06118;0.73704
ANID_19;1.03341;0.76897
STID_0;2.12788;0.12564
STID_1;2.07172;0.088
STID_2;2.04595;0.03614
STID_3;2.03723;0.00613
STID_4;2.02726;-0.03804
STID_5;1.99176;-0.06851
STID_6;1.97529;-0.10597
STID_7;1.94717;-0.13879
STID_8;1.90376;-0.15621
STID_9;1.89417;-0.19362
STID_10;1.85608;-0.21474
STID_11;1.84752;-0.25713
STID_12;1.81639;-0.28593
STID_13;1.78204;-0.30736
STID_14;1.76024;-0.34076
STID_15;1.73542;-0.36214
STID_16;1.72496;-0.40852
STID_17;1.69117;-0.42024
STID_18;1.68863;-0.46502
STID_19;1.66351;-0.49333
ANUN_0;0.46121;0.20461
ANUN_1;0.50848;0.2378
ANUN_2;0.50867;0.28932
ANUN_3;0.52364;0.32883
ANUN_4;0.53671;0.35738
ANUN_5;0.55174;0.38865
ANUN_6;0.57006;0.42096
ANUN_7;0.58857;0.44989
ANUN_8;0.60289;0.484
ANUN_9;0.62526;0.5089
ANUN_10;0.66329;0.53303
ANUN_11;0.71237;0.55685
ANUN_12;0.75749;0.60029
ANUN_13;0.79752;0.63305
ANUN_14;0.81088;0.66611
ANUN_15;0.83837;0.67489
ANUN_16;0.85788;0.69678
ANUN_17;0.87625;0.73386
ANUN_18;0.91589;0.73338
ANUN_19;0.93446;0.75164
STUN_0;0.50437;0.09826
STUN_1;0.59221;0.01389
STUN_2;0.65559;-0.02985
STUN_3;0.76246;0.00062
STUN_4;0.76446;-0.06198
STUN_5;0.7803;-0.11718
STUN_6;0.8164;-0.17352
STUN_7;0.9334;-0.18422
STUN_8;0.99239;-0.24528
STUN_9;1.02224;-0.30902
STUN_10;1.06831;-0.33746
STUN_11;1.11048;-0.38938
STUN_12;1.1739;-0.421
STUN_13;1.24563;-0.43166
STUN_14;1.33248;-0.44394
STUN_15;1.39005;-0.45006
STUN_16;1.44625;-0.45639
STUN_17;1.49107;-0.4594
STUN_18;1.51993;-0.46889
STUN_19;1.56444;-0.49077
