instance_id;x;y
ID;4.49276;0.73623
UN;-0.63613;0.73623
AN;0.36262;2.62742
ST;3.11954;-0.94948
Impartial Culture_0;-0.17764;0.71488
Impartial Culture_1;-0.19496;0.8381
Impartial Culture_2;-0.34107;0.77842
Impartial Culture_3;-0.26455;0.4683
Impartial Culture_4;-0.17444;0.54702
Impartial Culture_5;-0.32466;0.83705
Impartial Culture_6;-0.3492;0.48516
Impartial Culture_7;-0.10502;0.43826
Impartial Culture_8;-0.07059;0.53298
Impartial Culture_9;-0.33485;0.69062
Impartial Culture_10;-0.36683;0.96416
Impartial Culture_11;-0.19915;0.63514
Impartial Culture_12;-0.22648;0.92542
Impartial Culture_13;0.26624;0.76805
Impartial Culture_14;-0.11012;0.79988
Impartial Culture_15;0.06948;0.70291
Impartial Culture_16;-0.34413;1.00243
Impartial Culture_17;-0.3359;0.58325
Impartial Culture_18;0.08331;0.90569
Impartial Culture_19;-0.30217;0.79677
SP by Conitzer_0;1.12023;1.53941
SP by Conitzer_1;1.03562;1.40546
SP by Conitzer_2;1.08481;1.16089
SP by Conitzer_3;1.12009;1.43536
SP by Conitzer_4;1.25648;1.25662
SP by Conitzer_5;1.0182;1.53963
SP by Conitzer_6;0.97954;1.20732
SP by Conitzer_7;1.13862;1.20863
SP by Conitzer_8;0.95057;1.47684
SP by Conitzer_9;0.90894;1.43603
SP by Conitzer_10;1.0353;1.2711
SP by Conitzer_11;0.90717;1.26054
SP by Conitzer_12;1.22821;1.12629
SP by Conitzer_13;0.84678;1.37853
SP by Conitzer_14;1.26567;1.03742
SP by Conitzer_15;1.44275;0.85879
SP by Conitzer_16;1.20626;1.37399
SP by Conitzer_17;1.17746;1.00884
SP by Conitzer_18;1.06327;1.32778
SP by Conitzer_19;0.839;1.51668
SP by Walsh_0;1.73226;0.40919
SP by Walsh_1;1.8324;0.42052
SP by Walsh_2;1.83903;-0.20205
SP by Walsh_3;1.60574;0.19743
SP by Walsh_4;2.02768;-0.12149
SP by Walsh_5;1.57956;0.3574
SP by Walsh_6;1.70525;-0.04117
SP by Walsh_7;1.43669;0.67381
SP by Walsh_8;1.64265;-0.11773
SP by Walsh_9;1.72586;0.06379
SP by Walsh_10;1.91158;-0.15819
SP by Walsh_11;1.88156;0.09033
SP by Walsh_12;1.73392;0.21225
SP by Walsh_13;1.79494;-0.06646
SP by Walsh_14;1.99853;0.03302
SP by Walsh_15;1.89159;-0.07656
SP by Walsh_16;1.80403;0.27028
SP by Walsh_17;1.64235;0.02975
SP by Walsh_18;1.8249;0.02713
SP by Walsh_19;1.7216;0.30129
SPOC_0;-0.51334;0.67816
SPOC_1;-0.41038;0.48518
SPOC_2;-0.38739;0.73123
SPOC_3;-0.43197;0.86634
SPOC_4;-0.08989;0.64436
SPOC_5;-0.4395;0.63362
SPOC_6;-0.39209;0.6378
SPOC_7;-0.05232;0.73561
SPOC_8;-0.29483;0.9212
SPOC_9;-0.04032;0.43416
SPOC_10;-0.17566;0.77838
SPOC_11;-0.51042;0.77907
SPOC_12;-0.31428;0.61415
SPOC_13;-0.49268;0.74309
SPOC_14;-0.45744;0.70823
SPOC_15;-0.02218;0.5828
SPOC_16;-0.26568;0.53409
SPOC_17;-0.50922;0.70383
SPOC_18;-0.22542;0.56975
SPOC_19;-0.11267;0.51309
Single-Crossing_0;1.67189;1.57212
Single-Crossing_1;1.51959;-0.46533
Single-Crossing_2;1.86301;0.24576
Single-Crossing_3;1.62336;-0.22361
Single-Crossing_4;1.76154;1.31871
Single-Crossing_5;1.80038;1.62366
Single-Crossing_6;1.91459;1.51932
Single-Crossing_7;1.23509;-0.52623
Single-Crossing_8;1.29089;-0.60806
Single-Crossing_9;1.90269;1.32398
Single-Crossing_10;1.61165;0.46897
Single-Crossing_11;1.97109;1.627
Single-Crossing_12;1.92098;1.19929
Single-Crossing_13;1.54419;0.08938
Single-Crossing_14;1.31653;-0.31843
Single-Crossing_15;1.36735;0.22593
Single-Crossing_16;1.61101;1.86384
Single-Crossing_17;1.68695;0.56362
Single-Crossing_18;1.50705;-0.12458
Single-Crossing_19;1.27214;0.0082
1D Uniform_0;0.95976;2.06889
1D Uniform_1;1.51828;1.75801
1D Uniform_2;1.51711;1.39926
1D Uniform_3;0.69854;1.6774
1D Uniform_4;0.98969;1.84452
1D Uniform_5;1.20947;1.96844
1D Uniform_6;2.06312;1.69866
1D Uniform_7;1.03252;2.06211
1D Uniform_8;1.74745;1.04047
1D Uniform_9;1.38332;1.23785
1D Uniform_10;0.82548;1.26051
1D Uniform_11;2.0363;1.5965
1D Uniform_12;1.41093;1.55094
1D Uniform_13;0.89812;1.74067
1D Uniform_14;1.3838;1.46994
1D Uniform_15;0.68589;1.40153
1D Uniform_16;0.72504;1.85867
1D Uniform_17;1.02084;1.6141
1D Uniform_18;0.92867;1.66348
1D Uniform_19;2.67506;1.47387
2D Uniform_0;1.05943;0.89572
2D Uniform_1;0.25705;0.5637
2D Uniform_2;0.88415;0.88897
2D Uniform_3;1.33705;0.74373
2D Uniform_4;0.67739;0.84727
2D Uniform_5;1.47399;0.94489
2D Uniform_6;1.84464;0.66402
2D Uniform_7;0.73932;0.59685
2D Uniform_8;0.85899;-0.25378
2D Uniform_9;2.27123;0.70147
2D Uniform_10;1.39868;1.20024
2D Uniform_11;0.81121;0.07852
2D Uniform_12;1.10192;1.47934
2D Uniform_13;0.69086;1.62025
2D Uniform_14;1.20611;0.81127
2D Uniform_15;1.08876;1.04798
2D Uniform_16;0.38822;1.16593
2D Uniform_17;0.76165;1.03873
2D Uniform_18;1.73678;-0.17377
2D Uniform_19;1.59033;1.57432
3D Uniform_0;1.19668;-0.08348
3D Uniform_1;0.49577;1.02501
3D Uniform_2;0.03528;0.50628
3D Uniform_3;0.96001;1.09895
3D Uniform_4;0.4972;0.65925
3D Uniform_5;1.51571;0.88668
3D Uniform_6;0.3871;0.66849
3D Uniform_7;1.62643;0.80431
3D Uniform_8;1.32767;0.33911
3D Uniform_9;1.02087;0.87408
3D Uniform_10;1.37546;0.51912
3D Uniform_11;1.43545;1.00604
3D Uniform_12;0.58806;1.13804
3D Uniform_13;1.17434;-0.2109
3D Uniform_14;1.54798;1.02091
3D Uniform_15;0.39581;1.04068
3D Uniform_16;0.29738;0.19665
3D Uniform_17;0.14455;0.75064
3D Uniform_18;0.86367;0.5291
3D Uniform_19;2.20877;1.31194
5D Uniform_0;0.54621;0.13052
5D Uniform_1;1.45835;0.34432
5D Uniform_2;1.09112;0.67948
5D Uniform_3;0.70693;0.71396
5D Uniform_4;0.77092;-0.37537
5D Uniform_5;1.0608;0.52655
5D Uniform_6;2.00492;0.79896
5D Uniform_7;1.66753;0.92911
5D Uniform_8;1.78847;-0.45514
5D Uniform_9;1.98085;0.99222
5D Uniform_10;1.36871;0.09643
5D Uniform_11;0.95235;0.72353
5D Uniform_12;0.30931;0.89301
5D Uniform_13;1.07626;0.75587
5D Uniform_14;1.18094;0.64925
5D Uniform_15;0.13705;0.57165
5D Uniform_16;0.9273;0.82577
5D Uniform_17;1.82656;0.79016
5D Uniform_18;0.38046;0.74976
5D Uniform_19;0.75123;-0.02724
10D Uniform_0;0.26526;0.6495
10D Uniform_1;1.58934;1.36719
10D Uniform_2;0.63149;0.48454
10D Uniform_3;0.78322;0.64068
10D Uniform_4;-0.17769;1.14871
10D Uniform_5;1.13313;0.94669
10D Uniform_6;-0.21684;0.8963
10D Uniform_7;1.08582;0.36206
10D Uniform_8;0.43494;0.0153
10D Uniform_9;-0.2284;1.15672
10D Uniform_10;1.23605;0.33847
10D Uniform_11;1.51138;-0.3639
10D Uniform_12;1.36913;0.56238
10D Uniform_13;1.75161;-0.00021
10D Uniform_14;0.94329;-0.19767
10D Uniform_15;1.08995;0.12803
10D Uniform_16;0.35171;0.58391
10D Uniform_17;0.95464;-0.27973
10D Uniform_18;1.03255;0.48535
10D Uniform_19;1.14573;0.04941
20D Uniform_0;0.90713;0.20777
20D Uniform_1;0.35762;0.07315
20D Uniform_2;0.63193;1.05667
20D Uniform_3;-0.46402;0.61405
20D Uniform_4;0.20317;0.31327
20D Uniform_5;0.25362;0.46601
20D Uniform_6;0.01083;0.46671
20D Uniform_7;1.04194;0.63053
20D Uniform_8;0.48133;0.45619
20D Uniform_9;0.55957;0.47883
20D Uniform_10;0.13929;0.4146
20D Uniform_11;0.46726;0.27949
20D Uniform_12;0.79848;0.1541
20D Uniform_13;0.08603;0.80591
20D Uniform_14;0.8361;0.38144
20D Uniform_15;0.48855;0.69678
20D Uniform_16;-0.05652;0.83155
20D Uniform_17;0.30723;0.03117
20D Uniform_18;0.31998;0.41452
20D Uniform_19;0.03654;0.42342
2D Sphere_0;-0.27852;1.31101
2D Sphere_1;-0.18838;1.39623
2D Sphere_2;0.16595;1.79778
2D Sphere_3;-0.29704;1.12693
2D Sphere_4;0.02856;1.37229
2D Sphere_5;0.3999;1.34444
2D Sphere_6;0.21801;2.00931
2D Sphere_7;0.5463;2.32729
2D Sphere_8;0.51188;1.73548
2D Sphere_9;0.24269;1.49462
2D Sphere_10;0.13058;1.54609
2D Sphere_11;-0.14568;0.96617
2D Sphere_12;0.2542;1.9485
2D Sphere_13;0.09038;2.12904
2D Sphere_14;0.0023;0.64367
2D Sphere_15;0.14999;1.19958
2D Sphere_16;-0.16384;0.58606
2D Sphere_17;0.16168;2.15266
2D Sphere_18;0.31467;2.24836
2D Sphere_19;-0.10904;1.19476
3D Sphere_0;-0.33315;0.91645
3D Sphere_1;-0.09206;1.06922
3D Sphere_2;0.2743;1.43027
3D Sphere_3;-0.26813;1.4265
3D Sphere_4;-0.25374;0.72336
3D Sphere_5;0.09895;1.46104
3D Sphere_6;0.05536;1.08909
3D Sphere_7;-0.05459;1.38961
3D Sphere_8;-0.30232;1.23626
3D Sphere_9;-0.05115;0.97178
3D Sphere_10;-0.01093;1.23429
3D Sphere_11;0.21836;1.08847
3D Sphere_12;-0.15012;0.83222
3D Sphere_13;0.12049;1.36114
3D Sphere_14;-0.28028;0.6208
3D Sphere_15;-0.12843;1.09676
3D Sphere_16;0.58309;0.68441
3D Sphere_17;0.1201;0.98032
3D Sphere_18;-0.22217;0.48281
3D Sphere_19;-0.24462;0.85076
5D Sphere_0;-0.48075;0.88099
5D Sphere_1;0.32769;1.05833
5D Sphere_2;0.0187;0.90237
5D Sphere_3;-0.03986;0.79345
5D Sphere_4;-0.07932;1.22145
5D Sphere_5;-0.39888;1.01587
5D Sphere_6;-0.05797;1.13645
5D Sphere_7;0.03529;0.94181
5D Sphere_8;-0.45719;0.67318
5D Sphere_9;-0.26822;1.02303
5D Sphere_10;0.19729;1.21503
5D Sphere_11;-0.14878;1.45875
5D Sphere_12;-0.29395;0.75795
5D Sphere_13;-0.1066;0.88109
5D Sphere_14;-0.03244;0.94795
5D Sphere_15;-0.20357;0.43493
5D Sphere_16;0.10343;1.01384
5D Sphere_17;0.26997;0.98199
5D Sphere_18;-0.23488;1.20551
5D Sphere_19;-0.43182;0.92639
GS Balanced_0;-0.50879;0.8186
GS Balanced_1;-0.2369;0.76214
GS Balanced_2;-0.15754;0.74959
GS Balanced_3;-0.39465;0.67037
GS Balanced_4;-0.35734;0.80821
GS Balanced_5;-0.42554;0.8131
GS Balanced_6;-0.20876;0.53013
GS Balanced_7;-0.38507;0.60618
GS Balanced_8;-0.30164;0.6531
GS Balanced_9;-0.45799;0.75194
GS Balanced_10;-0.43849;0.77311
GS Balanced_11;0.40018;0.2033
GS Balanced_12;-0.35425;0.72948
GS Balanced_13;-0.14767;0.43919
GS Balanced_14;-0.45478;0.9713
GS Balanced_15;-0.59623;0.74593
GS Balanced_16;0.2537;0.2786
GS Balanced_17;-0.46428;0.55058
GS Balanced_18;-0.3996;0.92562
GS Balanced_19;-0.38763;0.87818
GS Caterpillar_0;-0.37391;1.56625
GS Caterpillar_1;0.01189;1.62756
GS Caterpillar_2;0.38231;1.86211
GS Caterpillar_3;0.50236;1.66588
GS Caterpillar_4;0.17622;1.74485
GS Caterpillar_5;-0.1936;1.68678
GS Caterpillar_6;-0.2185;1.85992
GS Caterpillar_7;0.05092;1.71937
GS Caterpillar_8;-0.01189;1.70258
GS Caterpillar_9;0.41774;1.72522
GS Caterpillar_10;-0.2409;1.77214
GS Caterpillar_11;0.19558;1.71928
GS Caterpillar_12;-0.10392;1.81053
GS Caterpillar_13;0.34051;1.74891
GS Caterpillar_14;-0.1582;1.75024
GS Caterpillar_15;0.00918;1.81236
GS Caterpillar_16;0.1137;1.72816
GS Caterpillar_17;-0.36369;1.7354
GS Caterpillar_18;-0.29516;1.69462
GS Caterpillar_19;-0.38531;1.66397
Urn_0;0.54281;0.73499
Urn_1;0.05307;0.17016
Urn_2;4.47291;0.79213
Urn_3;3.24598;-0.3395
Urn_4;3.08902;1.5717
Urn_5;1.87519;-0.83876
Urn_6;1.58539;1.07715
Urn_7;2.74293;-0.00132
Urn_8;2.07076;-0.8258
Urn_9;3.63082;1.31213
Urn_10;0.33231;0.79271
Urn_11;4.49334;0.73584
Urn_12;2.60908;0.80267
Urn_13;0.4486;0.1597
Urn_14;2.88157;1.25861
Urn_15;-0.14587;0.31426
Urn_16;3.27371;1.03962
Urn_17;2.34712;-0.17386
Urn_18;0.55071;1.72409
Urn_19;3.03255;-0.82702
Urn_20;0.73167;-0.33144
Urn_21;1.81047;1.07075
Urn_22;0.78268;1.35218
Urn_23;3.99722;0.32218
Urn_24;1.64962;1.3333
Urn_25;3.3195;-0.01713
Urn_26;4.32614;0.86095
Urn_27;0.00263;0.78341
Urn_28;2.28589;1.00047
Urn_29;4.34164;0.93168
Urn_30;3.0471;0.19791
Urn_31;-0.34389;0.25278
Urn_32;4.44886;0.74056
Urn_33;2.46081;-0.17287
Urn_34;4.25221;0.37162
Urn_35;0.79893;1.11243
Urn_36;-0.30006;0.87638
Urn_37;1.76727;1.37778
Urn_38;3.63864;1.12557
Urn_39;1.44604;0.78557
Urn_40;3.11829;1.11468
Urn_41;1.67382;-0.90005
Urn_42;3.54308;0.41367
Urn_43;2.69799;1.33297
Urn_44;0.47638;-0.35927
Urn_45;1.31999;1.83714
Urn_46;1.18939;-0.74284
Urn_47;3.19991;1.29883
Urn_48;3.98295;1.07824
Urn_49;4.49264;0.73511
Urn_50;0.03764;0.35049
Urn_51;0.21735;0.6045
Urn_52;0.2978;0.294
Urn_53;0.24062;0.03194
Urn_54;0.57633;0.19936
Urn_55;0.04966;0.04374
Urn_56;0.38047;0.95377
Urn_57;1.72223;1.13043
Urn_58;0.0909;0.68161
Urn_59;0.88343;0.62788
Urn_60;3.00812;1.21407
Urn_61;2.62303;0.93353
Urn_62;2.25788;1.67709
Urn_63;3.72082;1.29642
Urn_64;0.08712;1.24029
Urn_65;0.78808;0.03714
Urn_66;2.03106;-0.65812
Urn_67;2.08757;1.196
Urn_68;3.36309;1.33798
Urn_69;0.35482;0.53839
Urn_70;4.48874;0.70129
Urn_71;-0.06339;1.43977
Urn_72;3.00028;-0.49589
Urn_73;3.23091;1.41368
Urn_74;0.19012;0.80195
Urn_75;1.26349;-0.1558
Urn_76;0.40696;0.88654
Urn_77;0.28256;0.81291
Urn_78;4.38085;0.98882
Urn_79;0.56484;-0.13874
Norm-Mallows_0;2.68053;0.17185
Norm-Mallows_1;2.96597;0.32341
Norm-Mallows_2;3.15971;0.4782
Norm-Mallows_3;2.32239;0.34792
Norm-Mallows_4;-0.10144;0.63234
Norm-Mallows_5;3.00428;0.46052
Norm-Mallows_6;3.66757;0.58368
Norm-Mallows_7;3.90682;0.62874
Norm-Mallows_8;0.10378;0.7597
Norm-Mallows_9;1.90379;0.47072
Norm-Mallows_10;2.32273;0.59046
Norm-Mallows_11;0.58993;0.55474
Norm-Mallows_12;2.13843;0.46027
Norm-Mallows_13;2.68427;0.34626
Norm-Mallows_14;2.04465;0.1161
Norm-Mallows_15;-0.14518;0.6941
Norm-Mallows_16;0.88164;0.29325
Norm-Mallows_17;3.32174;0.44985
Norm-Mallows_18;0.0199;0.67468
Norm-Mallows_19;0.06113;0.53509
Norm-Mallows_20;3.9068;0.82626
Norm-Mallows_21;-0.04897;0.56678
Norm-Mallows_22;2.71306;0.26685
Norm-Mallows_23;1.27912;0.15523
Norm-Mallows_24;-0.25319;0.54956
Norm-Mallows_25;1.09436;0.4618
Norm-Mallows_26;1.47922;0.17147
Norm-Mallows_27;4.47571;0.73726
Norm-Mallows_28;3.80937;0.71323
Norm-Mallows_29;-0.3402;0.54892
Norm-Mallows_30;-0.2421;0.81794
Norm-Mallows_31;2.87603;0.48371
Norm-Mallows_32;1.09565;0.22107
Norm-Mallows_33;2.97582;0.60807
Norm-Mallows_34;0.18412;0.41262
Norm-Mallows_35;0.55722;0.24188
Norm-Mallows_36;3.71857;0.7663
Norm-Mallows_37;1.83361;0.58896
Norm-Mallows_38;-0.09479;0.7126
Norm-Mallows_39;2.29751;0.04394
Norm-Mallows_40;0.70444;0.36255
Norm-Mallows_41;0.99806;0.32635
Norm-Mallows_42;3.99121;0.81262
Norm-Mallows_43;3.67667;0.49136
Norm-Mallows_44;0.36487;0.30784
Norm-Mallows_45;2.46781;0.39366
Norm-Mallows_46;4.19906;0.78314
Norm-Mallows_47;3.5551;0.53033
Norm-Mallows_48;2.36003;0.22958
Norm-Mallows_49;2.45998;0.09625
Norm-Mallows_50;3.82122;0.84168
Norm-Mallows_51;0.65873;0.2719
Norm-Mallows_52;4.02649;0.73561
Norm-Mallows_53;4.09496;0.75096
Norm-Mallows_54;3.73209;0.83799
Norm-Mallows_55;-0.42621;0.54845
Norm-Mallows_56;3.45884;0.69699
Norm-Mallows_57;1.51;-0.03236
Norm-Mallows_58;2.30175;0.43947
Norm-Mallows_59;0.54354;0.38165
Norm-Mallows_60;4.38091;0.69356
Norm-Mallows_61;2.93629;0.68069
Norm-Mallows_62;2.62744;0.5202
Norm-Mallows_63;3.64543;0.65135
Norm-Mallows_64;3.30433;0.73447
Norm-Mallows_65;0.1962;0.47817
Norm-Mallows_66;0.06617;0.60125
Norm-Mallows_67;0.36353;0.47273
Norm-Mallows_68;2.05095;0.32641
Norm-Mallows_69;-0.24542;0.65959
Norm-Mallows_70;4.03224;0.64747
Norm-Mallows_71;0.97336;0.10084
Norm-Mallows_72;1.76254;0.4507
Norm-Mallows_73;3.21101;0.62774
Norm-Mallows_74;3.42021;0.61806
Norm-Mallows_75;3.76988;0.65333
Norm-Mallows_76;0.48235;0.34253
Norm-Mallows_77;1.96448;0.28295
Norm-Mallows_78;-0.27038;0.68
Norm-Mallows_79;0.32973;0.69588
ANID_0;4.41098;0.89977
ANID_1;4.24451;1.06896
ANID_2;4.07138;1.2135
ANID_3;3.8767;1.33533
ANID_4;3.67196;1.45708
ANID_5;3.46303;1.56085
ANID_6;3.25195;1.6707
ANID_7;3.03033;1.75881
ANID_8;2.82014;1.82775
ANID_9;2.61476;1.90356
ANID_10;2.40897;1.98847
ANID_11;2.19772;2.08146
ANID_12;1.98048;2.1696
ANID_13;1.76262;2.24989
ANID_14;1.54578;2.32095
ANID_15;1.32875;2.38349
ANID_16;1.11248;2.43462
ANID_17;0.90613;2.47352
ANID_18;0.71679;2.51677
ANID_19;0.53421;2.56856
STID_0;4.40434;0.71255
STID_1;4.32309;0.63391
STID_2;4.23992;0.56821
STID_3;4.15533;0.4955
STID_4;4.07303;0.41732
STID_5;3.99997;0.34148
STID_6;3.93023;0.25712
STID_7;3.85882;0.17316
STID_8;3.78684;0.08983
STID_9;3.71479;0.00786
STID_10;3.64514;-0.07445
STID_11;3.58092;-0.15919
STID_12;3.52044;-0.24513
STID_13;3.46208;-0.33158
STID_14;3.40404;-0.41753
STID_15;3.34595;-0.50252
STID_16;3.29724;-0.59128
STID_17;3.24667;-0.67897
STID_18;3.19474;-0.76571
STID_19;3.14841;-0.85437
ANUN_0;-0.60282;0.81699
ANUN_1;-0.56689;0.89122
ANUN_2;-0.53499;0.9746
ANUN_3;-0.49556;1.06582
ANUN_4;-0.45856;1.15134
ANUN_5;-0.43225;1.24006
ANUN_6;-0.40528;1.3329
ANUN_7;-0.37285;1.42835
ANUN_8;-0.32773;1.5263
ANUN_9;-0.27515;1.6287
ANUN_10;-0.22144;1.74363
ANUN_11;-0.16216;1.86128
ANUN_12;-0.10866;1.96237
ANUN_13;-0.06237;2.05514
ANUN_14;-0.0204;2.14967
ANUN_15;0.03992;2.24134
ANUN_16;0.11081;2.321
ANUN_17;0.17863;2.39708
ANUN_18;0.24343;2.47309
ANUN_19;0.30239;2.55084
STUN_0;-0.50798;0.62464
STUN_1;-0.33612;0.50127
STUN_2;-0.17726;0.3832
STUN_3;-0.02424;0.28282
STUN_4;0.13404;0.18495
STUN_5;0.29673;0.07735
STUN_6;0.49222;-0.02063
STUN_7;0.67069;-0.10943
STUN_8;0.85455;-0.19658
STUN_9;1.04685;-0.28854
STUN_10;1.21842;-0.38264
STUN_11;1.39832;-0.48524
STUN_12;1.58692;-0.58694
STUN_13;1.79008;-0.65433
STUN_14;1.99956;-0.70148
STUN_15;2.20658;-0.73242
STUN_16;2.38817;-0.77973
STUN_17;2.56216;-0.83236
STUN_18;2.73617;-0.88649
STUN_19;2.91361;-0.9415
