instance_id;x;y
ID;1.10086;1.36178
UN;-0.57741;1.36178
AN;-0.19654;0.3442
ST;0.69104;0.54077
Impartial Culture_0;-0.48011;1.32877
Impartial Culture_1;-0.527;1.26305
Impartial Culture_2;-0.48936;1.25123
Impartial Culture_3;-0.33511;1.38482
Impartial Culture_4;-0.44936;1.3967
Impartial Culture_5;-0.41582;1.3225
Impartial Culture_6;-0.34053;1.21724
Impartial Culture_7;-0.32997;1.25451
Impartial Culture_8;-0.38117;1.25905
Impartial Culture_9;-0.47458;1.37211
Impartial Culture_10;-0.40675;1.39042
Impartial Culture_11;-0.41208;1.39711
Impartial Culture_12;-0.41716;1.34148
Impartial Culture_13;-0.47945;1.21809
Impartial Culture_14;-0.3597;1.28741
Impartial Culture_15;-0.51142;1.34496
Impartial Culture_16;-0.42195;1.27155
Impartial Culture_17;-0.45417;1.29575
Impartial Culture_18;-0.32769;1.34609
Impartial Culture_19;-0.32215;1.26041
SP by Conitzer_0;-0.19744;0.73529
SP by Conitzer_1;-0.01024;0.73815
SP by Conitzer_2;-0.09407;0.74841
SP by Conitzer_3;0.01603;0.81812
SP by Conitzer_4;0.03557;0.75043
SP by Conitzer_5;-0.05195;0.7246
SP by Conitzer_6;-0.16691;0.69424
SP by Conitzer_7;-0.04729;0.7712
SP by Conitzer_8;-0.11427;0.70809
SP by Conitzer_9;-0.13107;0.74594
SP by Conitzer_10;-0.19392;0.67206
SP by Conitzer_11;-0.0895;0.79516
SP by Conitzer_12;-0.12893;0.66713
SP by Conitzer_13;0.06945;0.81204
SP by Conitzer_14;0.05226;0.78758
SP by Conitzer_15;-0.17313;0.75832
SP by Conitzer_16;-0.0022;0.77715
SP by Conitzer_17;-0.05149;0.81836
SP by Conitzer_18;-0.13778;0.7941
SP by Conitzer_19;-0.09317;0.67775
SP by Walsh_0;0.69746;0.90726
SP by Walsh_1;0.62462;1.12299
SP by Walsh_2;0.54631;0.99133
SP by Walsh_3;0.67986;0.85619
SP by Walsh_4;0.57357;0.96156
SP by Walsh_5;0.64029;0.88885
SP by Walsh_6;0.62277;0.98347
SP by Walsh_7;0.66686;1.00526
SP by Walsh_8;0.62492;1.07366
SP by Walsh_9;0.67147;1.05555
SP by Walsh_10;0.59389;0.92732
SP by Walsh_11;0.56549;0.89027
SP by Walsh_12;0.70201;0.96207
SP by Walsh_13;0.52228;0.92894
SP by Walsh_14;0.58781;0.85701
SP by Walsh_15;0.56182;1.03077
SP by Walsh_16;0.65991;0.93811
SP by Walsh_17;0.63625;0.83567
SP by Walsh_18;0.57375;1.08348
SP by Walsh_19;0.61553;1.02296
SPOC_0;-0.37548;1.32856
SPOC_1;-0.22917;1.24312
SPOC_2;-0.23579;1.34816
SPOC_3;-0.57055;1.30708
SPOC_4;-0.33516;1.32688
SPOC_5;-0.53051;1.30692
SPOC_6;-0.54861;1.21826
SPOC_7;-0.46578;1.33881
SPOC_8;-0.30296;1.36481
SPOC_9;-0.57059;1.24623
SPOC_10;-0.26599;1.26621
SPOC_11;-0.53185;1.22239
SPOC_12;-0.44942;1.2084
SPOC_13;-0.36787;1.36293
SPOC_14;-0.53887;1.26787
SPOC_15;-0.33938;1.39359
SPOC_16;-0.377;1.36597
SPOC_17;-0.37695;1.23993
SPOC_18;-0.42474;1.27143
SPOC_19;-0.51745;1.34034
Single-Crossing_0;0.45866;0.74042
Single-Crossing_1;0.37066;0.70547
Single-Crossing_2;0.42159;0.99773
Single-Crossing_3;0.38315;1.1476
Single-Crossing_4;0.45966;0.92522
Single-Crossing_5;0.36652;1.00792
Single-Crossing_6;0.39108;0.88604
Single-Crossing_7;0.37682;1.38494
Single-Crossing_8;0.4051;0.80452
Single-Crossing_9;0.35406;0.6785
Single-Crossing_10;0.36037;0.76711
Single-Crossing_11;0.41659;0.94571
Single-Crossing_12;0.47639;0.84155
Single-Crossing_13;0.4938;1.05963
Single-Crossing_14;0.44943;0.8022
Single-Crossing_15;0.43274;0.86559
Single-Crossing_16;0.40672;0.75085
Single-Crossing_17;0.37183;0.83837
Single-Crossing_18;0.42201;1.06596
Single-Crossing_19;0.47032;1.37795
1D Uniform_0;-0.01164;0.68799
1D Uniform_1;0.01666;0.63709
1D Uniform_2;-0.06389;0.60192
1D Uniform_3;0.13924;0.81978
1D Uniform_4;0.05261;0.63418
1D Uniform_5;0.0812;0.73945
1D Uniform_6;0.1492;0.72011
1D Uniform_7;0.19895;0.68656
1D Uniform_8;0.10266;0.77247
1D Uniform_9;0.02724;0.70066
1D Uniform_10;-0.14203;0.57122
1D Uniform_11;-0.03633;0.65065
1D Uniform_12;-0.09976;0.62565
1D Uniform_13;-0.05887;0.66752
1D Uniform_14;0.04249;0.57442
1D Uniform_15;0.22002;0.55934
1D Uniform_16;0.21432;0.83404
1D Uniform_17;0.22322;0.73668
1D Uniform_18;-0.09637;0.53745
1D Uniform_19;-0.17091;0.60628
2D Uniform_0;0.04929;0.90392
2D Uniform_1;-0.13016;0.88281
2D Uniform_2;0.15996;0.92819
2D Uniform_3;0.16124;1.01836
2D Uniform_4;-0.01717;0.93178
2D Uniform_5;0.01659;0.86809
2D Uniform_6;-0.0955;0.90659
2D Uniform_7;0.25126;0.87105
2D Uniform_8;0.17048;0.97905
2D Uniform_9;-0.03512;0.8916
2D Uniform_10;0.11066;0.93603
2D Uniform_11;0.12673;0.97807
2D Uniform_12;0.10014;1.03294
2D Uniform_13;-0.06392;0.93071
2D Uniform_14;0.07236;0.92897
2D Uniform_15;-0.05845;0.97086
2D Uniform_16;0.06668;0.98851
2D Uniform_17;0.04134;1.01
2D Uniform_18;0.23791;0.93202
2D Uniform_19;0.12443;0.88736
3D Uniform_0;0.11261;1.11877
3D Uniform_1;0.2535;1.09161
3D Uniform_2;0.06889;1.14412
3D Uniform_3;0.29618;0.98336
3D Uniform_4;-0.02949;1.00543
3D Uniform_5;0.0076;0.97155
3D Uniform_6;-0.18245;1.0429
3D Uniform_7;0.27542;1.02793
3D Uniform_8;-0.08334;1.41425
3D Uniform_9;0.04885;1.05663
3D Uniform_10;0.25197;1.12954
3D Uniform_11;-0.1926;0.95579
3D Uniform_12;-0.04299;1.06511
3D Uniform_13;0.02479;1.11439
3D Uniform_14;0.2257;1.05903
3D Uniform_15;0.20294;1.11174
3D Uniform_16;0.02635;0.94231
3D Uniform_17;-0.14431;1.0327
3D Uniform_18;0.31791;1.05919
3D Uniform_19;0.19309;1.04249
5D Uniform_0;0.0121;1.31875
5D Uniform_1;0.07597;1.09575
5D Uniform_2;-2e-05;1.0873
5D Uniform_3;0.13599;1.15818
5D Uniform_4;-0.06695;1.46499
5D Uniform_5;0.09701;1.18998
5D Uniform_6;0.2148;1.20915
5D Uniform_7;0.07573;1.28828
5D Uniform_8;0.01515;1.20031
5D Uniform_9;-0.11106;1.12639
5D Uniform_10;0.15571;1.08901
5D Uniform_11;0.06003;1.18087
5D Uniform_12;0.25276;1.18209
5D Uniform_13;-0.11764;0.99043
5D Uniform_14;0.11128;1.07184
5D Uniform_15;0.15421;1.25029
5D Uniform_16;0.44938;1.13464
5D Uniform_17;0.21672;1.26385
5D Uniform_18;0.2151;1.00001
5D Uniform_19;-0.07719;1.0228
10D Uniform_0;0.13469;1.42517
10D Uniform_1;0.17645;1.15983
10D Uniform_2;-0.02707;1.3298
10D Uniform_3;0.03839;1.37106
10D Uniform_4;-0.03916;1.42809
10D Uniform_5;-0.00569;1.04562
10D Uniform_6;-0.07593;1.14625
10D Uniform_7;0.32338;1.14421
10D Uniform_8;-0.15125;1.37217
10D Uniform_9;0.13525;1.21064
10D Uniform_10;0.08885;1.22804
10D Uniform_11;0.03972;1.43216
10D Uniform_12;0.17923;1.23981
10D Uniform_13;0.18667;1.44711
10D Uniform_14;0.21705;1.16959
10D Uniform_15;-0.04988;1.36726
10D Uniform_16;0.17564;1.38993
10D Uniform_17;-0.09864;1.09509
10D Uniform_18;0.02877;1.25067
10D Uniform_19;-0.0669;1.31741
20D Uniform_0;-0.12081;1.40891
20D Uniform_1;-0.0582;1.27715
20D Uniform_2;0.13314;1.37392
20D Uniform_3;0.05054;1.32883
20D Uniform_4;-0.17585;1.24964
20D Uniform_5;-0.28143;1.20294
20D Uniform_6;0.00156;1.15076
20D Uniform_7;-0.02973;1.18529
20D Uniform_8;-0.14582;1.09047
20D Uniform_9;-0.11103;1.2342
20D Uniform_10;-0.13945;1.21135
20D Uniform_11;-0.00779;1.37873
20D Uniform_12;-0.10751;1.36024
20D Uniform_13;-0.04076;1.12568
20D Uniform_14;-0.11844;1.29211
20D Uniform_15;0.1157;1.27292
20D Uniform_16;-0.15655;1.12835
20D Uniform_17;-0.10721;1.16743
20D Uniform_18;-0.09926;1.06332
20D Uniform_19;-0.20372;1.1663
2D Sphere_0;-0.45981;0.79978
2D Sphere_1;-0.61805;1.10143
2D Sphere_2;-0.51389;1.19224
2D Sphere_3;-0.58325;1.10361
2D Sphere_4;-0.25487;1.14676
2D Sphere_5;-0.46015;1.10159
2D Sphere_6;-0.26595;1.07393
2D Sphere_7;-0.35533;1.05124
2D Sphere_8;-0.53137;1.12052
2D Sphere_9;-0.51361;1.00585
2D Sphere_10;-0.54686;1.07371
2D Sphere_11;-0.37106;0.88367
2D Sphere_12;-0.33354;0.89888
2D Sphere_13;-0.30199;0.82593
2D Sphere_14;-0.57524;1.13825
2D Sphere_15;-0.43733;0.93896
2D Sphere_16;-0.50107;1.06737
2D Sphere_17;-0.47681;0.89877
2D Sphere_18;-0.44704;1.03864
2D Sphere_19;-0.42951;0.96559
3D Sphere_0;-0.41699;1.18934
3D Sphere_1;-0.48313;1.18104
3D Sphere_2;-0.50954;1.15011
3D Sphere_3;-0.2786;0.97829
3D Sphere_4;-0.41472;0.99494
3D Sphere_5;-0.30993;1.0587
3D Sphere_6;-0.50575;0.93435
3D Sphere_7;-0.53957;1.17228
3D Sphere_8;-0.41961;1.06885
3D Sphere_9;-0.32271;1.00875
3D Sphere_10;-0.34978;0.94688
3D Sphere_11;-0.46174;1.1492
3D Sphere_12;-0.58296;1.16795
3D Sphere_13;-0.43964;1.37071
3D Sphere_14;-0.40511;1.03768
3D Sphere_15;-0.48609;1.02659
3D Sphere_16;-0.49246;1.09882
3D Sphere_17;-0.29685;1.19965
3D Sphere_18;-0.45632;0.99713
3D Sphere_19;-0.32716;1.09793
5D Sphere_0;-0.37337;1.09655
5D Sphere_1;-0.31887;0.99989
5D Sphere_2;-0.4698;1.14213
5D Sphere_3;-0.38073;1.18873
5D Sphere_4;-0.37407;1.01541
5D Sphere_5;-0.2918;1.13261
5D Sphere_6;-0.28845;1.08694
5D Sphere_7;-0.32934;1.14586
5D Sphere_8;-0.42397;1.09139
5D Sphere_9;-0.36258;1.12967
5D Sphere_10;-0.21066;1.12003
5D Sphere_11;-0.36086;1.05583
5D Sphere_12;-0.40893;1.12288
5D Sphere_13;-0.2826;1.16453
5D Sphere_14;-0.38597;1.14942
5D Sphere_15;-0.267;1.03077
5D Sphere_16;-0.42654;1.1574
5D Sphere_17;-0.28253;1.23699
5D Sphere_18;-0.24955;1.10495
5D Sphere_19;-0.33384;1.18004
GS Balanced_0;-0.55918;1.03279
GS Balanced_1;-0.59997;1.02946
GS Balanced_2;-0.50394;0.937
GS Balanced_3;-0.58436;1.06355
GS Balanced_4;-0.39609;0.95145
GS Balanced_5;-0.36795;0.92039
GS Balanced_6;-0.23413;0.97082
GS Balanced_7;-0.47196;0.96688
GS Balanced_8;-0.5256;0.97699
GS Balanced_9;-0.2601;0.92846
GS Balanced_10;-0.60164;1.00782
GS Balanced_11;-0.36962;0.97264
GS Balanced_12;-0.40803;0.91128
GS Balanced_13;-0.42503;0.88372
GS Balanced_14;-0.53861;0.96484
GS Balanced_15;-0.4571;0.91075
GS Balanced_16;-0.29802;0.91487
GS Balanced_17;-0.55862;0.9952
GS Balanced_18;-0.52916;1.03698
GS Balanced_19;-0.30399;0.94034
GS Caterpillar_0;-0.4115;0.67528
GS Caterpillar_1;-0.32717;0.66596
GS Caterpillar_2;-0.23663;0.57284
GS Caterpillar_3;-0.39553;0.7172
GS Caterpillar_4;-0.45196;0.67004
GS Caterpillar_5;-0.26065;0.65558
GS Caterpillar_6;-0.3893;0.63777
GS Caterpillar_7;-0.38447;0.59243
GS Caterpillar_8;-0.31031;0.71892
GS Caterpillar_9;-0.35983;0.69712
GS Caterpillar_10;-0.29248;0.67674
GS Caterpillar_11;-0.29468;0.56043
GS Caterpillar_12;-0.21908;0.53493
GS Caterpillar_13;-0.33832;0.58157
GS Caterpillar_14;-0.26671;0.59952
GS Caterpillar_15;-0.30336;0.61321
GS Caterpillar_16;-0.35143;0.62744
GS Caterpillar_17;-0.43934;0.71587
GS Caterpillar_18;-0.47162;0.6959
GS Caterpillar_19;-0.43479;0.61015
Urn_0;-0.10563;0.8389
Urn_1;0.17854;0.86647
Urn_2;0.6257;1.23207
Urn_3;0.62132;1.41498
Urn_4;-0.25483;1.01865
Urn_5;0.78013;1.42951
Urn_6;0.48922;0.48948
Urn_7;0.44268;1.47416
Urn_8;0.31661;0.6391
Urn_9;0.69962;1.47336
Urn_10;0.00489;1.43373
Urn_11;0.46193;0.55746
Urn_12;0.76603;1.37856
Urn_13;0.25524;0.65366
Urn_14;0.1514;0.5912
Urn_15;-0.2553;0.86048
Urn_16;0.4935;1.57669
Urn_17;0.28158;1.59946
Urn_18;0.52986;0.55498
Urn_19;-0.21852;1.0641
Urn_20;0.16088;0.677
Urn_21;0.00257;1.50688
Urn_22;0.52913;1.50581
Urn_23;0.3091;0.59465
Urn_24;0.0084;0.55395
Urn_25;-0.04855;1.50455
Urn_26;0.43115;0.689
Urn_27;0.38721;1.46652
Urn_28;-0.03455;0.55042
Urn_29;0.36498;1.49986
Urn_30;0.30511;0.82755
Urn_31;0.83023;1.30199
Urn_32;0.92595;1.38573
Urn_33;0.07882;0.69013
Urn_34;0.89517;0.96855
Urn_35;0.35467;0.93405
Urn_36;0.59476;0.52511
Urn_37;0.23619;0.61917
Urn_38;0.36026;1.5517
Urn_39;0.61705;1.46614
Urn_40;0.06933;0.85588
Urn_41;0.92177;1.19656
Urn_42;0.15308;0.53684
Urn_43;0.89455;1.26331
Urn_44;0.06069;1.49983
Urn_45;0.08999;0.63635
Urn_46;0.86759;1.43019
Urn_47;-0.31211;1.29522
Urn_48;0.87923;1.35702
Urn_49;0.69093;1.40327
Urn_50;0.14028;1.46956
Urn_51;0.31171;0.73772
Urn_52;0.20155;0.90583
Urn_53;-0.13605;1.4536
Urn_54;-0.07953;1.55373
Urn_55;-0.16476;0.92026
Urn_56;0.47424;0.64154
Urn_57;0.27537;0.93303
Urn_58;1.02662;1.36892
Urn_59;-0.16902;0.99065
Urn_60;0.20207;1.60371
Urn_61;0.25695;0.77971
Urn_62;0.57939;1.49757
Urn_63;0.21533;0.7804
Urn_64;0.94957;1.31764
Urn_65;-0.19993;1.4104
Urn_66;-0.22042;0.87857
Urn_67;0.3694;1.08732
Urn_68;0.57036;1.56626
Urn_69;0.66258;1.52199
Urn_70;0.73336;1.54794
Urn_71;0.41645;1.61112
Urn_72;0.6211;1.5903
Urn_73;0.16932;0.77067
Urn_74;-0.16497;1.17004
Urn_75;0.96699;1.42684
Urn_76;0.38721;0.56321
Urn_77;0.12185;1.52049
Urn_78;0.13279;0.6612
Urn_79;0.0832;0.58378
Norm-Mallows_0;-0.39087;1.29888
Norm-Mallows_1;-0.41061;1.22444
Norm-Mallows_2;0.86329;1.12244
Norm-Mallows_3;-0.08894;1.23934
Norm-Mallows_4;0.20946;1.39396
Norm-Mallows_5;0.0527;1.2609
Norm-Mallows_6;0.74206;1.19969
Norm-Mallows_7;0.79551;1.05388
Norm-Mallows_8;-0.26237;1.28882
Norm-Mallows_9;0.35238;1.22253
Norm-Mallows_10;0.77673;1.112
Norm-Mallows_11;0.80898;1.1507
Norm-Mallows_12;-0.04492;1.23542
Norm-Mallows_13;-0.4672;1.29212
Norm-Mallows_14;0.39904;1.23111
Norm-Mallows_15;0.21353;1.33117
Norm-Mallows_16;1.08873;1.22212
Norm-Mallows_17;0.52414;1.20219
Norm-Mallows_18;-0.19667;1.32723
Norm-Mallows_19;0.32689;1.34755
Norm-Mallows_20;-0.02751;1.2787
Norm-Mallows_21;0.09669;1.3742
Norm-Mallows_22;-0.19396;1.36141
Norm-Mallows_23;-0.27021;1.39808
Norm-Mallows_24;0.59675;1.31696
Norm-Mallows_25;0.57913;1.23964
Norm-Mallows_26;0.08978;1.4188
Norm-Mallows_27;1.08684;1.28318
Norm-Mallows_28;0.71353;1.14464
Norm-Mallows_29;-0.29054;1.32067
Norm-Mallows_30;-0.23492;1.30136
Norm-Mallows_31;0.46376;1.26373
Norm-Mallows_32;0.87125;1.06322
Norm-Mallows_33;0.62116;1.27855
Norm-Mallows_34;0.08451;1.33608
Norm-Mallows_35;0.46095;1.18918
Norm-Mallows_36;1.10219;1.24203
Norm-Mallows_37;0.32623;1.27297
Norm-Mallows_38;0.49728;1.23387
Norm-Mallows_39;-0.07136;1.35627
Norm-Mallows_40;1.0828;1.1154
Norm-Mallows_41;-0.23671;1.38426
Norm-Mallows_42;-0.37118;1.40476
Norm-Mallows_43;0.35528;1.3079
Norm-Mallows_44;0.2646;1.30271
Norm-Mallows_45;-0.45687;1.24761
Norm-Mallows_46;0.42406;1.30904
Norm-Mallows_47;0.23239;1.26621
Norm-Mallows_48;-0.49903;1.28261
Norm-Mallows_49;-0.20668;1.27621
Norm-Mallows_50;-0.04383;1.22938
Norm-Mallows_51;0.56111;1.17402
Norm-Mallows_52;0.70585;1.24869
Norm-Mallows_53;1.07645;1.16952
Norm-Mallows_54;-0.25644;1.3454
Norm-Mallows_55;-0.12382;1.32608
Norm-Mallows_56;0.24407;1.35537
Norm-Mallows_57;-0.08226;1.19408
Norm-Mallows_58;1.10977;1.31728
Norm-Mallows_59;-0.16678;1.31223
Norm-Mallows_60;0.06931;1.40148
Norm-Mallows_61;0.28462;1.37916
Norm-Mallows_62;1.02839;1.13202
Norm-Mallows_63;0.79978;0.98863
Norm-Mallows_64;0.12479;1.32495
Norm-Mallows_65;0.65968;1.1771
Norm-Mallows_66;0.3069;1.22988
Norm-Mallows_67;0.17474;1.33915
Norm-Mallows_68;1.02991;1.02469
Norm-Mallows_69;-0.21578;1.22986
Norm-Mallows_70;1.06152;1.07592
Norm-Mallows_71;1.091;1.35352
Norm-Mallows_72;0.47088;1.3183
Norm-Mallows_73;-0.2351;1.19573
Norm-Mallows_74;0.52468;1.28089
Norm-Mallows_75;0.17045;1.30572
Norm-Mallows_76;0.85163;1.00125
Norm-Mallows_77;0.73851;1.05698
Norm-Mallows_78;0.52004;1.33617
Norm-Mallows_79;-0.14671;1.2692
ANID_0;1.02527;1.42342
ANID_1;0.95151;1.47565
ANID_2;0.87986;1.49708
ANID_3;0.81876;1.51268
ANID_4;0.78311;1.47309
ANID_5;0.78011;1.31667
ANID_6;0.79148;1.19291
ANID_7;0.77091;0.91065
ANID_8;0.68628;0.76045
ANID_9;0.60903;0.68967
ANID_10;0.53432;0.6108
ANID_11;0.41814;0.51389
ANID_12;0.34462;0.47219
ANID_13;0.27113;0.44962
ANID_14;0.1988;0.42029
ANID_15;0.12373;0.40814
ANID_16;0.05348;0.38793
ANID_17;-0.01558;0.3833
ANID_18;-0.07802;0.367
ANID_19;-0.13969;0.36535
STID_0;1.04263;1.31332
STID_1;1.02669;1.26419
STID_2;1.01174;1.22614
STID_3;0.98698;1.16836
STID_4;0.97873;1.10461
STID_5;0.96903;1.05803
STID_6;0.96326;0.99898
STID_7;0.9522;0.94855
STID_8;0.93276;0.89512
STID_9;0.87838;0.90988
STID_10;0.87514;0.85169
STID_11;0.83622;0.8588
STID_12;0.84292;0.81157
STID_13;0.78584;0.79663
STID_14;0.81567;0.75514
STID_15;0.7895;0.73073
STID_16;0.74431;0.69867
STID_17;0.77037;0.66557
STID_18;0.73716;0.64359
STID_19;0.72075;0.59069
ANUN_0;-0.60159;1.28431
ANUN_1;-0.60469;1.23037
ANUN_2;-0.6053;1.19036
ANUN_3;-0.6154;1.1411
ANUN_4;-0.61702;1.06731
ANUN_5;-0.5948;0.97082
ANUN_6;-0.57751;0.91932
ANUN_7;-0.55477;0.87634
ANUN_8;-0.55143;0.83489
ANUN_9;-0.51044;0.80481
ANUN_10;-0.54142;0.77599
ANUN_11;-0.51834;0.74138
ANUN_12;-0.52574;0.69292
ANUN_13;-0.4987;0.6352
ANUN_14;-0.45519;0.57175
ANUN_15;-0.40132;0.52043
ANUN_16;-0.3576;0.48589
ANUN_17;-0.31003;0.4475
ANUN_18;-0.27914;0.41803
ANUN_19;-0.23211;0.38257
STUN_0;-0.50581;1.40259
STUN_1;-0.41081;1.43511
STUN_2;-0.33972;1.44445
STUN_3;-0.28603;1.44714
STUN_4;-0.23977;1.46276
STUN_5;-0.19566;1.48023
STUN_6;-0.15123;1.50469
STUN_7;-0.10016;1.52007
STUN_8;-0.02047;1.5512
STUN_9;0.04709;1.55619
STUN_10;0.11202;1.56735
STUN_11;0.19338;1.54686
STUN_12;0.26171;1.52806
STUN_13;0.3195;1.50451
STUN_14;0.43542;1.41288
STUN_15;0.52337;1.13818
STUN_16;0.53794;0.82566
STUN_17;0.57891;0.74161
STUN_18;0.61387;0.64539
STUN_19;0.64274;0.59569
