election_id;value;time
ID;1;0
UN;0;0
AN;0;0
ST;1;0
Impartial Culture_0;0;0
Impartial Culture_1;0;0
Impartial Culture_2;0;0
Impartial Culture_3;0;0
Impartial Culture_4;0;0
Impartial Culture_5;0;0
Impartial Culture_6;0;0
Impartial Culture_7;0;0
Impartial Culture_8;0;0
Impartial Culture_9;0;0
Impartial Culture_10;0;0
Impartial Culture_11;0;0
Impartial Culture_12;0;0
Impartial Culture_13;0;0
Impartial Culture_14;0;0
Impartial Culture_15;0;0
Impartial Culture_16;0;0
Impartial Culture_17;0;0
Impartial Culture_18;0;0
Impartial Culture_19;0;0
SP by Conitzer_0;0;0
SP by Conitzer_1;0;0
SP by Conitzer_2;0;0
SP by Conitzer_3;0;0
SP by Conitzer_4;0;0
SP by Conitzer_5;0;0
SP by Conitzer_6;0;0
SP by Conitzer_7;0;0
SP by Conitzer_8;0;0
SP by Conitzer_9;0;0
SP by Conitzer_10;0;0
SP by Conitzer_11;0;0
SP by Conitzer_12;0;0
SP by Conitzer_13;0;0
SP by Conitzer_14;0;0
SP by Conitzer_15;0;0
SP by Conitzer_16;0;0
SP by Conitzer_17;0;0
SP by Conitzer_18;0;0
SP by Conitzer_19;0;0
SP by Walsh_0;1;0
SP by Walsh_1;1;0
SP by Walsh_2;1;0
SP by Walsh_3;1;0
SP by Walsh_4;1;0
SP by Walsh_5;1;0
SP by Walsh_6;1;0
SP by Walsh_7;1;0
SP by Walsh_8;1;0
SP by Walsh_9;1;0
SP by Walsh_10;1;0
SP by Walsh_11;1;0
SP by Walsh_12;1;0
SP by Walsh_13;1;0
SP by Walsh_14;1;0
SP by Walsh_15;1;0
SP by Walsh_16;1;0
SP by Walsh_17;1;0
SP by Walsh_18;1;0
SP by Walsh_19;1;0
SPOC_0;0;0
SPOC_1;0;0
SPOC_2;0;0
SPOC_3;0;0
SPOC_4;0;0
SPOC_5;0;0
SPOC_6;0;0
SPOC_7;0;0
SPOC_8;0;0
SPOC_9;0;0
SPOC_10;0;0
SPOC_11;0;0
SPOC_12;0;0
SPOC_13;0;0
SPOC_14;0;0
SPOC_15;0;0
SPOC_16;0;0
SPOC_17;0;0
SPOC_18;0;0
SPOC_19;0;0
Single-Crossing_0;1;0
Single-Crossing_1;1;0
Single-Crossing_2;1;0
Single-Crossing_3;1;0
Single-Crossing_4;1;0
Single-Crossing_5;1;0
Single-Crossing_6;1;0
Single-Crossing_7;1;0
Single-Crossing_8;1;0
Single-Crossing_9;1;0
Single-Crossing_10;1;0
Single-Crossing_11;1;0
Single-Crossing_12;1;0
Single-Crossing_13;1;0
Single-Crossing_14;1;0
Single-Crossing_15;1;0
Single-Crossing_16;1;0
Single-Crossing_17;1;0
Single-Crossing_18;1;0
Single-Crossing_19;1;0
1D Uniform_0;0;0
1D Uniform_1;0;0
1D Uniform_2;0;0
1D Uniform_3;0;0
1D Uniform_4;0;0
1D Uniform_5;0;0
1D Uniform_6;0;0
1D Uniform_7;0;0
1D Uniform_8;0;0
1D Uniform_9;0;0
1D Uniform_10;0;0
1D Uniform_11;0;0
1D Uniform_12;0;0
1D Uniform_13;0;0
1D Uniform_14;0;0
1D Uniform_15;0;0
1D Uniform_16;0;0
1D Uniform_17;0;0
1D Uniform_18;0;0
1D Uniform_19;0;0
2D Uniform_0;0;0
2D Uniform_1;0;0
2D Uniform_2;0;0
2D Uniform_3;0;0
2D Uniform_4;0;0
2D Uniform_5;0;0
2D Uniform_6;0;0
2D Uniform_7;0;0
2D Uniform_8;0;0
2D Uniform_9;1;0
2D Uniform_10;0;0
2D Uniform_11;0;0
2D Uniform_12;1;0
2D Uniform_13;0;0
2D Uniform_14;0;0
2D Uniform_15;0;0
2D Uniform_16;0;0
2D Uniform_17;0;0
2D Uniform_18;1;0
2D Uniform_19;0;0
3D Uniform_0;1;0
3D Uniform_1;1;0
3D Uniform_2;0;0
3D Uniform_3;0;0
3D Uniform_4;1;0
3D Uniform_5;1;0
3D Uniform_6;1;0
3D Uniform_7;1;0
3D Uniform_8;0;0
3D Uniform_9;1;0
3D Uniform_10;1;0
3D Uniform_11;1;0
3D Uniform_12;0;0
3D Uniform_13;0;0
3D Uniform_14;1;0
3D Uniform_15;0;0
3D Uniform_16;0;0
3D Uniform_17;0;0
3D Uniform_18;1;0
3D Uniform_19;1;0
5D Uniform_0;1;0
5D Uniform_1;1;0
5D Uniform_2;1;0
5D Uniform_3;0;0
5D Uniform_4;1;0
5D Uniform_5;0;0
5D Uniform_6;1;0
5D Uniform_7;1;0
5D Uniform_8;1;0
5D Uniform_9;1;0
5D Uniform_10;1;0
5D Uniform_11;1;0
5D Uniform_12;1;0
5D Uniform_13;1;0
5D Uniform_14;1;0
5D Uniform_15;1;0
5D Uniform_16;1;0
5D Uniform_17;0;0
5D Uniform_18;1;0
5D Uniform_19;1;0
10D Uniform_0;1;0
10D Uniform_1;1;0
10D Uniform_2;1;0
10D Uniform_3;1;0
10D Uniform_4;1;0
10D Uniform_5;1;0
10D Uniform_6;1;0
10D Uniform_7;1;0
10D Uniform_8;1;0
10D Uniform_9;1;0
10D Uniform_10;1;0
10D Uniform_11;1;0
10D Uniform_12;1;0
10D Uniform_13;1;0
10D Uniform_14;1;0
10D Uniform_15;1;0
10D Uniform_16;1;0
10D Uniform_17;1;0
10D Uniform_18;0;0
10D Uniform_19;1;0
20D Uniform_0;1;0
20D Uniform_1;1;0
20D Uniform_2;1;0
20D Uniform_3;1;0
20D Uniform_4;1;0
20D Uniform_5;1;0
20D Uniform_6;1;0
20D Uniform_7;1;0
20D Uniform_8;1;0
20D Uniform_9;1;0
20D Uniform_10;0;0
20D Uniform_11;1;0
20D Uniform_12;1;0
20D Uniform_13;1;0
20D Uniform_14;0;0
20D Uniform_15;0;0
20D Uniform_16;1;0
20D Uniform_17;1;0
20D Uniform_18;1;0
20D Uniform_19;1;0
2D Sphere_0;0;0
2D Sphere_1;0;0
2D Sphere_2;0;0
2D Sphere_3;0;0
2D Sphere_4;0;0
2D Sphere_5;0;0
2D Sphere_6;0;0
2D Sphere_7;0;0
2D Sphere_8;0;0
2D Sphere_9;0;0
2D Sphere_10;0;0
2D Sphere_11;0;0
2D Sphere_12;0;0
2D Sphere_13;0;0
2D Sphere_14;0;0
2D Sphere_15;0;0
2D Sphere_16;0;0
2D Sphere_17;0;0
2D Sphere_18;0;0
2D Sphere_19;0;0
3D Sphere_0;0;0
3D Sphere_1;0;0
3D Sphere_2;0;0
3D Sphere_3;0;0
3D Sphere_4;0;0
3D Sphere_5;0;0
3D Sphere_6;0;0
3D Sphere_7;0;0
3D Sphere_8;0;0
3D Sphere_9;0;0
3D Sphere_10;0;0
3D Sphere_11;0;0
3D Sphere_12;0;0
3D Sphere_13;0;0
3D Sphere_14;0;0
3D Sphere_15;0;0
3D Sphere_16;0;0
3D Sphere_17;0;0
3D Sphere_18;0;0
3D Sphere_19;0;0
5D Sphere_0;0;0
5D Sphere_1;0;0
5D Sphere_2;0;0
5D Sphere_3;0;0
5D Sphere_4;0;0
5D Sphere_5;0;0
5D Sphere_6;0;0
5D Sphere_7;0;0
5D Sphere_8;0;0
5D Sphere_9;0;0
5D Sphere_10;0;0
5D Sphere_11;0;0
5D Sphere_12;0;0
5D Sphere_13;0;0
5D Sphere_14;0;0
5D Sphere_15;0;0
5D Sphere_16;0;0
5D Sphere_17;0;0
5D Sphere_18;0;0
5D Sphere_19;0;0
GS Balanced_0;0;0
GS Balanced_1;0;0
GS Balanced_2;0;0
GS Balanced_3;0;0
GS Balanced_4;0;0
GS Balanced_5;0;0
GS Balanced_6;0;0
GS Balanced_7;0;0
GS Balanced_8;0;0
GS Balanced_9;0;0
GS Balanced_10;0;0
GS Balanced_11;0;0
GS Balanced_12;0;0
GS Balanced_13;0;0
GS Balanced_14;0;0
GS Balanced_15;0;0
GS Balanced_16;0;0
GS Balanced_17;0;0
GS Balanced_18;0;0
GS Balanced_19;0;0
GS Caterpillar_0;0;0
GS Caterpillar_1;0;0
GS Caterpillar_2;0;0
GS Caterpillar_3;0;0
GS Caterpillar_4;0;0
GS Caterpillar_5;0;0
GS Caterpillar_6;0;0
GS Caterpillar_7;0;0
GS Caterpillar_8;0;0
GS Caterpillar_9;0;0
GS Caterpillar_10;0;0
GS Caterpillar_11;0;0
GS Caterpillar_12;0;0
GS Caterpillar_13;0;0
GS Caterpillar_14;0;0
GS Caterpillar_15;0;0
GS Caterpillar_16;0;0
GS Caterpillar_17;0;0
GS Caterpillar_18;0;0
GS Caterpillar_19;0;0
Urn_0;1;0
Urn_1;1;0
Urn_2;1;0
Urn_3;0;0
Urn_4;0;0
Urn_5;1;0
Urn_6;1;0
Urn_7;1;0
Urn_8;0;0
Urn_9;1;0
Urn_10;1;0
Urn_11;1;0
Urn_12;0;0
Urn_13;1;0
Urn_14;0;0
Urn_15;0;0
Urn_16;0;0
Urn_17;0;0
Urn_18;0;0
Urn_19;0;0
Urn_20;1;0
Urn_21;0;0
Urn_22;0;0
Urn_23;0;0
Urn_24;0;0
Urn_25;0;0
Urn_26;0;0
Urn_27;0;0
Urn_28;0;0
Urn_29;0;0
Urn_30;0;0
Urn_31;1;0
Urn_32;1;0
Urn_33;1;0
Urn_34;1;0
Urn_35;0;0
Urn_36;1;0
Urn_37;0;0
Urn_38;0;0
Urn_39;1;0
Urn_40;1;0
Urn_41;0;0
Urn_42;1;0
Urn_43;1;0
Urn_44;1;0
Urn_45;1;0
Urn_46;0;0
Urn_47;1;0
Urn_48;1;0
Urn_49;0;0
Urn_50;0;0
Urn_51;0;0
Urn_52;0;0
Urn_53;1;0
Urn_54;1;0
Urn_55;1;0
Urn_56;0;0
Urn_57;1;0
Urn_58;0;0
Urn_59;1;0
Urn_60;1;0
Urn_61;0;0
Urn_62;0;0
Urn_63;1;0
Urn_64;1;0
Urn_65;1;0
Urn_66;0;0
Urn_67;0;0
Urn_68;0;0
Urn_69;0;0
Urn_70;0;0
Urn_71;0;0
Urn_72;1;0
Urn_73;1;0
Urn_74;0;0
Urn_75;1;0
Urn_76;0;0
Urn_77;1;0
Urn_78;1;0
Urn_79;0;0
Norm-Mallows_0;1;0
Norm-Mallows_1;1;0
Norm-Mallows_2;1;0
Norm-Mallows_3;1;0
Norm-Mallows_4;0;0
Norm-Mallows_5;1;0
Norm-Mallows_6;1;0
Norm-Mallows_7;0;0
Norm-Mallows_8;0;0
Norm-Mallows_9;1;0
Norm-Mallows_10;1;0
Norm-Mallows_11;0;0
Norm-Mallows_12;1;0
Norm-Mallows_13;1;0
Norm-Mallows_14;0;0
Norm-Mallows_15;1;0
Norm-Mallows_16;1;0
Norm-Mallows_17;1;0
Norm-Mallows_18;1;0
Norm-Mallows_19;1;0
Norm-Mallows_20;1;0
Norm-Mallows_21;1;0
Norm-Mallows_22;1;0
Norm-Mallows_23;1;0
Norm-Mallows_24;1;0
Norm-Mallows_25;1;0
Norm-Mallows_26;1;0
Norm-Mallows_27;1;0
Norm-Mallows_28;1;0
Norm-Mallows_29;0;0
Norm-Mallows_30;1;0
Norm-Mallows_31;1;0
Norm-Mallows_32;1;0
Norm-Mallows_33;1;0
Norm-Mallows_34;0;0
Norm-Mallows_35;0;0
Norm-Mallows_36;1;0
Norm-Mallows_37;1;0
Norm-Mallows_38;1;0
Norm-Mallows_39;1;0
Norm-Mallows_40;1;0
Norm-Mallows_41;1;0
Norm-Mallows_42;1;0
Norm-Mallows_43;1;0
Norm-Mallows_44;1;0
Norm-Mallows_45;1;0
Norm-Mallows_46;1;0
Norm-Mallows_47;1;0
Norm-Mallows_48;1;0
Norm-Mallows_49;1;0
Norm-Mallows_50;1;0
Norm-Mallows_51;1;0
Norm-Mallows_52;0;0
Norm-Mallows_53;1;0
Norm-Mallows_54;1;0
Norm-Mallows_55;1;0
Norm-Mallows_56;1;0
Norm-Mallows_57;1;0
Norm-Mallows_58;1;0
Norm-Mallows_59;0;0
Norm-Mallows_60;1;0
Norm-Mallows_61;1;0
Norm-Mallows_62;1;0
Norm-Mallows_63;1;0
Norm-Mallows_64;1;0
Norm-Mallows_65;1;0
Norm-Mallows_66;0;0
Norm-Mallows_67;1;0
Norm-Mallows_68;1;0
Norm-Mallows_69;0;0
Norm-Mallows_70;1;0
Norm-Mallows_71;0;0
Norm-Mallows_72;1;0
Norm-Mallows_73;0;0
Norm-Mallows_74;1;0
Norm-Mallows_75;1;0
Norm-Mallows_76;1;0
Norm-Mallows_77;0;0
Norm-Mallows_78;1;0
Norm-Mallows_79;1;0
UNID_0;1;0
UNID_1;1;0
UNID_2;1;0
UNID_3;1;0
UNID_4;1;0
UNID_5;1;0
UNID_6;1;0
UNID_7;1;0
UNID_8;1;0
UNID_9;1;0
UNID_10;0;0
UNID_11;0;0
UNID_12;0;0
UNID_13;0;0
UNID_14;0;0
UNID_15;0;0
UNID_16;0;0
UNID_17;0;0
UNID_18;0;0
UNID_19;0;0
ANID_0;1;0
ANID_1;1;0
ANID_2;1;0
ANID_3;1;0
ANID_4;1;0
ANID_5;1;0
ANID_6;0;0
ANID_7;0;0
ANID_8;0;0
ANID_9;0;0
ANID_10;0;0
ANID_11;0;0
ANID_12;0;0
ANID_13;0;0
ANID_14;0;0
ANID_15;0;0
ANID_16;0;0
ANID_17;0;0
ANID_18;0;0
ANID_19;0;0
STID_0;1;0
STID_1;1;0
STID_2;1;0
STID_3;1;0
STID_4;1;0
STID_5;1;0
STID_6;1;0
STID_7;1;0
STID_8;1;0
STID_9;1;0
STID_10;1;0
STID_11;1;0
STID_12;1;0
STID_13;1;0
STID_14;1;0
STID_15;1;0
STID_16;1;0
STID_17;1;0
STID_18;1;0
STID_19;1;0
ANUN_0;0;0
ANUN_1;0;0
ANUN_2;0;0
ANUN_3;0;0
ANUN_4;0;0
ANUN_5;0;0
ANUN_6;0;0
ANUN_7;0;0
ANUN_8;0;0
ANUN_9;0;0
ANUN_10;0;0
ANUN_11;0;0
ANUN_12;0;0
ANUN_13;0;0
ANUN_14;0;0
ANUN_15;0;0
ANUN_16;0;0
ANUN_17;0;0
ANUN_18;0;0
ANUN_19;0;0
STUN_0;0;0
STUN_1;0;0
STUN_2;0;0
STUN_3;0;0
STUN_4;0;0
STUN_5;1;0
STUN_6;1;0
STUN_7;1;0
STUN_8;1;0
STUN_9;1;0
STUN_10;1;0
STUN_11;1;0
STUN_12;1;0
STUN_13;1;0
STUN_14;1;0
STUN_15;1;0
STUN_16;1;0
STUN_17;1;0
STUN_18;1;0
STUN_19;1;0
STAN_0;0;0
STAN_1;0;0
STAN_2;0;0
STAN_3;0;0
STAN_4;0;0
STAN_5;0;0
STAN_6;0;0
STAN_7;0;0
STAN_8;0;0
STAN_9;0;0
STAN_10;1;0
STAN_11;1;0
STAN_12;1;0
STAN_13;1;0
STAN_14;1;0
STAN_15;1;0
STAN_16;1;0
STAN_17;1;0
STAN_18;1;0
STAN_19;1;0
