election_id;value
ID;None
UN;None
AN;None
ST;None
Impartial Culture_0;11.702917771883289
Impartial Culture_1;11.623955431754874
Impartial Culture_2;11.131233595800525
Impartial Culture_3;12.220994475138122
Impartial Culture_4;10.680216802168022
Impartial Culture_5;11.264305177111716
Impartial Culture_6;11.49238578680203
Impartial Culture_7;10.621827411167512
Impartial Culture_8;11.144356955380577
Impartial Culture_9;12.354395604395604
Impartial Culture_10;11.1328125
Impartial Culture_11;11.331619537275063
Impartial Culture_12;11.519893899204243
Impartial Culture_13;10.307493540051679
Impartial Culture_14;11.32824427480916
Impartial Culture_15;11.986263736263735
Impartial Culture_16;11.921621621621622
Impartial Culture_17;11.281842818428185
Impartial Culture_18;11.293193717277488
Impartial Culture_19;11.089514066496164
SP by Conitzer_0;10.215116279069768
SP by Conitzer_1;9.864022662889518
SP by Conitzer_2;10.894578313253012
SP by Conitzer_3;10.341463414634147
SP by Conitzer_4;11.157894736842104
SP by Conitzer_5;9.664864864864866
SP by Conitzer_6;11.299382716049383
SP by Conitzer_7;11.979472140762462
SP by Conitzer_8;11.151428571428571
SP by Conitzer_9;10.875
SP by Conitzer_10;12.840625
SP by Conitzer_11;11.806853582554517
SP by Conitzer_12;9.95890410958904
SP by Conitzer_13;11.209912536443149
SP by Conitzer_14;12.633116883116884
SP by Conitzer_15;10.731117824773413
SP by Conitzer_16;10.174418604651162
SP by Conitzer_17;11.57716049382716
SP by Conitzer_18;10.11864406779661
SP by Conitzer_19;15.042553191489361
SP by Walsh_0;19.342105263157894
SP by Walsh_1;11.918032786885245
SP by Walsh_2;13.857142857142858
SP by Walsh_3;12.788461538461538
SP by Walsh_4;11.11111111111111
SP by Walsh_5;14.16326530612245
SP by Walsh_6;13.036363636363637
SP by Walsh_7;12.660377358490566
SP by Walsh_8;15.377777777777778
SP by Walsh_9;12.571428571428571
SP by Walsh_10;14.777777777777779
SP by Walsh_11;13.196078431372548
SP by Walsh_12;15.782608695652174
SP by Walsh_13;14.553191489361701
SP by Walsh_14;15.731707317073171
SP by Walsh_15;14.122448979591837
SP by Walsh_16;12.092592592592593
SP by Walsh_17;12.344827586206897
SP by Walsh_18;11.571428571428571
SP by Walsh_19;12.037037037037036
SPOC_0;13.36950146627566
SPOC_1;14.68867924528302
SPOC_2;14.681388012618296
SPOC_3;12.946587537091988
SPOC_4;14.650165016501651
SPOC_5;13.719653179190752
SPOC_6;13.153203342618385
SPOC_7;14.316417910447761
SPOC_8;13.936936936936936
SPOC_9;12.759530791788857
SPOC_10;12.1
SPOC_11;12.380555555555556
SPOC_12;13.217391304347826
SPOC_13;13.63803680981595
SPOC_14;12.814084507042253
SPOC_15;14.058997050147493
SPOC_16;14.015384615384615
SPOC_17;13.129577464788733
SPOC_18;12.69811320754717
SPOC_19;12.78448275862069
Single-Crossing_0;1.0
Single-Crossing_1;201.7
Single-Crossing_2;806.5
Single-Crossing_3;1.0
Single-Crossing_4;371.0
Single-Crossing_5;526.0
Single-Crossing_6;1.0
Single-Crossing_7;781.0
Single-Crossing_8;1.0
Single-Crossing_9;1.0
Single-Crossing_10;1.0
Single-Crossing_11;217.6
Single-Crossing_12;1103.5
Single-Crossing_13;1.0
Single-Crossing_14;616.3333333333334
Single-Crossing_15;555.3333333333334
Single-Crossing_16;1.0
Single-Crossing_17;1.0
Single-Crossing_18;1.0
Single-Crossing_19;988.0
1D Uniform_0;10.566473988439306
1D Uniform_1;10.805232558139535
1D Uniform_2;11.38390092879257
1D Uniform_3;11.401734104046243
1D Uniform_4;12.036789297658864
1D Uniform_5;11.87171052631579
1D Uniform_6;11.445482866043614
1D Uniform_7;11.296187683284458
1D Uniform_8;12.049689440993788
1D Uniform_9;11.344615384615384
1D Uniform_10;10.796923076923077
1D Uniform_11;9.724719101123595
1D Uniform_12;11.687878787878788
1D Uniform_13;13.945578231292517
1D Uniform_14;10.908554572271386
1D Uniform_15;10.844380403458214
1D Uniform_16;12.139318885448917
1D Uniform_17;10.672566371681416
1D Uniform_18;10.051136363636363
1D Uniform_19;10.963483146067416
2D Uniform_0;9.5
2D Uniform_1;8.963190184049079
2D Uniform_2;9.2508038585209
2D Uniform_3;8.887043189368772
2D Uniform_4;9.157718120805368
2D Uniform_5;9.863924050632912
2D Uniform_6;10.462962962962964
2D Uniform_7;9.749185667752442
2D Uniform_8;9.777777777777779
2D Uniform_9;9.373239436619718
2D Uniform_10;8.655688622754491
2D Uniform_11;9.384615384615385
2D Uniform_12;9.564459930313589
2D Uniform_13;10.472727272727273
2D Uniform_14;8.175
2D Uniform_15;8.267062314540059
2D Uniform_16;11.1328125
2D Uniform_17;9.545454545454545
2D Uniform_18;9.711805555555555
2D Uniform_19;9.661490683229813
3D Uniform_0;7.505988023952096
3D Uniform_1;8.407766990291263
3D Uniform_2;8.631578947368421
3D Uniform_3;8.579937304075235
3D Uniform_4;7.202749140893471
3D Uniform_5;8.301639344262295
3D Uniform_6;7.662162162162162
3D Uniform_7;7.466216216216216
3D Uniform_8;8.046728971962617
3D Uniform_9;8.432055749128919
3D Uniform_10;7.271604938271605
3D Uniform_11;7.6678832116788325
3D Uniform_12;7.5288135593220336
3D Uniform_13;8.822525597269625
3D Uniform_14;8.241610738255034
3D Uniform_15;7.726708074534161
3D Uniform_16;7.3624595469255665
3D Uniform_17;7.719354838709678
3D Uniform_18;7.067741935483871
3D Uniform_19;7.598705501618123
5D Uniform_0;6.653429602888087
5D Uniform_1;6.7101449275362315
5D Uniform_2;7.641379310344828
5D Uniform_3;5.535714285714286
5D Uniform_4;5.458064516129032
5D Uniform_5;8.205387205387206
5D Uniform_6;7.786941580756014
5D Uniform_7;7.1066666666666665
5D Uniform_8;10.017985611510792
5D Uniform_9;7.4822695035460995
5D Uniform_10;7.50354609929078
5D Uniform_11;6.819148936170213
5D Uniform_12;8.59
5D Uniform_13;7.23574144486692
5D Uniform_14;7.59
5D Uniform_15;5.954385964912281
5D Uniform_16;5.815789473684211
5D Uniform_17;6.891228070175439
5D Uniform_18;7.4526315789473685
5D Uniform_19;5.633116883116883
10D Uniform_0;5.263392857142857
10D Uniform_1;9.464788732394366
10D Uniform_2;8.315555555555555
10D Uniform_3;10.159663865546218
10D Uniform_4;8.410377358490566
10D Uniform_5;4.533018867924528
10D Uniform_6;10.443514644351465
10D Uniform_7;8.030701754385966
10D Uniform_8;10.397379912663755
10D Uniform_9;7.382352941176471
10D Uniform_10;9.610878661087867
10D Uniform_11;9.554621848739496
10D Uniform_12;7.829268292682927
10D Uniform_13;7.688524590163935
10D Uniform_14;9.217021276595744
10D Uniform_15;6.449799196787149
10D Uniform_16;9.893280632411066
10D Uniform_17;7.2151394422310755
10D Uniform_18;7.416974169741698
10D Uniform_19;8.269372693726938
20D Uniform_0;8.01595744680851
20D Uniform_1;9.597156398104266
20D Uniform_2;11.038095238095238
20D Uniform_3;11.045871559633028
20D Uniform_4;7.315789473684211
20D Uniform_5;10.966981132075471
20D Uniform_6;11.203703703703704
20D Uniform_7;10.167785234899329
20D Uniform_8;9.66120218579235
20D Uniform_9;11.938547486033519
20D Uniform_10;12.187793427230046
20D Uniform_11;9.22110552763819
20D Uniform_12;9.564705882352941
20D Uniform_13;11.325
20D Uniform_14;9.0
20D Uniform_15;9.7165991902834
20D Uniform_16;8.13903743315508
20D Uniform_17;9.034090909090908
20D Uniform_18;8.879807692307692
20D Uniform_19;12.36
2D Sphere_0;14.447447447447447
2D Sphere_1;15.711920529801324
2D Sphere_2;13.412429378531073
2D Sphere_3;13.729903536977492
2D Sphere_4;13.507552870090635
2D Sphere_5;15.281456953642385
2D Sphere_6;14.957928802588997
2D Sphere_7;13.681818181818182
2D Sphere_8;13.270029673590505
2D Sphere_9;12.863760217983652
2D Sphere_10;13.623563218390805
2D Sphere_11;13.410557184750733
2D Sphere_12;15.438127090301004
2D Sphere_13;13.103825136612022
2D Sphere_14;14.302180685358255
2D Sphere_15;14.662460567823343
2D Sphere_16;15.23841059602649
2D Sphere_17;14.702127659574469
2D Sphere_18;16.427586206896553
2D Sphere_19;13.259052924791087
3D Sphere_0;12.265582655826558
3D Sphere_1;13.573487031700289
3D Sphere_2;14.303680981595091
3D Sphere_3;14.235820895522387
3D Sphere_4;13.380403458213257
3D Sphere_5;15.079617834394904
3D Sphere_6;12.746556473829202
3D Sphere_7;13.531531531531531
3D Sphere_8;13.766666666666667
3D Sphere_9;12.58235294117647
3D Sphere_10;13.063037249283667
3D Sphere_11;13.44
3D Sphere_12;13.397660818713451
3D Sphere_13;13.853968253968254
3D Sphere_14;13.935975609756097
3D Sphere_15;14.238390092879257
3D Sphere_16;13.046583850931677
3D Sphere_17;13.411764705882353
3D Sphere_18;13.798192771084338
3D Sphere_19;15.133333333333333
5D Sphere_0;13.146892655367232
5D Sphere_1;13.204204204204204
5D Sphere_2;11.480978260869565
5D Sphere_3;12.271978021978022
5D Sphere_4;11.44836956521739
5D Sphere_5;13.809384164222873
5D Sphere_6;13.096969696969698
5D Sphere_7;14.777777777777779
5D Sphere_8;11.98913043478261
5D Sphere_9;12.809667673716012
5D Sphere_10;12.684636118598382
5D Sphere_11;13.542028985507246
5D Sphere_12;12.359773371104815
5D Sphere_13;13.270491803278688
5D Sphere_14;14.005797101449275
5D Sphere_15;13.05813953488372
5D Sphere_16;13.023880597014925
5D Sphere_17;11.476584022038567
5D Sphere_18;13.50287356321839
5D Sphere_19;12.545212765957446
GS Balanced_0;14.083067092651758
GS Balanced_1;13.763934426229508
GS Balanced_2;14.25632911392405
GS Balanced_3;13.598214285714286
GS Balanced_4;14.283018867924529
GS Balanced_5;13.614197530864198
GS Balanced_6;14.78048780487805
GS Balanced_7;13.531343283582089
GS Balanced_8;13.803324099722992
GS Balanced_9;14.13125
GS Balanced_10;14.136507936507936
GS Balanced_11;13.934718100890208
GS Balanced_12;13.924012158054712
GS Balanced_13;14.113372093023257
GS Balanced_14;13.60179640718563
GS Balanced_15;15.037267080745341
GS Balanced_16;13.829850746268656
GS Balanced_17;15.522435897435898
GS Balanced_18;14.05993690851735
GS Balanced_19;12.854922279792746
GS Caterpillar_0;1.0
GS Caterpillar_1;1.0
GS Caterpillar_2;1.0
GS Caterpillar_3;1.0
GS Caterpillar_4;1.0
GS Caterpillar_5;1.0
GS Caterpillar_6;1.0
GS Caterpillar_7;1.0
GS Caterpillar_8;1.0
GS Caterpillar_9;1.0
GS Caterpillar_10;1.0
GS Caterpillar_11;1.0
GS Caterpillar_12;1.0
GS Caterpillar_13;1.0
GS Caterpillar_14;1.0
GS Caterpillar_15;1.0
GS Caterpillar_16;1.0
GS Caterpillar_17;1.0
GS Caterpillar_18;1.0
GS Caterpillar_19;1.0
Urn_0;1.0
Urn_1;1.0
Urn_2;1.0
Urn_3;40.72857142857143
Urn_4;206.58333333333334
Urn_5;50.19512195121951
Urn_6;1.0
Urn_7;1.0
Urn_8;80.19444444444444
Urn_9;1.0
Urn_10;846.5
Urn_11;1.0
Urn_12;514.0
Urn_13;1.0
Urn_14;37.94285714285714
Urn_15;265.3636363636364
Urn_16;61.82
Urn_17;91.96875
Urn_18;1.0
Urn_19;65.18181818181819
Urn_20;1.0
Urn_21;38.851351351351354
Urn_22;1.0
Urn_23;13.215017064846416
Urn_24;1.0
Urn_25;121.84
Urn_26;417.2
Urn_27;62.27777777777778
Urn_28;1.0
Urn_29;1.0
Urn_30;11.66951566951567
Urn_31;1.0
Urn_32;1.0
Urn_33;1.0
Urn_34;1.0
Urn_35;1.0
Urn_36;1.0
Urn_37;16.176744186046513
Urn_38;1.0
Urn_39;1.0
Urn_40;1.0
Urn_41;177.46153846153845
Urn_42;1.0
Urn_43;1.0
Urn_44;1.0
Urn_45;1.0
Urn_46;47.23076923076923
Urn_47;446.75
Urn_48;1.0
Urn_49;344.8333333333333
Urn_50;1.0
Urn_51;18.905882352941177
Urn_52;1.0
Urn_53;1.0
Urn_54;1.0
Urn_55;1.0
Urn_56;1.0
Urn_57;1.0
Urn_58;1.0
Urn_59;1.0
Urn_60;1.0
Urn_61;23.28030303030303
Urn_62;1.0
Urn_63;1.0
Urn_64;1.0
Urn_65;1.0
Urn_66;67.87272727272727
Urn_67;1.0
Urn_68;76.61904761904762
Urn_69;30.02469135802469
Urn_70;216.15384615384616
Urn_71;1.0
Urn_72;1.0
Urn_73;1.0
Urn_74;1.0
Urn_75;1.0
Urn_76;15.95111111111111
Urn_77;1.0
Urn_78;1.0
Urn_79;1.0
Norm-Mallows_0;13.472527472527473
Norm-Mallows_1;18.098765432098766
Norm-Mallows_2;13.206030150753769
Norm-Mallows_3;12.842931937172775
Norm-Mallows_4;10.501216545012165
Norm-Mallows_5;29.375
Norm-Mallows_6;1.0
Norm-Mallows_7;11.96116504854369
Norm-Mallows_8;11.361516034985423
Norm-Mallows_9;14.64
Norm-Mallows_10;13.885321100917432
Norm-Mallows_11;11.321052631578947
Norm-Mallows_12;12.191489361702128
Norm-Mallows_13;11.523809523809524
Norm-Mallows_14;10.00326797385621
Norm-Mallows_15;14.037037037037036
Norm-Mallows_16;16.06122448979592
Norm-Mallows_17;107.0
Norm-Mallows_18;16.658227848101266
Norm-Mallows_19;24.11111111111111
Norm-Mallows_20;300.0
Norm-Mallows_21;12.041666666666666
Norm-Mallows_22;242.0
Norm-Mallows_23;39.888888888888886
Norm-Mallows_24;11.923809523809524
Norm-Mallows_25;12.489010989010989
Norm-Mallows_26;21.742857142857144
Norm-Mallows_27;1.0
Norm-Mallows_28;29.5
Norm-Mallows_29;11.68867924528302
Norm-Mallows_30;14.741935483870968
Norm-Mallows_31;27.041666666666668
Norm-Mallows_32;11.725961538461538
Norm-Mallows_33;24.0625
Norm-Mallows_34;10.44054054054054
Norm-Mallows_35;10.326975476839237
Norm-Mallows_36;14.543046357615895
Norm-Mallows_37;12.08235294117647
Norm-Mallows_38;11.76036866359447
Norm-Mallows_39;18.923076923076923
Norm-Mallows_40;109.0
Norm-Mallows_41;20.15686274509804
Norm-Mallows_42;12.223958333333334
Norm-Mallows_43;12.4
Norm-Mallows_44;1.0
Norm-Mallows_45;12.811827956989248
Norm-Mallows_46;15.899159663865547
Norm-Mallows_47;1.0
Norm-Mallows_48;13.208333333333334
Norm-Mallows_49;77.33333333333333
Norm-Mallows_50;14.010309278350515
Norm-Mallows_51;45.416666666666664
Norm-Mallows_52;11.158311345646437
Norm-Mallows_53;23.272727272727273
Norm-Mallows_54;10.82986111111111
Norm-Mallows_55;17.241666666666667
Norm-Mallows_56;10.863247863247864
Norm-Mallows_57;18.23404255319149
Norm-Mallows_58;17.428571428571427
Norm-Mallows_59;11.114035087719298
Norm-Mallows_60;12.15625
Norm-Mallows_61;14.75
Norm-Mallows_62;1.0
Norm-Mallows_63;25.291666666666668
Norm-Mallows_64;15.155339805825243
Norm-Mallows_65;43.875
Norm-Mallows_66;10.701949860724234
Norm-Mallows_67;14.272727272727273
Norm-Mallows_68;15.677966101694915
Norm-Mallows_69;10.048
Norm-Mallows_70;21.545454545454547
Norm-Mallows_71;11.192182410423452
Norm-Mallows_72;23.8125
Norm-Mallows_73;11.805479452054794
Norm-Mallows_74;14.487804878048781
Norm-Mallows_75;118.0
Norm-Mallows_76;14.654450261780104
Norm-Mallows_77;11.946808510638299
Norm-Mallows_78;66.0
Norm-Mallows_79;11.61139896373057
ANID_0;None
ANID_1;None
ANID_2;None
ANID_3;None
ANID_4;None
ANID_5;None
ANID_6;None
ANID_7;None
ANID_8;None
ANID_9;None
ANID_10;None
ANID_11;None
ANID_12;None
ANID_13;None
ANID_14;None
ANID_15;None
ANID_16;None
ANID_17;None
ANID_18;None
ANID_19;None
STID_0;None
STID_1;None
STID_2;None
STID_3;None
STID_4;None
STID_5;None
STID_6;None
STID_7;None
STID_8;None
STID_9;None
STID_10;None
STID_11;None
STID_12;None
STID_13;None
STID_14;None
STID_15;None
STID_16;None
STID_17;None
STID_18;None
STID_19;None
ANUN_0;None
ANUN_1;None
ANUN_2;None
ANUN_3;None
ANUN_4;None
ANUN_5;None
ANUN_6;None
ANUN_7;None
ANUN_8;None
ANUN_9;None
ANUN_10;None
ANUN_11;None
ANUN_12;None
ANUN_13;None
ANUN_14;None
ANUN_15;None
ANUN_16;None
ANUN_17;None
ANUN_18;None
ANUN_19;None
STUN_0;None
STUN_1;None
STUN_2;None
STUN_3;None
STUN_4;None
STUN_5;None
STUN_6;None
STUN_7;None
STUN_8;None
STUN_9;None
STUN_10;None
STUN_11;None
STUN_12;None
STUN_13;None
STUN_14;None
STUN_15;None
STUN_16;None
STUN_17;None
STUN_18;None
STUN_19;None
