election_id;value
ID;None
UN;None
AN;None
ST;None
Impartial Culture_0;1.0
Impartial Culture_1;1.0
Impartial Culture_2;0.9978276611151339
Impartial Culture_3;1.0
Impartial Culture_4;0.9958932238193019
Impartial Culture_5;1.0
Impartial Culture_6;0.9972299168975068
Impartial Culture_7;1.0
Impartial Culture_8;1.0
Impartial Culture_9;1.0000000000000002
Impartial Culture_10;1.0
Impartial Culture_11;0.9936260623229463
Impartial Culture_12;0.9899569583931133
Impartial Culture_13;0.9993006993006993
Impartial Culture_14;0.9949964260185847
Impartial Culture_15;1.0
Impartial Culture_16;0.996458923512748
Impartial Culture_17;0.9921033740129217
Impartial Culture_18;0.9986216402481047
Impartial Culture_19;1.0
SP by Conitzer_0;0.9985714285714288
SP by Conitzer_1;0.9943502824858756
SP by Conitzer_2;0.9854014598540145
SP by Conitzer_3;1.0
SP by Conitzer_4;1.0
SP by Conitzer_5;1.0
SP by Conitzer_6;0.9915611814345991
SP by Conitzer_7;1.0
SP by Conitzer_8;1.0
SP by Conitzer_9;0.9942363112391939
SP by Conitzer_10;1.0
SP by Conitzer_11;0.9971181556195966
SP by Conitzer_12;0.9783549783549783
SP by Conitzer_13;1.0
SP by Conitzer_14;1.0
SP by Conitzer_15;0.9956331877729258
SP by Conitzer_16;1.0
SP by Conitzer_17;0.9824561403508771
SP by Conitzer_18;0.9956709956709957
SP by Conitzer_19;1.0
SP by Walsh_0;1.0
SP by Walsh_1;0.9985737353362167
SP by Walsh_2;1.0
SP by Walsh_3;1.0
SP by Walsh_4;1.0
SP by Walsh_5;1.0
SP by Walsh_6;1.0000000000000002
SP by Walsh_7;0.9998812454300697
SP by Walsh_8;1.0
SP by Walsh_9;0.9995276932029992
SP by Walsh_10;1.0
SP by Walsh_11;1.0
SP by Walsh_12;0.9997172367345469
SP by Walsh_13;1.0
SP by Walsh_14;1.0
SP by Walsh_15;1.0
SP by Walsh_16;0.9999415878102106
SP by Walsh_17;1.0
SP by Walsh_18;1.0
SP by Walsh_19;1.0
SPOC_0;1.0
SPOC_1;1.0
SPOC_2;1.0
SPOC_3;0.9943019943019942
SPOC_4;1.0
SPOC_5;0.9955357142857143
SPOC_6;0.9954128440366973
SPOC_7;0.9970370370370372
SPOC_8;0.9911111111111112
SPOC_9;1.0
SPOC_10;0.9864457831325302
SPOC_11;0.9954954954954955
SPOC_12;0.9941002949852507
SPOC_13;1.0
SPOC_14;1.0
SPOC_15;0.9879699248120299
SPOC_16;1.0
SPOC_17;0.9866071428571429
SPOC_18;1.0000000000000007
SPOC_19;1.0
Single-Crossing_0;1.0
Single-Crossing_1;0.9992333248147202
Single-Crossing_2;1.0
Single-Crossing_3;1.0
Single-Crossing_4;0.9999999999999997
Single-Crossing_5;1.0
Single-Crossing_6;0.9993022241604883
Single-Crossing_7;1.0
Single-Crossing_8;1.0
Single-Crossing_9;1.0
Single-Crossing_10;1.0
Single-Crossing_11;1.0
Single-Crossing_12;1.0000000000000002
Single-Crossing_13;1.0
Single-Crossing_14;1.0
Single-Crossing_15;1.0
Single-Crossing_16;1.0
Single-Crossing_17;1.0
Single-Crossing_18;0.9989631933644373
Single-Crossing_19;1.0
1D Uniform_0;1.0
1D Uniform_1;1.0
1D Uniform_2;0.9956521739130435
1D Uniform_3;1.0
1D Uniform_4;0.9957446808510638
1D Uniform_5;0.9986282578875169
1D Uniform_6;1.0
1D Uniform_7;1.0
1D Uniform_8;1.0
1D Uniform_9;0.9985590778097982
1D Uniform_10;1.0
1D Uniform_11;0.9970887918486172
1D Uniform_12;1.0
1D Uniform_13;1.0
1D Uniform_14;1.0
1D Uniform_15;0.9969834087481146
1D Uniform_16;0.9919893190921227
1D Uniform_17;1.0
1D Uniform_18;0.9955947136563876
1D Uniform_19;1.0
2D Uniform_0;0.9920318725099603
2D Uniform_1;0.9875
2D Uniform_2;1.0
2D Uniform_3;0.9968886123210953
2D Uniform_4;1.0
2D Uniform_5;1.0
2D Uniform_6;1.0
2D Uniform_7;1.0
2D Uniform_8;0.9863013698630135
2D Uniform_9;0.996078431372549
2D Uniform_10;0.9899856938483548
2D Uniform_11;0.9946666666666669
2D Uniform_12;0.9999999999999999
2D Uniform_13;0.9972375690607733
2D Uniform_14;0.991769547325103
2D Uniform_15;0.9930264993026496
2D Uniform_16;1.0
2D Uniform_17;0.9959731543624162
2D Uniform_18;0.9999999999999999
2D Uniform_19;1.0
3D Uniform_0;0.9946091644204853
3D Uniform_1;0.9933155080213905
3D Uniform_2;0.9953145917001339
3D Uniform_3;0.9892328398384926
3D Uniform_4;1.0
3D Uniform_5;0.9986675549633578
3D Uniform_6;0.9993498049414822
3D Uniform_7;0.9968193384223919
3D Uniform_8;1.0
3D Uniform_9;1.0
3D Uniform_10;1.0
3D Uniform_11;1.0
3D Uniform_12;1.0
3D Uniform_13;0.99744081893794
3D Uniform_14;1.0
3D Uniform_15;0.9993328885923949
3D Uniform_16;1.0
3D Uniform_17;0.9953580901856762
3D Uniform_18;0.9965192729147865
3D Uniform_19;1.0
5D Uniform_0;1.0
5D Uniform_1;1.0
5D Uniform_2;0.9975541152011742
5D Uniform_3;0.998955886191595
5D Uniform_4;0.9986175694357171
5D Uniform_5;0.9990150209308051
5D Uniform_6;0.9969897652016858
5D Uniform_7;1.0
5D Uniform_8;1.0
5D Uniform_9;0.9973174003170342
5D Uniform_10;1.0
5D Uniform_11;1.0
5D Uniform_12;0.9944942381562097
5D Uniform_13;0.9954806400390863
5D Uniform_14;1.0
5D Uniform_15;1.0
5D Uniform_16;1.0
5D Uniform_17;0.9987737584304106
5D Uniform_18;0.9970127852790059
5D Uniform_19;1.0
10D Uniform_0;1.0
10D Uniform_1;1.0
10D Uniform_2;0.9999999999999998
10D Uniform_3;0.9973645009739887
10D Uniform_4;1.0
10D Uniform_5;1.0
10D Uniform_6;1.0
10D Uniform_7;1.0
10D Uniform_8;1.0
10D Uniform_9;0.9994691580847221
10D Uniform_10;1.0
10D Uniform_11;1.0
10D Uniform_12;0.9994775339602927
10D Uniform_13;0.9985131690739166
10D Uniform_14;0.9961484968439072
10D Uniform_15;0.9997831508186057
10D Uniform_16;1.0
10D Uniform_17;0.9950829045168665
10D Uniform_18;1.0
10D Uniform_19;0.997072599531616
20D Uniform_0;1.0
20D Uniform_1;0.9996808171082029
20D Uniform_2;1.0
20D Uniform_3;1.0
20D Uniform_4;1.0
20D Uniform_5;1.0
20D Uniform_6;1.0
20D Uniform_7;1.0
20D Uniform_8;0.9998974253769615
20D Uniform_9;1.0
20D Uniform_10;1.0
20D Uniform_11;1.0
20D Uniform_12;1.0
20D Uniform_13;0.999784296807593
20D Uniform_14;0.9988597491448119
20D Uniform_15;0.9983210208193418
20D Uniform_16;1.0
20D Uniform_17;1.0
20D Uniform_18;1.0
20D Uniform_19;0.999464209172739
2D Sphere_0;0.9971751412429376
2D Sphere_1;0.9957081545064379
2D Sphere_2;0.9911504424778761
2D Sphere_3;1.0
2D Sphere_4;1.0
2D Sphere_5;1.0
2D Sphere_6;1.0
2D Sphere_7;0.9912280701754386
2D Sphere_8;0.9912280701754386
2D Sphere_9;0.9955555555555555
2D Sphere_10;1.0
2D Sphere_11;0.9911504424778761
2D Sphere_12;1.0000000000000002
2D Sphere_13;1.0
2D Sphere_14;0.9955947136563876
2D Sphere_15;0.9954954954954955
2D Sphere_16;1.0
2D Sphere_17;1.0
2D Sphere_18;0.995575221238938
2D Sphere_19;1.0
3D Sphere_0;1.0
3D Sphere_1;0.9840348330914368
3D Sphere_2;0.9910714285714286
3D Sphere_3;0.9956896551724137
3D Sphere_4;1.0000000000000002
3D Sphere_5;0.9957476966690291
3D Sphere_6;0.998533724340176
3D Sphere_7;0.9909502262443439
3D Sphere_8;1.0
3D Sphere_9;0.9869942196531792
3D Sphere_10;0.9948830409356723
3D Sphere_11;0.9958960328317373
3D Sphere_12;0.9954614220877458
3D Sphere_13;0.9942693409742122
3D Sphere_14;0.9943262411347519
3D Sphere_15;0.9985569985569986
3D Sphere_16;1.0000000000000002
3D Sphere_17;0.9939939939939939
3D Sphere_18;0.9873060648801129
3D Sphere_19;1.0
5D Sphere_0;0.9985380116959067
5D Sphere_1;0.9841269841269841
5D Sphere_2;1.0
5D Sphere_3;0.9878223495702004
5D Sphere_4;0.9908127208480566
5D Sphere_5;0.9985569985569985
5D Sphere_6;1.0
5D Sphere_7;0.9986206896551723
5D Sphere_8;0.9943422913719943
5D Sphere_9;1.0000000000000002
5D Sphere_10;0.9947916666666664
5D Sphere_11;0.99302649930265
5D Sphere_12;0.9885877318116976
5D Sphere_13;0.9812680115273775
5D Sphere_14;0.9985422740524782
5D Sphere_15;0.9964412811387902
5D Sphere_16;0.994261119081779
5D Sphere_17;0.9964488636363634
5D Sphere_18;1.0
5D Sphere_19;0.9985486211901307
GS Balanced_0;1.0
GS Balanced_1;1.0
GS Balanced_2;1.0000000000000002
GS Balanced_3;1.0
GS Balanced_4;1.0
GS Balanced_5;1.0
GS Balanced_6;0.9999999999999999
GS Balanced_7;0.9999999999999999
GS Balanced_8;1.0
GS Balanced_9;1.0
GS Balanced_10;1.0
GS Balanced_11;1.0
GS Balanced_12;1.0
GS Balanced_13;1.0
GS Balanced_14;1.0
GS Balanced_15;1.0
GS Balanced_16;1.0
GS Balanced_17;1.0
GS Balanced_18;1.0
GS Balanced_19;1.0
GS Caterpillar_0;1.0
GS Caterpillar_1;0.9993892508143324
GS Caterpillar_2;1.0
GS Caterpillar_3;1.0
GS Caterpillar_4;1.0
GS Caterpillar_5;1.0
GS Caterpillar_6;1.0
GS Caterpillar_7;1.0
GS Caterpillar_8;0.9999578320026988
GS Caterpillar_9;1.0
GS Caterpillar_10;1.0
GS Caterpillar_11;1.0
GS Caterpillar_12;1.0
GS Caterpillar_13;1.0
GS Caterpillar_14;1.0
GS Caterpillar_15;0.9999475045171516
GS Caterpillar_16;1.0
GS Caterpillar_17;1.0
GS Caterpillar_18;1.0
GS Caterpillar_19;1.0
Urn_0;1.0
Urn_1;1.0
Urn_2;1.0
Urn_3;1.0000000000000002
Urn_4;1.0
Urn_5;1.0
Urn_6;1.0
Urn_7;1.0
Urn_8;1.0
Urn_9;1.0
Urn_10;1.0
Urn_11;1.0
Urn_12;1.0
Urn_13;1.0
Urn_14;1.0000000000000002
Urn_15;1.0
Urn_16;1.0
Urn_17;0.999064546304958
Urn_18;1.0
Urn_19;1.0
Urn_20;1.0
Urn_21;0.9989819810648478
Urn_22;1.0
Urn_23;0.9961190168175937
Urn_24;0.9999999999999994
Urn_25;0.9985859728506786
Urn_26;1.0000000000000007
Urn_27;1.0
Urn_28;1.0
Urn_29;1.0
Urn_30;0.9979324603721571
Urn_31;1.0
Urn_32;1.0
Urn_33;1.0
Urn_34;1.0
Urn_35;1.0
Urn_36;1.0
Urn_37;1.0
Urn_38;1.0
Urn_39;1.0
Urn_40;1.0
Urn_41;1.0
Urn_42;1.0
Urn_43;1.0
Urn_44;1.0
Urn_45;1.0
Urn_46;0.9999999999999998
Urn_47;1.0
Urn_48;1.0
Urn_49;1.0000000000000007
Urn_50;1.0
Urn_51;0.9994259471871412
Urn_52;0.9979485426104792
Urn_53;0.9971690258118231
Urn_54;1.0
Urn_55;1.0
Urn_56;1.0
Urn_57;1.0
Urn_58;1.0
Urn_59;1.0
Urn_60;1.0
Urn_61;1.0
Urn_62;1.0
Urn_63;1.0
Urn_64;1.0
Urn_65;1.0
Urn_66;0.99622030237581
Urn_67;1.0
Urn_68;1.0
Urn_69;1.0000000000000002
Urn_70;1.0
Urn_71;1.0
Urn_72;1.0
Urn_73;1.0
Urn_74;1.0
Urn_75;1.0
Urn_76;0.997509192266635
Urn_77;1.0
Urn_78;1.0
Urn_79;1.0
Norm-Mallows_0;1.0
Norm-Mallows_1;1.0
Norm-Mallows_2;1.0
Norm-Mallows_3;1.0
Norm-Mallows_4;0.9956647398843931
Norm-Mallows_5;1.0
Norm-Mallows_6;1.0
Norm-Mallows_7;0.9984550019312475
Norm-Mallows_8;1.0
Norm-Mallows_9;1.0
Norm-Mallows_10;1.0
Norm-Mallows_11;0.9978448275862072
Norm-Mallows_12;0.9972602739726028
Norm-Mallows_13;1.0
Norm-Mallows_14;0.9994117647058821
Norm-Mallows_15;1.0
Norm-Mallows_16;1.0
Norm-Mallows_17;1.0
Norm-Mallows_18;1.0
Norm-Mallows_19;1.0
Norm-Mallows_20;1.0
Norm-Mallows_21;1.0
Norm-Mallows_22;1.0
Norm-Mallows_23;1.0
Norm-Mallows_24;1.0
Norm-Mallows_25;1.0
Norm-Mallows_26;1.0
Norm-Mallows_27;1.0
Norm-Mallows_28;1.0
Norm-Mallows_29;0.9973666886109281
Norm-Mallows_30;1.0
Norm-Mallows_31;1.0
Norm-Mallows_32;1.0
Norm-Mallows_33;1.0
Norm-Mallows_34;0.99932478055368
Norm-Mallows_35;0.9954070981210856
Norm-Mallows_36;1.0
Norm-Mallows_37;1.0
Norm-Mallows_38;1.0
Norm-Mallows_39;1.0
Norm-Mallows_40;1.0
Norm-Mallows_41;1.0
Norm-Mallows_42;0.9996846752154724
Norm-Mallows_43;1.0
Norm-Mallows_44;1.0
Norm-Mallows_45;1.0
Norm-Mallows_46;1.0
Norm-Mallows_47;1.0
Norm-Mallows_48;1.0
Norm-Mallows_49;1.0
Norm-Mallows_50;1.0
Norm-Mallows_51;1.0
Norm-Mallows_52;0.9992721979621544
Norm-Mallows_53;1.0
Norm-Mallows_54;1.0000000000000002
Norm-Mallows_55;1.0
Norm-Mallows_56;1.0
Norm-Mallows_57;1.0
Norm-Mallows_58;1.0
Norm-Mallows_59;1.0
Norm-Mallows_60;1.0
Norm-Mallows_61;1.0
Norm-Mallows_62;1.0
Norm-Mallows_63;1.0
Norm-Mallows_64;1.0
Norm-Mallows_65;1.0
Norm-Mallows_66;1.0
Norm-Mallows_67;1.0
Norm-Mallows_68;1.0
Norm-Mallows_69;1.0
Norm-Mallows_70;1.0
Norm-Mallows_71;0.9925419515226849
Norm-Mallows_72;1.0
Norm-Mallows_73;1.0
Norm-Mallows_74;1.0
Norm-Mallows_75;1.0
Norm-Mallows_76;1.0
Norm-Mallows_77;1.0
Norm-Mallows_78;1.0
Norm-Mallows_79;1.0
ANID_0;None
ANID_1;None
ANID_2;None
ANID_3;None
ANID_4;None
ANID_5;None
ANID_6;None
ANID_7;None
ANID_8;None
ANID_9;None
ANID_10;None
ANID_11;None
ANID_12;None
ANID_13;None
ANID_14;None
ANID_15;None
ANID_16;None
ANID_17;None
ANID_18;None
ANID_19;None
STID_0;None
STID_1;None
STID_2;None
STID_3;None
STID_4;None
STID_5;None
STID_6;None
STID_7;None
STID_8;None
STID_9;None
STID_10;None
STID_11;None
STID_12;None
STID_13;None
STID_14;None
STID_15;None
STID_16;None
STID_17;None
STID_18;None
STID_19;None
ANUN_0;None
ANUN_1;None
ANUN_2;None
ANUN_3;None
ANUN_4;None
ANUN_5;None
ANUN_6;None
ANUN_7;None
ANUN_8;None
ANUN_9;None
ANUN_10;None
ANUN_11;None
ANUN_12;None
ANUN_13;None
ANUN_14;None
ANUN_15;None
ANUN_16;None
ANUN_17;None
ANUN_18;None
ANUN_19;None
STUN_0;None
STUN_1;None
STUN_2;None
STUN_3;None
STUN_4;None
STUN_5;None
STUN_6;None
STUN_7;None
STUN_8;None
STUN_9;None
STUN_10;None
STUN_11;None
STUN_12;None
STUN_13;None
STUN_14;None
STUN_15;None
STUN_16;None
STUN_17;None
STUN_18;None
STUN_19;None
