election_id;value
ID;None
UN;None
AN;None
ST;None
Impartial Culture_0;1.0
Impartial Culture_1;1.0
Impartial Culture_2;1.0014059675511615
Impartial Culture_3;1.0
Impartial Culture_4;1.0029214681536784
Impartial Culture_5;1.0
Impartial Culture_6;1.0019316561652027
Impartial Culture_7;1.0000000000000002
Impartial Culture_8;1.0
Impartial Culture_9;1.0
Impartial Culture_10;1.0
Impartial Culture_11;1.004280085148784
Impartial Culture_12;1.0066014011137057
Impartial Culture_13;1.0004796710826862
Impartial Culture_14;1.0033085008214986
Impartial Culture_15;1.0
Impartial Culture_16;1.0023778250826578
Impartial Culture_17;1.005184370581503
Impartial Culture_18;1.000969104040241
Impartial Culture_19;1.0
SP by Conitzer_0;1.0009457329430307
SP by Conitzer_1;1.0038117711122205
SP by Conitzer_2;1.0093250444049733
SP by Conitzer_3;1.0
SP by Conitzer_4;1.0
SP by Conitzer_5;1.0
SP by Conitzer_6;1.0057340493310272
SP by Conitzer_7;0.9999999999999999
SP by Conitzer_8;1.0
SP by Conitzer_9;1.003761587031482
SP by Conitzer_10;1.0
SP by Conitzer_11;1.0018807935157406
SP by Conitzer_12;1.0140926986399426
SP by Conitzer_13;1.0000000000000002
SP by Conitzer_14;1.0
SP by Conitzer_15;1.0028027404573359
SP by Conitzer_16;1.0
SP by Conitzer_17;1.0111796282329975
SP by Conitzer_18;1.0028185397279883
SP by Conitzer_19;1.0
SP by Walsh_0;1.0
SP by Walsh_1;1.0056319519406767
SP by Walsh_2;1.0
SP by Walsh_3;1.0
SP by Walsh_4;1.0
SP by Walsh_5;1.0
SP by Walsh_6;0.9999999999999996
SP by Walsh_7;1.0004709079778535
SP by Walsh_8;1.0
SP by Walsh_9;1.0019275117887998
SP by Walsh_10;1.0
SP by Walsh_11;1.0
SP by Walsh_12;1.001067456800347
SP by Walsh_13;1.0
SP by Walsh_14;1.0
SP by Walsh_15;1.0
SP by Walsh_16;1.0002519617018208
SP by Walsh_17;1.0
SP by Walsh_18;1.0
SP by Walsh_19;1.0
SPOC_0;1.0000000000000002
SPOC_1;1.0000000000000002
SPOC_2;1.0
SPOC_3;1.0037901006181476
SPOC_4;0.9999999999999999
SPOC_5;1.0027640064932215
SPOC_6;1.0027189158862369
SPOC_7;1.001847778266608
SPOC_8;1.0055433347998244
SPOC_9;1.0
SPOC_10;1.00823134880885
SPOC_11;1.0027488110301495
SPOC_12;1.0037058278554727
SPOC_13;1.0
SPOC_14;0.9999999999999999
SPOC_15;1.0073234524847423
SPOC_16;1.0
SPOC_17;1.008292019479665
SPOC_18;1.0000000000000009
SPOC_19;1.0000000000000002
Single-Crossing_0;1.0
Single-Crossing_1;1.001542466804319
Single-Crossing_2;1.0
Single-Crossing_3;1.0
Single-Crossing_4;0.9999999999999999
Single-Crossing_5;1.0
Single-Crossing_6;1.0013095841290875
Single-Crossing_7;1.0
Single-Crossing_8;1.0
Single-Crossing_9;1.0
Single-Crossing_10;1.0
Single-Crossing_11;1.0
Single-Crossing_12;1.0
Single-Crossing_13;1.0
Single-Crossing_14;1.0
Single-Crossing_15;1.0
Single-Crossing_16;1.0
Single-Crossing_17;1.0
Single-Crossing_18;1.002000063494079
Single-Crossing_19;1.0
1D Uniform_0;1.0
1D Uniform_1;1.0
1D Uniform_2;1.0028106178898057
1D Uniform_3;1.0
1D Uniform_4;1.0028506787330318
1D Uniform_5;1.0009724022967217
1D Uniform_6;1.0
1D Uniform_7;0.9999999999999999
1D Uniform_8;1.0
1D Uniform_9;1.00094039675787
1D Uniform_10;1.0
1D Uniform_11;1.0018684936382243
1D Uniform_12;1.0
1D Uniform_13;1.0
1D Uniform_14;1.0
1D Uniform_15;1.001827517187364
1D Uniform_16;1.0059501322251607
1D Uniform_17;1.0
1D Uniform_18;1.0027871173243672
1D Uniform_19;1.0
2D Uniform_0;1.0059738289398823
2D Uniform_1;1.0086756942850583
2D Uniform_2;1.0
2D Uniform_3;1.002620872126401
2D Uniform_4;1.0000000000000002
2D Uniform_5;1.0
2D Uniform_6;1.0
2D Uniform_7;1.0
2D Uniform_8;1.00973348783314
2D Uniform_9;1.0030230326295586
2D Uniform_10;1.0066138756411411
2D Uniform_11;1.003970692507682
2D Uniform_12;0.9999999999999998
2D Uniform_13;1.0019353946822724
2D Uniform_14;1.0058344137803301
2D Uniform_15;1.004805931893079
2D Uniform_16;1.0
2D Uniform_17;1.0029633113828786
2D Uniform_18;0.9999999999999998
2D Uniform_19;1.0
3D Uniform_0;1.0039394081508233
3D Uniform_1;1.0049535311600695
3D Uniform_2;1.0034640399660664
3D Uniform_3;1.007886583419397
3D Uniform_4;1.0
3D Uniform_5;1.000993166071555
3D Uniform_6;1.000505877818462
3D Uniform_7;1.0025736555713511
3D Uniform_8;1.0
3D Uniform_9;1.0
3D Uniform_10;1.0
3D Uniform_11;1.0000000000000004
3D Uniform_12;1.0
3D Uniform_13;1.0020494303071705
3D Uniform_14;1.0
3D Uniform_15;1.0004960903356879
3D Uniform_16;1.0
3D Uniform_17;1.0034882065397943
3D Uniform_18;1.0027503844232195
3D Uniform_19;1.0
5D Uniform_0;1.0
5D Uniform_1;1.0
5D Uniform_2;1.002128381973618
5D Uniform_3;1.0008071180121838
5D Uniform_4;1.001143830495214
5D Uniform_5;1.000846398774737
5D Uniform_6;1.0026972180122786
5D Uniform_7;1.0
5D Uniform_8;1.0
5D Uniform_9;1.0023472150953368
5D Uniform_10;1.0
5D Uniform_11;1.0
5D Uniform_12;1.0044040187280532
5D Uniform_13;1.0039417013742693
5D Uniform_14;1.0
5D Uniform_15;1.0
5D Uniform_16;1.0
5D Uniform_17;1.0010617053009427
5D Uniform_18;1.0027159714641936
5D Uniform_19;1.0
10D Uniform_0;1.0
10D Uniform_1;1.0
10D Uniform_2;0.9999999999999996
10D Uniform_3;1.0025998073020677
10D Uniform_4;1.0
10D Uniform_5;1.0
10D Uniform_6;1.0
10D Uniform_7;1.0
10D Uniform_8;1.0
10D Uniform_9;1.0006131351057805
10D Uniform_10;1.0
10D Uniform_11;1.0
10D Uniform_12;1.000624702522608
10D Uniform_13;1.0017161469582172
10D Uniform_14;1.004375936977246
10D Uniform_15;1.0002394977390274
10D Uniform_16;1.0
10D Uniform_17;1.004870418812869
10D Uniform_18;1.0
10D Uniform_19;1.0027673817932634
20D Uniform_0;1.0
20D Uniform_1;1.0003669810276634
20D Uniform_2;1.0
20D Uniform_3;1.0
20D Uniform_4;1.0
20D Uniform_5;1.0
20D Uniform_6;1.0
20D Uniform_7;1.0
20D Uniform_8;1.0001277986380317
20D Uniform_9;1.0
20D Uniform_10;1.0
20D Uniform_11;1.0
20D Uniform_12;1.0
20D Uniform_13;1.0002409113331574
20D Uniform_14;1.001135871916919
20D Uniform_15;1.0017361493860093
20D Uniform_16;1.0
20D Uniform_17;1.0
20D Uniform_18;1.0
20D Uniform_19;1.0006066628918753
2D Sphere_0;1.0019058855561098
2D Sphere_1;1.0028345181319176
2D Sphere_2;1.0055587417832088
2D Sphere_3;1.0
2D Sphere_4;1.0
2D Sphere_5;1.0
2D Sphere_6;1.0
2D Sphere_7;1.005589814116499
2D Sphere_8;1.0055898141164987
2D Sphere_9;1.0027716673999123
2D Sphere_10;0.9999999999999999
2D Sphere_11;1.005558741783209
2D Sphere_12;1.0
2D Sphere_13;1.0000000000000002
2D Sphere_14;1.0027871173243672
2D Sphere_15;1.00274881103015
2D Sphere_16;1.0
2D Sphere_17;1.0000000000000002
2D Sphere_18;1.0027793708916046
2D Sphere_19;1.0
3D Sphere_0;1.0
3D Sphere_1;1.0102959529327866
3D Sphere_2;1.0055280129864432
3D Sphere_3;1.0028265063484234
3D Sphere_4;1.0
3D Sphere_5;1.0028520337717015
3D Sphere_6;1.0009299030243988
3D Sphere_7;1.0054825515620918
3D Sphere_8;0.9999999999999999
3D Sphere_9;1.008447682474411
3D Sphere_10;1.0032607249012908
3D Sphere_11;1.002922891342674
3D Sphere_12;1.0027362751911049
3D Sphere_13;1.0037757899941564
3D Sphere_14;1.0038009049773757
3D Sphere_15;1.000939513242663
3D Sphere_16;0.9999999999999999
3D Sphere_17;1.0036650813735326
3D Sphere_18;1.0085846656976745
3D Sphere_19;1.0
5D Sphere_0;1.0009316356860833
5D Sphere_1;1.0103346456692912
5D Sphere_2;1.0
5D Sphere_3;1.0080235537375823
5D Sphere_4;1.0061911781381108
5D Sphere_5;1.000939513242663
5D Sphere_6;1.0
5D Sphere_7;1.000968634686347
5D Sphere_8;1.003808142170641
5D Sphere_9;0.9999999999999999
5D Sphere_10;1.0032246742420918
5D Sphere_11;1.0048059318930793
5D Sphere_12;1.007573025604039
5D Sphere_13;1.012225157852313
5D Sphere_14;1.000933374816659
5D Sphere_15;1.0023699356731748
5D Sphere_16;1.0037722292078315
5D Sphere_17;1.0023733104290045
5D Sphere_18;1.0
5D Sphere_19;1.0009359957211623
GS Balanced_0;1.0
GS Balanced_1;1.0
GS Balanced_2;1.0000000000000002
GS Balanced_3;0.9999999999999999
GS Balanced_4;1.0
GS Balanced_5;1.0
GS Balanced_6;1.0000000000000002
GS Balanced_7;0.9999999999999999
GS Balanced_8;1.0
GS Balanced_9;1.0
GS Balanced_10;1.0
GS Balanced_11;1.0
GS Balanced_12;1.0000000000000002
GS Balanced_13;1.0
GS Balanced_14;1.0
GS Balanced_15;1.0
GS Balanced_16;1.0
GS Balanced_17;1.0
GS Balanced_18;1.0000000000000007
GS Balanced_19;1.0
GS Caterpillar_0;1.0
GS Caterpillar_1;1.0021481554016014
GS Caterpillar_2;1.0
GS Caterpillar_3;1.0
GS Caterpillar_4;1.0
GS Caterpillar_5;1.0
GS Caterpillar_6;1.0
GS Caterpillar_7;1.0
GS Caterpillar_8;1.000142055543718
GS Caterpillar_9;1.0
GS Caterpillar_10;1.0
GS Caterpillar_11;1.0
GS Caterpillar_12;1.0
GS Caterpillar_13;1.0
GS Caterpillar_14;1.0
GS Caterpillar_15;1.000210065526892
GS Caterpillar_16;1.0
GS Caterpillar_17;1.0
GS Caterpillar_18;1.0
GS Caterpillar_19;1.0
Urn_0;1.0
Urn_1;1.0
Urn_2;1.0
Urn_3;1.0000000000000002
Urn_4;1.0
Urn_5;1.0
Urn_6;1.0
Urn_7;1.0
Urn_8;1.0
Urn_9;1.0
Urn_10;1.0
Urn_11;1.0
Urn_12;1.0
Urn_13;1.0
Urn_14;0.9999999999999998
Urn_15;1.0
Urn_16;1.0
Urn_17;1.0014526840066407
Urn_18;1.0
Urn_19;1.0
Urn_20;1.0
Urn_21;1.0012901878144835
Urn_22;1.0
Urn_23;1.003047600619195
Urn_24;0.9999999999999997
Urn_25;1.0021533749880365
Urn_26;0.9999999999999999
Urn_27;1.0
Urn_28;1.0
Urn_29;1.0
Urn_30;1.001453656060361
Urn_31;1.0
Urn_32;1.0
Urn_33;1.0
Urn_34;1.0
Urn_35;1.0
Urn_36;1.0
Urn_37;1.0
Urn_38;1.0
Urn_39;1.0
Urn_40;1.0
Urn_41;1.0
Urn_42;1.0
Urn_43;1.0
Urn_44;1.0
Urn_45;1.0
Urn_46;1.0
Urn_47;1.0
Urn_48;1.0
Urn_49;0.9999999999999996
Urn_50;1.0
Urn_51;1.0005640915439995
Urn_52;1.0040852388324653
Urn_53;1.0061109209174943
Urn_54;1.0
Urn_55;1.0
Urn_56;1.0
Urn_57;1.0
Urn_58;1.0
Urn_59;1.0
Urn_60;1.0
Urn_61;1.0
Urn_62;1.0
Urn_63;1.0
Urn_64;1.0
Urn_65;1.0
Urn_66;1.0042098631078527
Urn_67;1.0
Urn_68;1.0
Urn_69;1.0000000000000002
Urn_70;1.0
Urn_71;1.0
Urn_72;1.0
Urn_73;1.0
Urn_74;1.0
Urn_75;1.0
Urn_76;1.002296886962953
Urn_77;1.0
Urn_78;1.0
Urn_79;1.0
Norm-Mallows_0;1.0
Norm-Mallows_1;1.0
Norm-Mallows_2;1.0
Norm-Mallows_3;1.0
Norm-Mallows_4;1.002815894158137
Norm-Mallows_5;1.0
Norm-Mallows_6;1.0
Norm-Mallows_7;1.0012236395507494
Norm-Mallows_8;1.0
Norm-Mallows_9;1.0
Norm-Mallows_10;1.0
Norm-Mallows_11;1.001413253174212
Norm-Mallows_12;1.002958996759194
Norm-Mallows_13;1.0
Norm-Mallows_14;1.0005510364733667
Norm-Mallows_15;1.0
Norm-Mallows_16;1.0
Norm-Mallows_17;1.0
Norm-Mallows_18;1.0
Norm-Mallows_19;1.0
Norm-Mallows_20;1.0
Norm-Mallows_21;1.0
Norm-Mallows_22;1.0
Norm-Mallows_23;1.0
Norm-Mallows_24;1.0
Norm-Mallows_25;1.0
Norm-Mallows_26;1.0
Norm-Mallows_27;1.0
Norm-Mallows_28;1.0
Norm-Mallows_29;1.002004247095034
Norm-Mallows_30;1.0
Norm-Mallows_31;1.0
Norm-Mallows_32;1.0
Norm-Mallows_33;1.0
Norm-Mallows_34;1.0004916996417617
Norm-Mallows_35;1.0031764948548119
Norm-Mallows_36;1.0
Norm-Mallows_37;1.0
Norm-Mallows_38;1.0
Norm-Mallows_39;1.0
Norm-Mallows_40;1.0
Norm-Mallows_41;1.0
Norm-Mallows_42;1.0003722172330671
Norm-Mallows_43;1.0
Norm-Mallows_44;1.0
Norm-Mallows_45;1.0
Norm-Mallows_46;1.0
Norm-Mallows_47;1.0
Norm-Mallows_48;1.0
Norm-Mallows_49;1.0
Norm-Mallows_50;1.0
Norm-Mallows_51;1.0
Norm-Mallows_52;1.0004671234095561
Norm-Mallows_53;1.0
Norm-Mallows_54;0.9999999999999998
Norm-Mallows_55;1.0
Norm-Mallows_56;1.0
Norm-Mallows_57;1.0
Norm-Mallows_58;1.0
Norm-Mallows_59;1.0
Norm-Mallows_60;1.0
Norm-Mallows_61;1.0
Norm-Mallows_62;1.0
Norm-Mallows_63;1.0
Norm-Mallows_64;1.0
Norm-Mallows_65;1.0
Norm-Mallows_66;1.0000000000000002
Norm-Mallows_67;1.0
Norm-Mallows_68;1.0
Norm-Mallows_69;1.0
Norm-Mallows_70;1.0
Norm-Mallows_71;1.0062966942355267
Norm-Mallows_72;1.0
Norm-Mallows_73;1.0
Norm-Mallows_74;1.0
Norm-Mallows_75;1.0
Norm-Mallows_76;1.0
Norm-Mallows_77;1.0
Norm-Mallows_78;1.0
Norm-Mallows_79;1.0
ANID_0;None
ANID_1;None
ANID_2;None
ANID_3;None
ANID_4;None
ANID_5;None
ANID_6;None
ANID_7;None
ANID_8;None
ANID_9;None
ANID_10;None
ANID_11;None
ANID_12;None
ANID_13;None
ANID_14;None
ANID_15;None
ANID_16;None
ANID_17;None
ANID_18;None
ANID_19;None
STID_0;None
STID_1;None
STID_2;None
STID_3;None
STID_4;None
STID_5;None
STID_6;None
STID_7;None
STID_8;None
STID_9;None
STID_10;None
STID_11;None
STID_12;None
STID_13;None
STID_14;None
STID_15;None
STID_16;None
STID_17;None
STID_18;None
STID_19;None
ANUN_0;None
ANUN_1;None
ANUN_2;None
ANUN_3;None
ANUN_4;None
ANUN_5;None
ANUN_6;None
ANUN_7;None
ANUN_8;None
ANUN_9;None
ANUN_10;None
ANUN_11;None
ANUN_12;None
ANUN_13;None
ANUN_14;None
ANUN_15;None
ANUN_16;None
ANUN_17;None
ANUN_18;None
ANUN_19;None
STUN_0;None
STUN_1;None
STUN_2;None
STUN_3;None
STUN_4;None
STUN_5;None
STUN_6;None
STUN_7;None
STUN_8;None
STUN_9;None
STUN_10;None
STUN_11;None
STUN_12;None
STUN_13;None
STUN_14;None
STUN_15;None
STUN_16;None
STUN_17;None
STUN_18;None
STUN_19;None
