election_id;value
ID;None
UN;None
AN;None
ST;None
Impartial Culture_0;1.0
Impartial Culture_1;1.0
Impartial Culture_2;1.0
Impartial Culture_3;1.0
Impartial Culture_4;1.0015856184746816
Impartial Culture_5;1.0015575621435322
Impartial Culture_6;1.000879487438394
Impartial Culture_7;1.0
Impartial Culture_8;1.0008975819581292
Impartial Culture_9;1.0
Impartial Culture_10;1.0031452515058443
Impartial Culture_11;1.0
Impartial Culture_12;1.0006547865278403
Impartial Culture_13;1.0014347330298647
Impartial Culture_14;1.0
Impartial Culture_15;1.0000962418975086
Impartial Culture_16;1.0
Impartial Culture_17;1.0000735417542652
Impartial Culture_18;1.005240492768704
Impartial Culture_19;1.0004538353356716
SP by Conitzer_0;1.0008178470597269
SP by Conitzer_1;1.005621459253569
SP by Conitzer_2;1.0026576816848138
SP by Conitzer_3;1.002129772374755
SP by Conitzer_4;1.0021306708976676
SP by Conitzer_5;1.0062629508007226
SP by Conitzer_6;1.002252062822018
SP by Conitzer_7;1.0028978579860233
SP by Conitzer_8;1.0026742986908572
SP by Conitzer_9;1.0032693812226052
SP by Conitzer_10;1.0022573933788603
SP by Conitzer_11;1.0026818512218851
SP by Conitzer_12;1.0036829229540514
SP by Conitzer_13;1.0038397812904374
SP by Conitzer_14;1.0060022057025382
SP by Conitzer_15;1.0038005237015697
SP by Conitzer_16;1.0019647269030685
SP by Conitzer_17;1.002660930997882
SP by Conitzer_18;1.00288914943606
SP by Conitzer_19;1.0016722743359212
SP by Walsh_0;1.0
SP by Walsh_1;1.0
SP by Walsh_2;1.0
SP by Walsh_3;1.0
SP by Walsh_4;1.0
SP by Walsh_5;1.0019884287502598
SP by Walsh_6;1.0
SP by Walsh_7;1.0006127133227658
SP by Walsh_8;1.0
SP by Walsh_9;1.0054665625110513
SP by Walsh_10;1.0
SP by Walsh_11;1.004583467374279
SP by Walsh_12;1.0
SP by Walsh_13;1.0
SP by Walsh_14;1.0
SP by Walsh_15;1.0
SP by Walsh_16;1.0033909473643583
SP by Walsh_17;1.0000933026816758
SP by Walsh_18;1.0008314504791729
SP by Walsh_19;1.0
SPOC_0;1.000937063673101
SPOC_1;1.0032897552068158
SPOC_2;1.0032886474034803
SPOC_3;1.0043846867297892
SPOC_4;1.0064345954632306
SPOC_5;1.0032264373628779
SPOC_6;1.0045256021228548
SPOC_7;1.0042051318795284
SPOC_8;1.0023990745287643
SPOC_9;1.0072791272692385
SPOC_10;1.0029158902010427
SPOC_11;1.0011798577845485
SPOC_12;1.0026808811764458
SPOC_13;1.0006421179607148
SPOC_14;1.001616885753315
SPOC_15;1.0054804138248756
SPOC_16;1.0019660345139119
SPOC_17;1.0039744896495855
SPOC_18;1.0030733682325637
SPOC_19;1.0009403550140625
Single-Crossing_0;1.0012843951464399
Single-Crossing_1;1.0007082132038045
Single-Crossing_2;1.0
Single-Crossing_3;1.0
Single-Crossing_4;1.0
Single-Crossing_5;1.0
Single-Crossing_6;1.0023226722636223
Single-Crossing_7;1.0
Single-Crossing_8;1.0
Single-Crossing_9;1.0
Single-Crossing_10;1.0005777663433646
Single-Crossing_11;1.0
Single-Crossing_12;1.0
Single-Crossing_13;1.0
Single-Crossing_14;1.0
Single-Crossing_15;1.0
Single-Crossing_16;1.0
Single-Crossing_17;1.0
Single-Crossing_18;1.0
Single-Crossing_19;1.0
1D Uniform_0;1.0046312194267548
1D Uniform_1;1.0027158657208939
1D Uniform_2;1.0040228410701284
1D Uniform_3;1.0033033851510498
1D Uniform_4;1.00405683132176
1D Uniform_5;1.002626067023288
1D Uniform_6;1.0019577864942044
1D Uniform_7;1.002400028206935
1D Uniform_8;1.0063919518807423
1D Uniform_9;1.0040759425239039
1D Uniform_10;1.0038504912412105
1D Uniform_11;1.0033076242351298
1D Uniform_12;1.0026581439707871
1D Uniform_13;1.0035051743313836
1D Uniform_14;1.0017151422826949
1D Uniform_15;1.0048295400256562
1D Uniform_16;1.0014047933839365
1D Uniform_17;1.0031383239956164
1D Uniform_18;1.0053401883935822
1D Uniform_19;1.0015623846791137
2D Uniform_0;1.003876652248325
2D Uniform_1;1.0060397327562667
2D Uniform_2;1.0017851927162713
2D Uniform_3;1.00102522185498
2D Uniform_4;1.0031263931777181
2D Uniform_5;1.003913883398657
2D Uniform_6;1.0013194535666774
2D Uniform_7;1.0051452506673395
2D Uniform_8;1.0023933499855013
2D Uniform_9;1.0052149315611258
2D Uniform_10;1.0042280625469662
2D Uniform_11;1.001450702880386
2D Uniform_12;1.0010259351389155
2D Uniform_13;1.0019439342597447
2D Uniform_14;1.0047198263540935
2D Uniform_15;1.0048005905915534
2D Uniform_16;1.0025886607319057
2D Uniform_17;1.0017051450085876
2D Uniform_18;1.0067611208935996
2D Uniform_19;1.0059049468104093
3D Uniform_0;1.0
3D Uniform_1;1.0004966931078223
3D Uniform_2;1.0007380815863203
3D Uniform_3;1.0008271269493387
3D Uniform_4;1.0
3D Uniform_5;1.0035086401068178
3D Uniform_6;1.0002348630290512
3D Uniform_7;1.0
3D Uniform_8;1.0
3D Uniform_9;1.0
3D Uniform_10;1.000184731700892
3D Uniform_11;1.0
3D Uniform_12;1.0
3D Uniform_13;1.0037914035784965
3D Uniform_14;1.001054341793372
3D Uniform_15;1.0012495588280648
3D Uniform_16;1.0
3D Uniform_17;1.0
3D Uniform_18;1.0
3D Uniform_19;1.0
5D Uniform_0;1.0020058282995739
5D Uniform_1;1.0
5D Uniform_2;1.0
5D Uniform_3;1.0
5D Uniform_4;1.0
5D Uniform_5;1.0
5D Uniform_6;1.0
5D Uniform_7;1.0
5D Uniform_8;1.0
5D Uniform_9;1.0
5D Uniform_10;1.0
5D Uniform_11;1.0
5D Uniform_12;1.0
5D Uniform_13;1.0
5D Uniform_14;1.0
5D Uniform_15;1.0
5D Uniform_16;1.0
5D Uniform_17;1.0004324346932119
5D Uniform_18;1.0
5D Uniform_19;1.0
10D Uniform_0;1.0
10D Uniform_1;1.0
10D Uniform_2;1.0
10D Uniform_3;1.0
10D Uniform_4;1.0
10D Uniform_5;1.0
10D Uniform_6;1.0
10D Uniform_7;1.0
10D Uniform_8;1.0
10D Uniform_9;1.0
10D Uniform_10;1.0
10D Uniform_11;1.0
10D Uniform_12;1.0
10D Uniform_13;1.0
10D Uniform_14;1.0
10D Uniform_15;1.000953285776928
10D Uniform_16;1.000351275502319
10D Uniform_17;1.0008749545758442
10D Uniform_18;1.0
10D Uniform_19;1.0
20D Uniform_0;1.0
20D Uniform_1;1.0014905591297074
20D Uniform_2;1.0
20D Uniform_3;1.0
20D Uniform_4;1.0
20D Uniform_5;1.0
20D Uniform_6;1.0
20D Uniform_7;1.0
20D Uniform_8;1.0
20D Uniform_9;1.0
20D Uniform_10;1.0
20D Uniform_11;1.0
20D Uniform_12;1.0
20D Uniform_13;1.0
20D Uniform_14;1.0
20D Uniform_15;1.0
20D Uniform_16;1.0
20D Uniform_17;1.0
20D Uniform_18;1.0
20D Uniform_19;1.0
2D Sphere_0;1.0021331730555822
2D Sphere_1;1.0032011115388662
2D Sphere_2;1.0049806561547705
2D Sphere_3;1.00223588973551
2D Sphere_4;1.0028876118079393
2D Sphere_5;1.002672847346578
2D Sphere_6;1.0019581879493795
2D Sphere_7;1.0069964562933469
2D Sphere_8;1.003935643244908
2D Sphere_9;1.007376799424797
2D Sphere_10;1.0036691061952747
2D Sphere_11;1.0040587819844817
2D Sphere_12;1.002911060551534
2D Sphere_13;1.002454302740439
2D Sphere_14;1.0018752694777004
2D Sphere_15;1.0020550099453454
2D Sphere_16;1.0041959674476766
2D Sphere_17;1.0035355395676206
2D Sphere_18;1.0019831608794183
2D Sphere_19;1.006546412152907
3D Sphere_0;1.0048766967157163
3D Sphere_1;1.0074263991948207
3D Sphere_2;1.0034456226535398
3D Sphere_3;1.008402228426121
3D Sphere_4;1.007682663272422
3D Sphere_5;1.0040728508081054
3D Sphere_6;1.0054071262480189
3D Sphere_7;1.0081457775052567
3D Sphere_8;1.007289871858598
3D Sphere_9;1.0060504435257946
3D Sphere_10;1.0044988782589392
3D Sphere_11;1.006825301256604
3D Sphere_12;1.005425810052159
3D Sphere_13;1.005074373180099
3D Sphere_14;1.0100583682978952
3D Sphere_15;1.0054347657471014
3D Sphere_16;1.0084308088678526
3D Sphere_17;1.0077489462875537
3D Sphere_18;1.0075682530538417
3D Sphere_19;1.0101787143391907
5D Sphere_0;1.0098636419000793
5D Sphere_1;1.0087655212495639
5D Sphere_2;1.0081757631643418
5D Sphere_3;1.0063812690105645
5D Sphere_4;1.0055236699092474
5D Sphere_5;1.0067931577636786
5D Sphere_6;1.0054307791867896
5D Sphere_7;1.00172112712497
5D Sphere_8;1.0069720648076497
5D Sphere_9;1.0040581480775823
5D Sphere_10;1.0038468277390413
5D Sphere_11;1.008377982732081
5D Sphere_12;1.0065650770736765
5D Sphere_13;1.0036362115681192
5D Sphere_14;1.0049826592604993
5D Sphere_15;1.0111817629613054
5D Sphere_16;1.007134288237555
5D Sphere_17;1.0063639109356968
5D Sphere_18;1.0117066258103393
5D Sphere_19;1.0107765160993107
GS Balanced_0;1.0001331340948694
GS Balanced_1;1.0
GS Balanced_2;1.0016487035214776
GS Balanced_3;1.0006404157150983
GS Balanced_4;1.0003939674637863
GS Balanced_5;1.0001014640188604
GS Balanced_6;1.0008447793978283
GS Balanced_7;1.0009237564440203
GS Balanced_8;1.0004395535414716
GS Balanced_9;1.0003172200999115
GS Balanced_10;1.0010570628561348
GS Balanced_11;1.0000353765519494
GS Balanced_12;1.0001916780915059
GS Balanced_13;1.0
GS Balanced_14;1.0008977631227547
GS Balanced_15;1.0000961002376467
GS Balanced_16;1.0010809510269245
GS Balanced_17;1.0020072559920308
GS Balanced_18;1.0005732171048063
GS Balanced_19;1.0015893016521584
GS Caterpillar_0;1.0021477438564412
GS Caterpillar_1;1.0
GS Caterpillar_2;1.0
GS Caterpillar_3;1.0
GS Caterpillar_4;1.0
GS Caterpillar_5;1.0
GS Caterpillar_6;1.0
GS Caterpillar_7;1.0
GS Caterpillar_8;1.0
GS Caterpillar_9;1.0
GS Caterpillar_10;1.0
GS Caterpillar_11;1.0001774609999599
GS Caterpillar_12;1.0
GS Caterpillar_13;1.0
GS Caterpillar_14;1.0002118875189319
GS Caterpillar_15;1.00001035524485
GS Caterpillar_16;1.0010670147290677
GS Caterpillar_17;1.0
GS Caterpillar_18;1.0
GS Caterpillar_19;1.0089848100514043
Urn_0;1.0
Urn_1;1.0
Urn_2;1.0
Urn_3;1.0
Urn_4;1.0
Urn_5;1.0
Urn_6;1.0
Urn_7;1.0007544214452295
Urn_8;1.0
Urn_9;1.0
Urn_10;1.0
Urn_11;1.0
Urn_12;1.0
Urn_13;1.0
Urn_14;1.0
Urn_15;1.0
Urn_16;1.0
Urn_17;1.0021869198111868
Urn_18;1.0
Urn_19;1.0
Urn_20;1.0
Urn_21;1.0
Urn_22;1.0
Urn_23;1.0
Urn_24;1.0
Urn_25;1.0
Urn_26;1.0
Urn_27;1.0
Urn_28;1.0
Urn_29;1.0
Urn_30;1.0007148867762863
Urn_31;1.0
Urn_32;1.0
Urn_33;1.000748642665318
Urn_34;1.0
Urn_35;1.0006111559960937
Urn_36;1.0
Urn_37;1.0010779904143894
Urn_38;1.0
Urn_39;1.0
Urn_40;1.0
Urn_41;1.0
Urn_42;1.0
Urn_43;1.0
Urn_44;1.0
Urn_45;1.0
Urn_46;1.0
Urn_47;1.0
Urn_48;1.0
Urn_49;1.0
Urn_50;1.0
Urn_51;1.0
Urn_52;1.0
Urn_53;1.0
Urn_54;1.0
Urn_55;1.0
Urn_56;1.0
Urn_57;1.0
Urn_58;1.0
Urn_59;1.0
Urn_60;1.0
Urn_61;1.0027281793824525
Urn_62;1.0
Urn_63;1.0
Urn_64;1.0
Urn_65;1.0
Urn_66;1.0009150804339664
Urn_67;1.0
Urn_68;1.0015160737619708
Urn_69;1.0
Urn_70;1.0
Urn_71;1.0
Urn_72;1.0
Urn_73;1.0
Urn_74;1.0
Urn_75;1.000152862054104
Urn_76;1.0
Urn_77;1.0
Urn_78;1.0
Urn_79;1.0
Norm-Mallows_0;1.0
Norm-Mallows_1;1.0
Norm-Mallows_2;1.0006315587251606
Norm-Mallows_3;1.0
Norm-Mallows_4;1.0
Norm-Mallows_5;1.0
Norm-Mallows_6;1.0
Norm-Mallows_7;1.0
Norm-Mallows_8;1.0
Norm-Mallows_9;1.0
Norm-Mallows_10;1.0
Norm-Mallows_11;1.0005799818368044
Norm-Mallows_12;1.0
Norm-Mallows_13;1.0
Norm-Mallows_14;1.0
Norm-Mallows_15;1.0
Norm-Mallows_16;1.0
Norm-Mallows_17;1.0
Norm-Mallows_18;1.0
Norm-Mallows_19;1.0
Norm-Mallows_20;1.0
Norm-Mallows_21;1.0
Norm-Mallows_22;1.0
Norm-Mallows_23;1.0
Norm-Mallows_24;1.0
Norm-Mallows_25;1.0
Norm-Mallows_26;1.0
Norm-Mallows_27;1.0
Norm-Mallows_28;1.0
Norm-Mallows_29;1.0
Norm-Mallows_30;1.0
Norm-Mallows_31;1.0
Norm-Mallows_32;1.0005560382680665
Norm-Mallows_33;1.0
Norm-Mallows_34;1.0
Norm-Mallows_35;1.0
Norm-Mallows_36;1.000421287367052
Norm-Mallows_37;1.0
Norm-Mallows_38;1.0
Norm-Mallows_39;1.0
Norm-Mallows_40;1.0
Norm-Mallows_41;1.0
Norm-Mallows_42;1.0
Norm-Mallows_43;1.0004999728294157
Norm-Mallows_44;1.0
Norm-Mallows_45;1.0
Norm-Mallows_46;1.0
Norm-Mallows_47;1.0
Norm-Mallows_48;1.0
Norm-Mallows_49;1.0
Norm-Mallows_50;1.0
Norm-Mallows_51;1.0
Norm-Mallows_52;1.0
Norm-Mallows_53;1.0
Norm-Mallows_54;1.0
Norm-Mallows_55;1.0
Norm-Mallows_56;1.0
Norm-Mallows_57;1.0
Norm-Mallows_58;1.0
Norm-Mallows_59;1.0
Norm-Mallows_60;1.0
Norm-Mallows_61;1.0
Norm-Mallows_62;1.0
Norm-Mallows_63;1.0
Norm-Mallows_64;1.0
Norm-Mallows_65;1.0
Norm-Mallows_66;1.0
Norm-Mallows_67;1.000726418804511
Norm-Mallows_68;1.0
Norm-Mallows_69;1.0
Norm-Mallows_70;1.0
Norm-Mallows_71;1.0
Norm-Mallows_72;1.0
Norm-Mallows_73;1.00097584558836
Norm-Mallows_74;1.0
Norm-Mallows_75;1.0
Norm-Mallows_76;1.0
Norm-Mallows_77;1.0
Norm-Mallows_78;1.0
Norm-Mallows_79;1.0
ANID_0;None
ANID_1;None
ANID_2;None
ANID_3;None
ANID_4;None
ANID_5;None
ANID_6;None
ANID_7;None
ANID_8;None
ANID_9;None
ANID_10;None
ANID_11;None
ANID_12;None
ANID_13;None
ANID_14;None
ANID_15;None
ANID_16;None
ANID_17;None
ANID_18;None
ANID_19;None
STID_0;None
STID_1;None
STID_2;None
STID_3;None
STID_4;None
STID_5;None
STID_6;None
STID_7;None
STID_8;None
STID_9;None
STID_10;None
STID_11;None
STID_12;None
STID_13;None
STID_14;None
STID_15;None
STID_16;None
STID_17;None
STID_18;None
STID_19;None
ANUN_0;None
ANUN_1;None
ANUN_2;None
ANUN_3;None
ANUN_4;None
ANUN_5;None
ANUN_6;None
ANUN_7;None
ANUN_8;None
ANUN_9;None
ANUN_10;None
ANUN_11;None
ANUN_12;None
ANUN_13;None
ANUN_14;None
ANUN_15;None
ANUN_16;None
ANUN_17;None
ANUN_18;None
ANUN_19;None
STUN_0;None
STUN_1;None
STUN_2;None
STUN_3;None
STUN_4;None
STUN_5;None
STUN_6;None
STUN_7;None
STUN_8;None
STUN_9;None
STUN_10;None
STUN_11;None
STUN_12;None
STUN_13;None
STUN_14;None
STUN_15;None
STUN_16;None
STUN_17;None
STUN_18;None
STUN_19;None
