election_id;value
ID;None
UN;None
AN;None
ST;None
Impartial Culture_0;1.0
Impartial Culture_1;1.0
Impartial Culture_2;1.0
Impartial Culture_3;1.0
Impartial Culture_4;0.9994551331014658
Impartial Culture_5;0.9994422663526931
Impartial Culture_6;0.9996751919792858
Impartial Culture_7;1.0
Impartial Culture_8;0.999688963437255
Impartial Culture_9;1.0
Impartial Culture_10;0.9988679934787079
Impartial Culture_11;1.0
Impartial Culture_12;0.999760470137213
Impartial Culture_13;0.9994939046031844
Impartial Culture_14;1.0
Impartial Culture_15;0.9999658211502956
Impartial Culture_16;1.0
Impartial Culture_17;0.9999736888715005
Impartial Culture_18;0.9981239508923684
Impartial Culture_19;0.9998342138515375
SP by Conitzer_0;0.999723512243075
SP by Conitzer_1;0.9980374271348843
SP by Conitzer_2;0.9990895954991837
SP by Conitzer_3;0.999268222667718
SP by Conitzer_4;0.9992308974570326
SP by Conitzer_5;0.9978052200276197
SP by Conitzer_6;0.9991775863470812
SP by Conitzer_7;0.9989732056913073
SP by Conitzer_8;0.9990497587226997
SP by Conitzer_9;0.9988147355713608
SP by Conitzer_10;0.9991821856023156
SP by Conitzer_11;0.9991122910557466
SP by Conitzer_12;0.9987196259501872
SP by Conitzer_13;0.9985808758062723
SP by Conitzer_14;0.9978709005343023
SP by Conitzer_15;0.9987308920260365
SP by Conitzer_16;0.9993432305250284
SP by Conitzer_17;0.9990652585697248
SP by Conitzer_18;0.9989952886483568
SP by Conitzer_19;0.9994061294972635
SP by Walsh_0;1.0
SP by Walsh_1;1.0
SP by Walsh_2;1.0
SP by Walsh_3;1.0
SP by Walsh_4;1.0
SP by Walsh_5;0.9998913793383646
SP by Walsh_6;1.0
SP by Walsh_7;0.999966758799904
SP by Walsh_8;1.0
SP by Walsh_9;0.9997057068469847
SP by Walsh_10;1.0
SP by Walsh_11;0.9997519184127369
SP by Walsh_12;1.0
SP by Walsh_13;1.0
SP by Walsh_14;1.0
SP by Walsh_15;1.0
SP by Walsh_16;0.9998228955363023
SP by Walsh_17;0.9999947987018138
SP by Walsh_18;0.9999516173091054
SP by Walsh_19;1.0
SPOC_0;0.9996283779496398
SPOC_1;0.998705416201903
SPOC_2;0.998718787939501
SPOC_3;0.9983136941883126
SPOC_4;0.9974941626644297
SPOC_5;0.9987179532290253
SPOC_6;0.9982028778007583
SPOC_7;0.998327224640396
SPOC_8;0.9990522940446294
SPOC_9;0.9971898013029385
SPOC_10;0.9988690894282012
SPOC_11;0.9995362958141409
SPOC_12;0.998938895287035
SPOC_13;0.9997483778658175
SPOC_14;0.9993677394644179
SPOC_15;0.9978111954462119
SPOC_16;0.9992267798816097
SPOC_17;0.9984242811900904
SPOC_18;0.9988517577591784
SPOC_19;0.9996320000158412
Single-Crossing_0;0.9998186327127363
Single-Crossing_1;0.9998857825333126
Single-Crossing_2;1.0
Single-Crossing_3;1.0
Single-Crossing_4;1.0
Single-Crossing_5;1.0
Single-Crossing_6;0.9995981866243103
Single-Crossing_7;1.0
Single-Crossing_8;1.0
Single-Crossing_9;1.0
Single-Crossing_10;0.9999132582805754
Single-Crossing_11;1.0
Single-Crossing_12;1.0
Single-Crossing_13;1.0
Single-Crossing_14;1.0
Single-Crossing_15;1.0
Single-Crossing_16;1.0
Single-Crossing_17;1.0
Single-Crossing_18;1.0
Single-Crossing_19;1.0
1D Uniform_0;0.9983963456386763
1D Uniform_1;0.9989882053778922
1D Uniform_2;0.998582210567355
1D Uniform_3;0.9987888541138135
1D Uniform_4;0.9985573410283534
1D Uniform_5;0.9990950783434938
1D Uniform_6;0.9993016510967321
1D Uniform_7;0.9991151701898225
1D Uniform_8;0.9976475342244315
1D Uniform_9;0.9985665768549002
1D Uniform_10;0.9986965898778911
1D Uniform_11;0.9988779236336326
1D Uniform_12;0.9991072954230396
1D Uniform_13;0.9986944067771004
1D Uniform_14;0.9993811113208517
1D Uniform_15;0.9982332934173316
1D Uniform_16;0.9994873723219656
1D Uniform_17;0.9989028629103709
1D Uniform_18;0.9981794539888743
1D Uniform_19;0.9994319460720303
2D Uniform_0;0.9988635991601106
2D Uniform_1;0.9982531157027883
2D Uniform_2;0.9995050318960518
2D Uniform_3;0.9997281549444452
2D Uniform_4;0.9991578467622297
2D Uniform_5;0.9987459614951131
2D Uniform_6;0.9996282353774899
2D Uniform_7;0.998473128876572
2D Uniform_8;0.9992437737897619
2D Uniform_9;0.9986279014054764
2D Uniform_10;0.998752931660603
2D Uniform_11;0.999598694550053
2D Uniform_12;0.9997225089137489
2D Uniform_13;0.9994428922276142
2D Uniform_14;0.9987458713552554
2D Uniform_15;0.9986301203839506
2D Uniform_16;0.9992820529297131
2D Uniform_17;0.9995003821320232
2D Uniform_18;0.9981261480646451
2D Uniform_19;0.9981704832357412
3D Uniform_0;1.0
3D Uniform_1;0.9998775935192938
3D Uniform_2;0.9998119293398339
3D Uniform_3;0.9997902793330038
3D Uniform_4;1.0
3D Uniform_5;0.9991249473246596
3D Uniform_6;0.9999475492368357
3D Uniform_7;1.0
3D Uniform_8;1.0
3D Uniform_9;1.0
3D Uniform_10;0.9999577009221752
3D Uniform_11;1.0
3D Uniform_12;1.0
3D Uniform_13;0.9990376717270124
3D Uniform_14;0.99974713683752
3D Uniform_15;0.9997036422810635
3D Uniform_16;1.0
3D Uniform_17;1.0
3D Uniform_18;1.0
3D Uniform_19;1.0
5D Uniform_0;0.9996030104190746
5D Uniform_1;1.0
5D Uniform_2;1.0
5D Uniform_3;1.0
5D Uniform_4;1.0
5D Uniform_5;1.0
5D Uniform_6;1.0
5D Uniform_7;1.0
5D Uniform_8;1.0
5D Uniform_9;1.0
5D Uniform_10;1.0000077592750616
5D Uniform_11;1.0
5D Uniform_12;1.0
5D Uniform_13;1.0
5D Uniform_14;1.0
5D Uniform_15;1.0
5D Uniform_16;1.0
5D Uniform_17;0.9999029867920447
5D Uniform_18;1.0
5D Uniform_19;1.0
10D Uniform_0;1.0
10D Uniform_1;1.0
10D Uniform_2;1.0
10D Uniform_3;1.0
10D Uniform_4;1.0
10D Uniform_5;1.0
10D Uniform_6;1.0
10D Uniform_7;1.0
10D Uniform_8;1.0
10D Uniform_9;1.0
10D Uniform_10;1.0
10D Uniform_11;1.0
10D Uniform_12;1.0
10D Uniform_13;1.0
10D Uniform_14;1.0
10D Uniform_15;0.99981059744531
10D Uniform_16;0.9999318442102118
10D Uniform_17;0.9998202733181769
10D Uniform_18;1.0
10D Uniform_19;1.0
20D Uniform_0;1.0
20D Uniform_1;0.9997267235022415
20D Uniform_2;1.0
20D Uniform_3;1.0
20D Uniform_4;1.0
20D Uniform_5;1.0
20D Uniform_6;1.0
20D Uniform_7;1.0
20D Uniform_8;1.0
20D Uniform_9;1.0
20D Uniform_10;1.0
20D Uniform_11;1.0
20D Uniform_12;1.0
20D Uniform_13;1.0
20D Uniform_14;1.0
20D Uniform_15;1.0
20D Uniform_16;1.0
20D Uniform_17;1.0
20D Uniform_18;1.0
20D Uniform_19;1.0
2D Sphere_0;0.9991630491337266
2D Sphere_1;0.9987434021370427
2D Sphere_2;0.9980092546824462
2D Sphere_3;0.9991377983630287
2D Sphere_4;0.998864193258682
2D Sphere_5;0.9989424358896885
2D Sphere_6;0.9992273970506048
2D Sphere_7;0.9972791405559427
2D Sphere_8;0.9984456301873559
2D Sphere_9;0.9970748460612779
2D Sphere_10;0.9985461461637946
2D Sphere_11;0.9984085457526708
2D Sphere_12;0.9988654030766084
2D Sphere_13;0.9990210973197532
2D Sphere_14;0.999261010937039
2D Sphere_15;0.9991852427516221
2D Sphere_16;0.9983598821610947
2D Sphere_17;0.9986073595039465
2D Sphere_18;0.9992157405551283
2D Sphere_19;0.9973879467424575
3D Sphere_0;0.9980680229413745
3D Sphere_1;0.9970274289770026
3D Sphere_2;0.9986275009901161
3D Sphere_3;0.9966719040748425
3D Sphere_4;0.9970134934722019
3D Sphere_5;0.9983846587457802
3D Sphere_6;0.9978605545219296
3D Sphere_7;0.9967707172971118
3D Sphere_8;0.9971258213162293
3D Sphere_9;0.9976418954620309
3D Sphere_10;0.9982380741482922
3D Sphere_11;0.9974056968637987
3D Sphere_12;0.9978454246994087
3D Sphere_13;0.9980239480595204
3D Sphere_14;0.9960645478281617
3D Sphere_15;0.9978622747379876
3D Sphere_16;0.9967789197181721
3D Sphere_17;0.9969685519824689
3D Sphere_18;0.9970103474901413
3D Sphere_19;0.9959433051069752
5D Sphere_0;0.9960500627811497
5D Sphere_1;0.9965641127657994
5D Sphere_2;0.9968631210531017
5D Sphere_3;0.9975211296252083
5D Sphere_4;0.9978742801141062
5D Sphere_5;0.997311042097025
5D Sphere_6;0.9979087086667905
5D Sphere_7;0.9993421402825984
5D Sphere_8;0.9973674387388429
5D Sphere_9;0.9984588418883829
5D Sphere_10;0.9984701022072281
5D Sphere_11;0.9967248601576074
5D Sphere_12;0.9974440187496681
5D Sphere_13;0.9985550112335104
5D Sphere_14;0.997999293976774
5D Sphere_15;0.9956505689480916
5D Sphere_16;0.9972050923612581
5D Sphere_17;0.9975856690321455
5D Sphere_18;0.9953891671809821
5D Sphere_19;0.9956882056474118
GS Balanced_0;0.999948224076314
GS Balanced_1;1.0
GS Balanced_2;0.9993474212509192
GS Balanced_3;0.9997472113030061
GS Balanced_4;0.9998500085822754
GS Balanced_5;0.9999599843333988
GS Balanced_6;0.9996751142580861
GS Balanced_7;0.9996407397032852
GS Balanced_8;0.9998268987051853
GS Balanced_9;0.9998769891688932
GS Balanced_10;0.9995893592923777
GS Balanced_11;0.9999863427977495
GS Balanced_12;0.9999251349806397
GS Balanced_13;1.0
GS Balanced_14;0.9996460560898268
GS Balanced_15;0.9999627917777195
GS Balanced_16;0.9995763866864389
GS Balanced_17;0.999214341785127
GS Balanced_18;0.9997768735690273
GS Balanced_19;0.9993717895390322
GS Caterpillar_0;0.9994214800331049
GS Caterpillar_1;1.0
GS Caterpillar_2;1.0
GS Caterpillar_3;1.0
GS Caterpillar_4;1.0
GS Caterpillar_5;1.0
GS Caterpillar_6;1.0
GS Caterpillar_7;1.0
GS Caterpillar_8;1.0
GS Caterpillar_9;1.0
GS Caterpillar_10;1.0
GS Caterpillar_11;0.9999509285578153
GS Caterpillar_12;1.0
GS Caterpillar_13;1.0
GS Caterpillar_14;0.9999410948597678
GS Caterpillar_15;0.9999973969637775
GS Caterpillar_16;0.9997011164381053
GS Caterpillar_17;1.0
GS Caterpillar_18;1.0
GS Caterpillar_19;0.9974819769211734
Urn_0;1.0
Urn_1;1.0
Urn_2;1.0
Urn_3;1.0
Urn_4;1.0
Urn_5;1.0
Urn_6;1.0
Urn_7;0.9998990153249363
Urn_8;1.0
Urn_9;1.0
Urn_10;1.0
Urn_11;1.0
Urn_12;1.0
Urn_13;1.0
Urn_14;1.0
Urn_15;1.0
Urn_16;1.0
Urn_17;0.9995298281685515
Urn_18;1.0
Urn_19;1.0
Urn_20;1.0
Urn_21;1.0
Urn_22;1.0
Urn_23;1.0
Urn_24;1.0
Urn_25;1.0
Urn_26;1.0
Urn_27;1.0
Urn_28;1.0
Urn_29;1.0
Urn_30;0.9997494208614875
Urn_31;1.0
Urn_32;1.0
Urn_33;0.9998897691343973
Urn_34;1.0
Urn_35;0.9999086341341029
Urn_36;1.0
Urn_37;0.999674492257186
Urn_38;1.0
Urn_39;1.0
Urn_40;1.0
Urn_41;1.0
Urn_42;1.0
Urn_43;1.0
Urn_44;1.0
Urn_45;1.0
Urn_46;1.0
Urn_47;1.0
Urn_48;1.0
Urn_49;1.0
Urn_50;1.0
Urn_51;1.0
Urn_52;1.0
Urn_53;1.0
Urn_54;1.0
Urn_55;1.0
Urn_56;1.0
Urn_57;1.0
Urn_58;1.0
Urn_59;1.0
Urn_60;1.0
Urn_61;0.9992551207832922
Urn_62;1.0
Urn_63;1.0
Urn_64;1.0
Urn_65;1.0
Urn_66;0.9997491137199802
Urn_67;1.0
Urn_68;0.9997234790583642
Urn_69;1.0
Urn_70;1.0
Urn_71;1.0
Urn_72;1.0
Urn_73;1.0
Urn_74;1.0
Urn_75;0.9999823707369032
Urn_76;1.0
Urn_77;1.0
Urn_78;1.0
Urn_79;1.0
Norm-Mallows_0;1.0
Norm-Mallows_1;1.0
Norm-Mallows_2;0.9998722376912703
Norm-Mallows_3;1.0
Norm-Mallows_4;1.0
Norm-Mallows_5;1.0
Norm-Mallows_6;1.0
Norm-Mallows_7;1.0
Norm-Mallows_8;1.0
Norm-Mallows_9;1.0
Norm-Mallows_10;1.0
Norm-Mallows_11;0.9997948932532568
Norm-Mallows_12;1.0
Norm-Mallows_13;1.0
Norm-Mallows_14;1.0000810250081635
Norm-Mallows_15;1.0
Norm-Mallows_16;1.0
Norm-Mallows_17;1.0
Norm-Mallows_18;1.0
Norm-Mallows_19;1.0
Norm-Mallows_20;1.0
Norm-Mallows_21;1.0
Norm-Mallows_22;1.0
Norm-Mallows_23;1.0
Norm-Mallows_24;1.0
Norm-Mallows_25;1.0
Norm-Mallows_26;1.0
Norm-Mallows_27;1.0
Norm-Mallows_28;1.0
Norm-Mallows_29;1.0
Norm-Mallows_30;1.0
Norm-Mallows_31;1.0
Norm-Mallows_32;0.9998904003734962
Norm-Mallows_33;1.0
Norm-Mallows_34;1.0
Norm-Mallows_35;1.0
Norm-Mallows_36;0.9999317289515017
Norm-Mallows_37;1.0
Norm-Mallows_38;1.0
Norm-Mallows_39;1.0
Norm-Mallows_40;1.0
Norm-Mallows_41;1.0
Norm-Mallows_42;1.0
Norm-Mallows_43;0.999904290245976
Norm-Mallows_44;1.0
Norm-Mallows_45;1.0
Norm-Mallows_46;1.0
Norm-Mallows_47;1.0
Norm-Mallows_48;1.0
Norm-Mallows_49;1.0
Norm-Mallows_50;1.0
Norm-Mallows_51;1.0
Norm-Mallows_52;1.0
Norm-Mallows_53;1.0
Norm-Mallows_54;1.0
Norm-Mallows_55;1.0
Norm-Mallows_56;1.0
Norm-Mallows_57;1.0
Norm-Mallows_58;1.0
Norm-Mallows_59;1.0
Norm-Mallows_60;1.0
Norm-Mallows_61;1.0
Norm-Mallows_62;1.0
Norm-Mallows_63;1.0
Norm-Mallows_64;1.0
Norm-Mallows_65;1.0
Norm-Mallows_66;1.0
Norm-Mallows_67;0.999842745889178
Norm-Mallows_68;1.0
Norm-Mallows_69;1.0
Norm-Mallows_70;1.0
Norm-Mallows_71;1.0
Norm-Mallows_72;1.0
Norm-Mallows_73;0.9996591014933938
Norm-Mallows_74;1.0
Norm-Mallows_75;1.0
Norm-Mallows_76;1.0
Norm-Mallows_77;1.0
Norm-Mallows_78;1.0
Norm-Mallows_79;1.0
ANID_0;None
ANID_1;None
ANID_2;None
ANID_3;None
ANID_4;None
ANID_5;None
ANID_6;None
ANID_7;None
ANID_8;None
ANID_9;None
ANID_10;None
ANID_11;None
ANID_12;None
ANID_13;None
ANID_14;None
ANID_15;None
ANID_16;None
ANID_17;None
ANID_18;None
ANID_19;None
STID_0;None
STID_1;None
STID_2;None
STID_3;None
STID_4;None
STID_5;None
STID_6;None
STID_7;None
STID_8;None
STID_9;None
STID_10;None
STID_11;None
STID_12;None
STID_13;None
STID_14;None
STID_15;None
STID_16;None
STID_17;None
STID_18;None
STID_19;None
ANUN_0;None
ANUN_1;None
ANUN_2;None
ANUN_3;None
ANUN_4;None
ANUN_5;None
ANUN_6;None
ANUN_7;None
ANUN_8;None
ANUN_9;None
ANUN_10;None
ANUN_11;None
ANUN_12;None
ANUN_13;None
ANUN_14;None
ANUN_15;None
ANUN_16;None
ANUN_17;None
ANUN_18;None
ANUN_19;None
STUN_0;None
STUN_1;None
STUN_2;None
STUN_3;None
STUN_4;None
STUN_5;None
STUN_6;None
STUN_7;None
STUN_8;None
STUN_9;None
STUN_10;None
STUN_11;None
STUN_12;None
STUN_13;None
STUN_14;None
STUN_15;None
STUN_16;None
STUN_17;None
STUN_18;None
STUN_19;None
