election_id;value
ID;None
UN;None
AN;None
ST;None
Impartial Culture_0;1.013262599469496
Impartial Culture_1;1.1142061281337048
Impartial Culture_2;1.167979002624672
Impartial Culture_3;1.2209944751381216
Impartial Culture_4;1.062330623306233
Impartial Culture_5;1.2016348773841963
Impartial Culture_6;1.1243654822335025
Impartial Culture_7;1.1218274111675126
Impartial Culture_8;1.099737532808399
Impartial Culture_9;1.260989010989011
Impartial Culture_10;1.0442708333333333
Impartial Culture_11;1.1362467866323906
Impartial Culture_12;1.259946949602122
Impartial Culture_13;1.041343669250646
Impartial Culture_14;1.193384223918575
Impartial Culture_15;1.2417582417582418
Impartial Culture_16;1.0648648648648649
Impartial Culture_17;1.2140921409214092
Impartial Culture_18;1.2041884816753927
Impartial Culture_19;1.0588235294117647
SP by Conitzer_0;1.0988372093023255
SP by Conitzer_1;1.1558073654390935
SP by Conitzer_2;1.1957831325301205
SP by Conitzer_3;1.0396341463414633
SP by Conitzer_4;1.0584795321637428
SP by Conitzer_5;1.1162162162162161
SP by Conitzer_6;1.1018518518518519
SP by Conitzer_7;1.0762463343108504
SP by Conitzer_8;1.0914285714285714
SP by Conitzer_9;1.119186046511628
SP by Conitzer_10;1.08125
SP by Conitzer_11;1.0841121495327102
SP by Conitzer_12;1.115068493150685
SP by Conitzer_13;1.1253644314868805
SP by Conitzer_14;1.1655844155844155
SP by Conitzer_15;1.066465256797583
SP by Conitzer_16;1.066860465116279
SP by Conitzer_17;1.1944444444444444
SP by Conitzer_18;1.1581920903954803
SP by Conitzer_19;1.0567375886524824
SP by Walsh_0;1.131578947368421
SP by Walsh_1;1.1475409836065573
SP by Walsh_2;1.2040816326530612
SP by Walsh_3;1.1538461538461537
SP by Walsh_4;1.126984126984127
SP by Walsh_5;1.1020408163265305
SP by Walsh_6;1.0727272727272728
SP by Walsh_7;1.0188679245283019
SP by Walsh_8;1.0
SP by Walsh_9;1.1071428571428572
SP by Walsh_10;1.0
SP by Walsh_11;1.0784313725490196
SP by Walsh_12;1.1521739130434783
SP by Walsh_13;1.0638297872340425
SP by Walsh_14;1.048780487804878
SP by Walsh_15;1.0
SP by Walsh_16;1.0555555555555556
SP by Walsh_17;1.0
SP by Walsh_18;1.1428571428571428
SP by Walsh_19;1.0740740740740742
SPOC_0;1.035190615835777
SPOC_1;1.1352201257861636
SPOC_2;1.0788643533123028
SPOC_3;1.1097922848664687
SPOC_4;1.2409240924092408
SPOC_5;1.170520231213873
SPOC_6;1.1225626740947074
SPOC_7;1.1582089552238806
SPOC_8;1.2552552552552552
SPOC_9;1.0703812316715542
SPOC_10;1.1285714285714286
SPOC_11;1.0722222222222222
SPOC_12;1.0405797101449274
SPOC_13;1.138036809815951
SPOC_14;1.0732394366197182
SPOC_15;1.1179941002949854
SPOC_16;1.0307692307692307
SPOC_17;1.152112676056338
SPOC_18;1.0943396226415094
SPOC_19;1.0775862068965518
Single-Crossing_0;Blank
Single-Crossing_1;1.0
Single-Crossing_2;1.0
Single-Crossing_3;Blank
Single-Crossing_4;1.0
Single-Crossing_5;1.6666666666666667
Single-Crossing_6;Blank
Single-Crossing_7;1.0
Single-Crossing_8;Blank
Single-Crossing_9;Blank
Single-Crossing_10;Blank
Single-Crossing_11;1.2
Single-Crossing_12;1.0
Single-Crossing_13;Blank
Single-Crossing_14;1.0
Single-Crossing_15;1.3333333333333333
Single-Crossing_16;Blank
Single-Crossing_17;Blank
Single-Crossing_18;Blank
Single-Crossing_19;1.0
1D Uniform_0;1.0982658959537572
1D Uniform_1;1.0959302325581395
1D Uniform_2;1.065015479876161
1D Uniform_3;1.138728323699422
1D Uniform_4;1.100334448160535
1D Uniform_5;1.1842105263157894
1D Uniform_6;1.161993769470405
1D Uniform_7;1.032258064516129
1D Uniform_8;1.2142857142857142
1D Uniform_9;1.156923076923077
1D Uniform_10;1.1846153846153846
1D Uniform_11;1.103932584269663
1D Uniform_12;1.0787878787878789
1D Uniform_13;1.2006802721088434
1D Uniform_14;1.0766961651917404
1D Uniform_15;1.1354466858789625
1D Uniform_16;1.043343653250774
1D Uniform_17;1.1386430678466077
1D Uniform_18;1.1164772727272727
1D Uniform_19;1.098314606741573
2D Uniform_0;1.1506410256410255
2D Uniform_1;1.0828220858895705
2D Uniform_2;1.212218649517685
2D Uniform_3;1.0996677740863787
2D Uniform_4;1.1208053691275168
2D Uniform_5;1.1898734177215189
2D Uniform_6;1.3666666666666667
2D Uniform_7;1.0944625407166124
2D Uniform_8;1.1968253968253968
2D Uniform_9;1.193661971830986
2D Uniform_10;1.2335329341317365
2D Uniform_11;1.3006993006993006
2D Uniform_12;1.2473867595818815
2D Uniform_13;1.309090909090909
2D Uniform_14;1.15
2D Uniform_15;1.175074183976261
2D Uniform_16;1.19140625
2D Uniform_17;1.1331168831168832
2D Uniform_18;1.0451388888888888
2D Uniform_19;1.2763975155279503
3D Uniform_0;1.1976047904191616
3D Uniform_1;1.249190938511327
3D Uniform_2;1.4276315789473684
3D Uniform_3;1.1504702194357366
3D Uniform_4;1.268041237113402
3D Uniform_5;1.2819672131147541
3D Uniform_6;1.135135135135135
3D Uniform_7;1.222972972972973
3D Uniform_8;1.2429906542056075
3D Uniform_9;1.1986062717770034
3D Uniform_10;1.154320987654321
3D Uniform_11;1.2773722627737227
3D Uniform_12;1.1322033898305084
3D Uniform_13;1.348122866894198
3D Uniform_14;1.151006711409396
3D Uniform_15;1.2515527950310559
3D Uniform_16;1.2718446601941749
3D Uniform_17;1.2870967741935484
3D Uniform_18;1.1387096774193548
3D Uniform_19;1.1812297734627832
5D Uniform_0;1.2166064981949458
5D Uniform_1;1.0579710144927537
5D Uniform_2;1.1827586206896552
5D Uniform_3;1.2922077922077921
5D Uniform_4;1.1935483870967742
5D Uniform_5;1.2693602693602695
5D Uniform_6;1.1855670103092784
5D Uniform_7;1.0566666666666666
5D Uniform_8;1.0683453237410072
5D Uniform_9;1.099290780141844
5D Uniform_10;1.127659574468085
5D Uniform_11;1.1524822695035462
5D Uniform_12;1.1966666666666668
5D Uniform_13;1.1901140684410647
5D Uniform_14;1.1266666666666667
5D Uniform_15;1.1122807017543859
5D Uniform_16;1.0723684210526316
5D Uniform_17;1.2
5D Uniform_18;1.0982456140350878
5D Uniform_19;1.1006493506493507
10D Uniform_0;1.03125
10D Uniform_1;1.0845070422535212
10D Uniform_2;1.0
10D Uniform_3;1.096638655462185
10D Uniform_4;1.0047169811320755
10D Uniform_5;1.0188679245283019
10D Uniform_6;1.1338912133891212
10D Uniform_7;1.0394736842105263
10D Uniform_8;1.074235807860262
10D Uniform_9;1.1176470588235294
10D Uniform_10;1.0
10D Uniform_11;1.1008403361344539
10D Uniform_12;1.024390243902439
10D Uniform_13;1.0081967213114753
10D Uniform_14;1.0340425531914894
10D Uniform_15;1.0
10D Uniform_16;1.0909090909090908
10D Uniform_17;1.0199203187250996
10D Uniform_18;1.011070110701107
10D Uniform_19;1.066420664206642
20D Uniform_0;1.0425531914893618
20D Uniform_1;1.033175355450237
20D Uniform_2;1.1857142857142857
20D Uniform_3;1.0596330275229358
20D Uniform_4;1.0
20D Uniform_5;1.0660377358490567
20D Uniform_6;1.0277777777777777
20D Uniform_7;1.0268456375838926
20D Uniform_8;1.0655737704918034
20D Uniform_9;1.0
20D Uniform_10;1.0657276995305165
20D Uniform_11;1.1155778894472361
20D Uniform_12;1.0235294117647058
20D Uniform_13;1.105
20D Uniform_14;1.0655737704918034
20D Uniform_15;1.0
20D Uniform_16;1.0427807486631016
20D Uniform_17;1.0113636363636365
20D Uniform_18;1.1057692307692308
20D Uniform_19;1.0
2D Sphere_0;1.063063063063063
2D Sphere_1;1.1026490066225165
2D Sphere_2;1.1355932203389831
2D Sphere_3;1.1768488745980707
2D Sphere_4;1.108761329305136
2D Sphere_5;1.1258278145695364
2D Sphere_6;1.1359223300970873
2D Sphere_7;1.0606060606060606
2D Sphere_8;1.086053412462908
2D Sphere_9;1.098092643051771
2D Sphere_10;1.043103448275862
2D Sphere_11;1.0469208211143695
2D Sphere_12;1.0969899665551839
2D Sphere_13;1.1092896174863387
2D Sphere_14;1.1557632398753894
2D Sphere_15;1.249211356466877
2D Sphere_16;1.1324503311258278
2D Sphere_17;1.0911854103343466
2D Sphere_18;1.0689655172413792
2D Sphere_19;1.075208913649025
3D Sphere_0;1.2113821138211383
3D Sphere_1;1.2276657060518732
3D Sphere_2;1.3773006134969326
3D Sphere_3;1.2925373134328357
3D Sphere_4;1.2219020172910662
3D Sphere_5;1.3248407643312101
3D Sphere_6;1.2892561983471074
3D Sphere_7;1.3483483483483483
3D Sphere_8;1.5121212121212122
3D Sphere_9;1.1411764705882352
3D Sphere_10;1.1289398280802292
3D Sphere_11;1.2461538461538462
3D Sphere_12;1.263157894736842
3D Sphere_13;1.1682539682539683
3D Sphere_14;1.1067073170731707
3D Sphere_15;1.1764705882352942
3D Sphere_16;1.3819875776397517
3D Sphere_17;1.390092879256966
3D Sphere_18;1.1626506024096386
3D Sphere_19;1.33015873015873
5D Sphere_0;1.2175141242937852
5D Sphere_1;1.132132132132132
5D Sphere_2;1.2690217391304348
5D Sphere_3;1.2032967032967032
5D Sphere_4;1.1548913043478262
5D Sphere_5;1.3519061583577712
5D Sphere_6;1.3333333333333333
5D Sphere_7;1.1797385620915033
5D Sphere_8;1.328804347826087
5D Sphere_9;1.29607250755287
5D Sphere_10;1.202156334231806
5D Sphere_11;1.2550724637681159
5D Sphere_12;1.1756373937677054
5D Sphere_13;1.3169398907103824
5D Sphere_14;1.3536231884057972
5D Sphere_15;1.252906976744186
5D Sphere_16;1.4059701492537313
5D Sphere_17;1.2534435261707988
5D Sphere_18;1.2298850574712643
5D Sphere_19;1.3457446808510638
GS Balanced_0;1.038338658146965
GS Balanced_1;1.062295081967213
GS Balanced_2;1.0031645569620253
GS Balanced_3;1.0446428571428572
GS Balanced_4;1.0251572327044025
GS Balanced_5;1.037037037037037
GS Balanced_6;1.0426829268292683
GS Balanced_7;1.026865671641791
GS Balanced_8;1.0332409972299168
GS Balanced_9;1.05625
GS Balanced_10;1.0126984126984127
GS Balanced_11;1.0801186943620178
GS Balanced_12;1.0425531914893618
GS Balanced_13;1.0232558139534884
GS Balanced_14;1.0389221556886228
GS Balanced_15;1.0434782608695652
GS Balanced_16;1.0298507462686568
GS Balanced_17;1.1506410256410255
GS Balanced_18;1.0567823343848581
GS Balanced_19;1.049222797927461
GS Caterpillar_0;Blank
GS Caterpillar_1;Blank
GS Caterpillar_2;Blank
GS Caterpillar_3;Blank
GS Caterpillar_4;Blank
GS Caterpillar_5;Blank
GS Caterpillar_6;Blank
GS Caterpillar_7;Blank
GS Caterpillar_8;Blank
GS Caterpillar_9;Blank
GS Caterpillar_10;Blank
GS Caterpillar_11;Blank
GS Caterpillar_12;Blank
GS Caterpillar_13;Blank
GS Caterpillar_14;Blank
GS Caterpillar_15;Blank
GS Caterpillar_16;Blank
GS Caterpillar_17;Blank
GS Caterpillar_18;Blank
GS Caterpillar_19;Blank
Urn_0;Blank
Urn_1;Blank
Urn_2;Blank
Urn_3;1.4714285714285715
Urn_4;2.3333333333333335
Urn_5;1.0975609756097562
Urn_6;Blank
Urn_7;Blank
Urn_8;1.6666666666666667
Urn_9;Blank
Urn_10;5.0
Urn_11;Blank
Urn_12;6.0
Urn_13;Blank
Urn_14;1.6285714285714286
Urn_15;6.0
Urn_16;1.68
Urn_17;1.78125
Urn_18;Blank
Urn_19;1.4772727272727273
Urn_20;Blank
Urn_21;1.5675675675675675
Urn_22;Blank
Urn_23;1.3924914675767919
Urn_24;Blank
Urn_25;2.36
Urn_26;4.2
Urn_27;1.1666666666666667
Urn_28;Blank
Urn_29;Blank
Urn_30;1.1965811965811965
Urn_31;Blank
Urn_32;Blank
Urn_33;Blank
Urn_34;Blank
Urn_35;Blank
Urn_36;Blank
Urn_37;1.213953488372093
Urn_38;Blank
Urn_39;Blank
Urn_40;Blank
Urn_41;2.6153846153846154
Urn_42;Blank
Urn_43;Blank
Urn_44;Blank
Urn_45;Blank
Urn_46;1.4461538461538461
Urn_47;6.5
Urn_48;Blank
Urn_49;2.8333333333333335
Urn_50;Blank
Urn_51;1.1352941176470588
Urn_52;Blank
Urn_53;Blank
Urn_54;Blank
Urn_55;Blank
Urn_56;Blank
Urn_57;Blank
Urn_58;Blank
Urn_59;Blank
Urn_60;Blank
Urn_61;1.1136363636363635
Urn_62;Blank
Urn_63;Blank
Urn_64;Blank
Urn_65;Blank
Urn_66;2.4
Urn_67;Blank
Urn_68;2.6666666666666665
Urn_69;1.5555555555555556
Urn_70;2.1538461538461537
Urn_71;Blank
Urn_72;Blank
Urn_73;Blank
Urn_74;Blank
Urn_75;Blank
Urn_76;1.2266666666666666
Urn_77;Blank
Urn_78;Blank
Urn_79;Blank
Norm-Mallows_0;1.0
Norm-Mallows_1;1.123456790123457
Norm-Mallows_2;1.0804020100502512
Norm-Mallows_3;1.0523560209424083
Norm-Mallows_4;1.1119221411192215
Norm-Mallows_5;1.0625
Norm-Mallows_6;Blank
Norm-Mallows_7;1.1715210355987056
Norm-Mallows_8;1.099125364431487
Norm-Mallows_9;1.04
Norm-Mallows_10;1.0504587155963303
Norm-Mallows_11;1.1526315789473685
Norm-Mallows_12;1.0468085106382978
Norm-Mallows_13;1.0773809523809523
Norm-Mallows_14;1.0326797385620916
Norm-Mallows_15;1.0462962962962963
Norm-Mallows_16;1.0
Norm-Mallows_17;1.0
Norm-Mallows_18;1.0
Norm-Mallows_19;1.0555555555555556
Norm-Mallows_20;1.0
Norm-Mallows_21;1.0
Norm-Mallows_22;1.0
Norm-Mallows_23;1.0
Norm-Mallows_24;1.0380952380952382
Norm-Mallows_25;1.021978021978022
Norm-Mallows_26;1.0
Norm-Mallows_27;Blank
Norm-Mallows_28;1.0
Norm-Mallows_29;1.0534591194968554
Norm-Mallows_30;1.032258064516129
Norm-Mallows_31;1.0
Norm-Mallows_32;1.0288461538461537
Norm-Mallows_33;1.0
Norm-Mallows_34;1.1135135135135135
Norm-Mallows_35;1.0572207084468666
Norm-Mallows_36;1.0
Norm-Mallows_37;1.0
Norm-Mallows_38;1.064516129032258
Norm-Mallows_39;1.0
Norm-Mallows_40;1.0
Norm-Mallows_41;1.0
Norm-Mallows_42;1.0677083333333333
Norm-Mallows_43;1.054054054054054
Norm-Mallows_44;Blank
Norm-Mallows_45;1.010752688172043
Norm-Mallows_46;1.0
Norm-Mallows_47;Blank
Norm-Mallows_48;1.0
Norm-Mallows_49;1.0
Norm-Mallows_50;1.092783505154639
Norm-Mallows_51;1.0
Norm-Mallows_52;1.3298153034300793
Norm-Mallows_53;1.0
Norm-Mallows_54;1.0
Norm-Mallows_55;1.0
Norm-Mallows_56;1.0
Norm-Mallows_57;1.0
Norm-Mallows_58;1.0389610389610389
Norm-Mallows_59;1.0614035087719298
Norm-Mallows_60;1.0
Norm-Mallows_61;1.0
Norm-Mallows_62;Blank
Norm-Mallows_63;1.0
Norm-Mallows_64;1.0
Norm-Mallows_65;1.0
Norm-Mallows_66;1.0612813370473537
Norm-Mallows_67;1.0717703349282297
Norm-Mallows_68;1.0
Norm-Mallows_69;1.0533333333333332
Norm-Mallows_70;1.0
Norm-Mallows_71;1.0814332247557004
Norm-Mallows_72;1.0
Norm-Mallows_73;1.0876712328767124
Norm-Mallows_74;1.0
Norm-Mallows_75;1.0
Norm-Mallows_76;1.0890052356020943
Norm-Mallows_77;1.0283687943262412
Norm-Mallows_78;1.0
Norm-Mallows_79;1.067357512953368
ANID_0;None
ANID_1;None
ANID_2;None
ANID_3;None
ANID_4;None
ANID_5;None
ANID_6;None
ANID_7;None
ANID_8;None
ANID_9;None
ANID_10;None
ANID_11;None
ANID_12;None
ANID_13;None
ANID_14;None
ANID_15;None
ANID_16;None
ANID_17;None
ANID_18;None
ANID_19;None
STID_0;None
STID_1;None
STID_2;None
STID_3;None
STID_4;None
STID_5;None
STID_6;None
STID_7;None
STID_8;None
STID_9;None
STID_10;None
STID_11;None
STID_12;None
STID_13;None
STID_14;None
STID_15;None
STID_16;None
STID_17;None
STID_18;None
STID_19;None
ANUN_0;None
ANUN_1;None
ANUN_2;None
ANUN_3;None
ANUN_4;None
ANUN_5;None
ANUN_6;None
ANUN_7;None
ANUN_8;None
ANUN_9;None
ANUN_10;None
ANUN_11;None
ANUN_12;None
ANUN_13;None
ANUN_14;None
ANUN_15;None
ANUN_16;None
ANUN_17;None
ANUN_18;None
ANUN_19;None
STUN_0;None
STUN_1;None
STUN_2;None
STUN_3;None
STUN_4;None
STUN_5;None
STUN_6;None
STUN_7;None
STUN_8;None
STUN_9;None
STUN_10;None
STUN_11;None
STUN_12;None
STUN_13;None
STUN_14;None
STUN_15;None
STUN_16;None
STUN_17;None
STUN_18;None
STUN_19;None
