election_id;value
ID;None
UN;None
AN;None
ST;None
Impartial Culture_0;12.320954907161804
Impartial Culture_1;11.637883008356546
Impartial Culture_2;11.658792650918635
Impartial Culture_3;12.726519337016574
Impartial Culture_4;11.222222222222221
Impartial Culture_5;11.264305177111716
Impartial Culture_6;11.230964467005077
Impartial Culture_7;10.621827411167512
Impartial Culture_8;11.10761154855643
Impartial Culture_9;12.335164835164836
Impartial Culture_10;11.1328125
Impartial Culture_11;11.133676092544988
Impartial Culture_12;12.580901856763926
Impartial Culture_13;10.307493540051679
Impartial Culture_14;10.969465648854962
Impartial Culture_15;12.766483516483516
Impartial Culture_16;12.578378378378378
Impartial Culture_17;11.775067750677508
Impartial Culture_18;12.044502617801047
Impartial Culture_19;11.347826086956522
SP by Conitzer_0;10.223837209302326
SP by Conitzer_1;9.827195467422097
SP by Conitzer_2;10.867469879518072
SP by Conitzer_3;12.53048780487805
SP by Conitzer_4;11.336257309941521
SP by Conitzer_5;10.424324324324324
SP by Conitzer_6;11.459876543209877
SP by Conitzer_7;11.451612903225806
SP by Conitzer_8;11.231428571428571
SP by Conitzer_9;10.875
SP by Conitzer_10;12.640625
SP by Conitzer_11;11.63551401869159
SP by Conitzer_12;9.95890410958904
SP by Conitzer_13;11.209912536443149
SP by Conitzer_14;12.633116883116884
SP by Conitzer_15;10.960725075528702
SP by Conitzer_16;10.218023255813954
SP by Conitzer_17;11.589506172839506
SP by Conitzer_18;10.740112994350282
SP by Conitzer_19;14.28368794326241
SP by Walsh_0;94.1842105263158
SP by Walsh_1;56.81967213114754
SP by Walsh_2;82.55102040816327
SP by Walsh_3;75.51923076923077
SP by Walsh_4;53.61904761904762
SP by Walsh_5;88.0
SP by Walsh_6;71.69090909090909
SP by Walsh_7;75.22641509433963
SP by Walsh_8;76.91111111111111
SP by Walsh_9;71.85714285714286
SP by Walsh_10;82.4
SP by Walsh_11;76.50980392156863
SP by Walsh_12;81.30434782608695
SP by Walsh_13;67.42553191489361
SP by Walsh_14;91.34146341463415
SP by Walsh_15;73.93877551020408
SP by Walsh_16;73.83333333333333
SP by Walsh_17;59.94827586206897
SP by Walsh_18;62.84126984126984
SP by Walsh_19;74.05555555555556
SPOC_0;13.674486803519061
SPOC_1;15.19496855345912
SPOC_2;14.750788643533124
SPOC_3;13.320474777448071
SPOC_4;14.693069306930694
SPOC_5;13.919075144508671
SPOC_6;13.28133704735376
SPOC_7;14.223880597014926
SPOC_8;14.102102102102101
SPOC_9;12.976539589442815
SPOC_10;12.465714285714286
SPOC_11;12.744444444444444
SPOC_12;13.617391304347827
SPOC_13;13.751533742331288
SPOC_14;13.033802816901408
SPOC_15;14.775811209439528
SPOC_16;14.486153846153845
SPOC_17;13.169014084507042
SPOC_18;12.69811320754717
SPOC_19;13.21551724137931
Single-Crossing_0;Blank
Single-Crossing_1;423.7
Single-Crossing_2;1034.0
Single-Crossing_3;Blank
Single-Crossing_4;371.0
Single-Crossing_5;834.3333333333334
Single-Crossing_6;Blank
Single-Crossing_7;1261.5
Single-Crossing_8;Blank
Single-Crossing_9;Blank
Single-Crossing_10;Blank
Single-Crossing_11;217.6
Single-Crossing_12;1087.5
Single-Crossing_13;Blank
Single-Crossing_14;755.6666666666666
Single-Crossing_15;901.3333333333334
Single-Crossing_16;Blank
Single-Crossing_17;Blank
Single-Crossing_18;Blank
Single-Crossing_19;1217.5
1D Uniform_0;10.49421965317919
1D Uniform_1;10.825581395348838
1D Uniform_2;11.61609907120743
1D Uniform_3;11.352601156069364
1D Uniform_4;12.224080267558529
1D Uniform_5;11.763157894736842
1D Uniform_6;11.91588785046729
1D Uniform_7;11.296187683284458
1D Uniform_8;12.136645962732919
1D Uniform_9;11.34153846153846
1D Uniform_10;11.393846153846154
1D Uniform_11;10.002808988764045
1D Uniform_12;11.403030303030302
1D Uniform_13;13.717687074829932
1D Uniform_14;10.88495575221239
1D Uniform_15;10.890489913544668
1D Uniform_16;12.925696594427244
1D Uniform_17;10.973451327433628
1D Uniform_18;10.295454545454545
1D Uniform_19;11.143258426966293
2D Uniform_0;9.85897435897436
2D Uniform_1;9.52760736196319
2D Uniform_2;9.311897106109324
2D Uniform_3;9.312292358803987
2D Uniform_4;9.157718120805368
2D Uniform_5;10.05379746835443
2D Uniform_6;12.381481481481481
2D Uniform_7;9.928338762214985
2D Uniform_8;9.777777777777779
2D Uniform_9;10.038732394366198
2D Uniform_10;8.889221556886227
2D Uniform_11;10.223776223776223
2D Uniform_12;10.289198606271777
2D Uniform_13;10.501818181818182
2D Uniform_14;8.29375
2D Uniform_15;8.267062314540059
2D Uniform_16;11.33984375
2D Uniform_17;9.922077922077921
2D Uniform_18;10.26736111111111
2D Uniform_19;9.866459627329192
3D Uniform_0;7.42814371257485
3D Uniform_1;8.407766990291263
3D Uniform_2;8.631578947368421
3D Uniform_3;8.579937304075235
3D Uniform_4;8.151202749140893
3D Uniform_5;8.301639344262295
3D Uniform_6;8.861486486486486
3D Uniform_7;8.219594594594595
3D Uniform_8;8.158878504672897
3D Uniform_9;9.076655052264808
3D Uniform_10;8.197530864197532
3D Uniform_11;8.777372262773723
3D Uniform_12;7.5288135593220336
3D Uniform_13;9.53924914675768
3D Uniform_14;8.630872483221477
3D Uniform_15;7.726708074534161
3D Uniform_16;7.3624595469255665
3D Uniform_17;7.719354838709678
3D Uniform_18;7.732258064516129
3D Uniform_19;8.45631067961165
5D Uniform_0;6.653429602888087
5D Uniform_1;8.623188405797102
5D Uniform_2;9.10344827586207
5D Uniform_3;5.535714285714286
5D Uniform_4;6.467741935483871
5D Uniform_5;8.31986531986532
5D Uniform_6;7.786941580756014
5D Uniform_7;7.1066666666666665
5D Uniform_8;10.251798561151078
5D Uniform_9;7.4822695035460995
5D Uniform_10;7.50354609929078
5D Uniform_11;7.067375886524823
5D Uniform_12;9.836666666666666
5D Uniform_13;7.23574144486692
5D Uniform_14;7.59
5D Uniform_15;5.954385964912281
5D Uniform_16;5.815789473684211
5D Uniform_17;6.891228070175439
5D Uniform_18;7.4526315789473685
5D Uniform_19;5.633116883116883
10D Uniform_0;5.263392857142857
10D Uniform_1;9.713615023474178
10D Uniform_2;9.56
10D Uniform_3;11.3109243697479
10D Uniform_4;11.193396226415095
10D Uniform_5;4.533018867924528
10D Uniform_6;10.443514644351465
10D Uniform_7;8.030701754385966
10D Uniform_8;11.02183406113537
10D Uniform_9;7.831932773109243
10D Uniform_10;9.610878661087867
10D Uniform_11;9.987394957983193
10D Uniform_12;7.829268292682927
10D Uniform_13;8.868852459016393
10D Uniform_14;9.217021276595744
10D Uniform_15;6.449799196787149
10D Uniform_16;9.565217391304348
10D Uniform_17;7.2151394422310755
10D Uniform_18;7.416974169741698
10D Uniform_19;8.269372693726938
20D Uniform_0;8.01595744680851
20D Uniform_1;9.597156398104266
20D Uniform_2;12.69047619047619
20D Uniform_3;11.045871559633028
20D Uniform_4;7.315789473684211
20D Uniform_5;10.966981132075471
20D Uniform_6;11.203703703703704
20D Uniform_7;10.167785234899329
20D Uniform_8;9.66120218579235
20D Uniform_9;12.569832402234637
20D Uniform_10;12.187793427230046
20D Uniform_11;9.22110552763819
20D Uniform_12;9.858823529411765
20D Uniform_13;11.325
20D Uniform_14;9.0
20D Uniform_15;9.983805668016194
20D Uniform_16;8.13903743315508
20D Uniform_17;9.034090909090908
20D Uniform_18;8.879807692307692
20D Uniform_19;12.36
2D Sphere_0;15.153153153153154
2D Sphere_1;15.52317880794702
2D Sphere_2;13.307909604519773
2D Sphere_3;14.090032154340836
2D Sphere_4;13.761329305135952
2D Sphere_5;16.02317880794702
2D Sphere_6;14.951456310679612
2D Sphere_7;13.733333333333333
2D Sphere_8;13.385756676557863
2D Sphere_9;12.863760217983652
2D Sphere_10;13.977011494252874
2D Sphere_11;13.695014662756599
2D Sphere_12;16.076923076923077
2D Sphere_13;13.174863387978142
2D Sphere_14;14.32398753894081
2D Sphere_15;14.570977917981072
2D Sphere_16;15.814569536423841
2D Sphere_17;15.389057750759878
2D Sphere_18;16.986206896551725
2D Sphere_19;13.314763231197771
3D Sphere_0;12.265582655826558
3D Sphere_1;13.73198847262248
3D Sphere_2;14.16564417177914
3D Sphere_3;14.026865671641792
3D Sphere_4;12.971181556195965
3D Sphere_5;15.079617834394904
3D Sphere_6;13.066115702479339
3D Sphere_7;13.51951951951952
3D Sphere_8;13.67878787878788
3D Sphere_9;12.764705882352942
3D Sphere_10;13.005730659025788
3D Sphere_11;13.187692307692307
3D Sphere_12;13.160818713450292
3D Sphere_13;14.025396825396825
3D Sphere_14;14.176829268292684
3D Sphere_15;14.30030959752322
3D Sphere_16;13.375776397515528
3D Sphere_17;13.777089783281733
3D Sphere_18;14.066265060240964
3D Sphere_19;15.155555555555555
5D Sphere_0;13.200564971751412
5D Sphere_1;13.336336336336336
5D Sphere_2;11.660326086956522
5D Sphere_3;12.302197802197803
5D Sphere_4;11.44836956521739
5D Sphere_5;13.583577712609971
5D Sphere_6;13.49090909090909
5D Sphere_7;14.65032679738562
5D Sphere_8;12.111413043478262
5D Sphere_9;13.018126888217523
5D Sphere_10;12.935309973045822
5D Sphere_11;13.52463768115942
5D Sphere_12;12.487252124645892
5D Sphere_13;12.797814207650273
5D Sphere_14;14.144927536231885
5D Sphere_15;13.095930232558139
5D Sphere_16;13.57313432835821
5D Sphere_17;11.573002754820937
5D Sphere_18;13.267241379310345
5D Sphere_19;12.60372340425532
GS Balanced_0;13.958466453674122
GS Balanced_1;16.521311475409835
GS Balanced_2;14.363924050632912
GS Balanced_3;13.967261904761905
GS Balanced_4;15.81132075471698
GS Balanced_5;13.657407407407407
GS Balanced_6;14.246951219512194
GS Balanced_7;14.459701492537313
GS Balanced_8;13.240997229916898
GS Balanced_9;14.246875
GS Balanced_10;14.136507936507936
GS Balanced_11;14.195845697329377
GS Balanced_12;13.957446808510639
GS Balanced_13;14.23546511627907
GS Balanced_14;13.571856287425149
GS Balanced_15;14.596273291925465
GS Balanced_16;14.256716417910448
GS Balanced_17;16.185897435897434
GS Balanced_18;14.16403785488959
GS Balanced_19;11.873056994818652
GS Caterpillar_0;Blank
GS Caterpillar_1;Blank
GS Caterpillar_2;Blank
GS Caterpillar_3;Blank
GS Caterpillar_4;Blank
GS Caterpillar_5;Blank
GS Caterpillar_6;Blank
GS Caterpillar_7;Blank
GS Caterpillar_8;Blank
GS Caterpillar_9;Blank
GS Caterpillar_10;Blank
GS Caterpillar_11;Blank
GS Caterpillar_12;Blank
GS Caterpillar_13;Blank
GS Caterpillar_14;Blank
GS Caterpillar_15;Blank
GS Caterpillar_16;Blank
GS Caterpillar_17;Blank
GS Caterpillar_18;Blank
GS Caterpillar_19;Blank
Urn_0;Blank
Urn_1;Blank
Urn_2;Blank
Urn_3;37.65714285714286
Urn_4;206.58333333333334
Urn_5;91.07317073170732
Urn_6;Blank
Urn_7;Blank
Urn_8;100.77777777777777
Urn_9;Blank
Urn_10;1811.0
Urn_11;Blank
Urn_12;514.0
Urn_13;Blank
Urn_14;52.27142857142857
Urn_15;315.54545454545456
Urn_16;64.02
Urn_17;97.9375
Urn_18;Blank
Urn_19;88.8409090909091
Urn_20;Blank
Urn_21;45.945945945945944
Urn_22;Blank
Urn_23;13.819112627986348
Urn_24;Blank
Urn_25;154.48
Urn_26;651.4
Urn_27;107.36111111111111
Urn_28;Blank
Urn_29;Blank
Urn_30;12.008547008547009
Urn_31;Blank
Urn_32;Blank
Urn_33;Blank
Urn_34;Blank
Urn_35;Blank
Urn_36;Blank
Urn_37;16.176744186046513
Urn_38;Blank
Urn_39;Blank
Urn_40;Blank
Urn_41;318.0769230769231
Urn_42;Blank
Urn_43;Blank
Urn_44;Blank
Urn_45;Blank
Urn_46;55.55384615384615
Urn_47;939.25
Urn_48;Blank
Urn_49;502.5
Urn_50;Blank
Urn_51;22.36470588235294
Urn_52;Blank
Urn_53;Blank
Urn_54;Blank
Urn_55;Blank
Urn_56;Blank
Urn_57;Blank
Urn_58;Blank
Urn_59;Blank
Urn_60;Blank
Urn_61;25.78787878787879
Urn_62;Blank
Urn_63;Blank
Urn_64;Blank
Urn_65;Blank
Urn_66;74.96363636363637
Urn_67;Blank
Urn_68;125.23809523809524
Urn_69;30.02469135802469
Urn_70;224.69230769230768
Urn_71;Blank
Urn_72;Blank
Urn_73;Blank
Urn_74;Blank
Urn_75;Blank
Urn_76;15.95111111111111
Urn_77;Blank
Urn_78;Blank
Urn_79;Blank
Norm-Mallows_0;13.472527472527473
Norm-Mallows_1;18.098765432098766
Norm-Mallows_2;13.206030150753769
Norm-Mallows_3;14.31413612565445
Norm-Mallows_4;10.501216545012165
Norm-Mallows_5;29.375
Norm-Mallows_6;Blank
Norm-Mallows_7;12.155339805825243
Norm-Mallows_8;11.361516034985423
Norm-Mallows_9;14.353333333333333
Norm-Mallows_10;13.885321100917432
Norm-Mallows_11;11.131578947368421
Norm-Mallows_12;13.476595744680852
Norm-Mallows_13;12.06547619047619
Norm-Mallows_14;10.00326797385621
Norm-Mallows_15;17.537037037037038
Norm-Mallows_16;16.06122448979592
Norm-Mallows_17;107.0
Norm-Mallows_18;20.050632911392405
Norm-Mallows_19;24.11111111111111
Norm-Mallows_20;346.0
Norm-Mallows_21;14.777777777777779
Norm-Mallows_22;242.0
Norm-Mallows_23;39.888888888888886
Norm-Mallows_24;11.952380952380953
Norm-Mallows_25;12.489010989010989
Norm-Mallows_26;27.428571428571427
Norm-Mallows_27;Blank
Norm-Mallows_28;30.192307692307693
Norm-Mallows_29;11.68867924528302
Norm-Mallows_30;19.451612903225808
Norm-Mallows_31;27.041666666666668
Norm-Mallows_32;11.725961538461538
Norm-Mallows_33;24.0625
Norm-Mallows_34;10.44054054054054
Norm-Mallows_35;10.326975476839237
Norm-Mallows_36;18.582781456953644
Norm-Mallows_37;12.08235294117647
Norm-Mallows_38;13.815668202764977
Norm-Mallows_39;18.923076923076923
Norm-Mallows_40;109.0
Norm-Mallows_41;20.80392156862745
Norm-Mallows_42;12.223958333333334
Norm-Mallows_43;12.4
Norm-Mallows_44;Blank
Norm-Mallows_45;14.483870967741936
Norm-Mallows_46;17.630252100840337
Norm-Mallows_47;Blank
Norm-Mallows_48;13.208333333333334
Norm-Mallows_49;77.33333333333333
Norm-Mallows_50;14.010309278350515
Norm-Mallows_51;51.083333333333336
Norm-Mallows_52;11.158311345646437
Norm-Mallows_53;28.181818181818183
Norm-Mallows_54;11.128472222222221
Norm-Mallows_55;21.208333333333332
Norm-Mallows_56;10.863247863247864
Norm-Mallows_57;20.893617021276597
Norm-Mallows_58;21.4025974025974
Norm-Mallows_59;11.543859649122806
Norm-Mallows_60;12.15625
Norm-Mallows_61;14.75
Norm-Mallows_62;Blank
Norm-Mallows_63;26.458333333333332
Norm-Mallows_64;20.990291262135923
Norm-Mallows_65;43.875
Norm-Mallows_66;11.155988857938718
Norm-Mallows_67;14.272727272727273
Norm-Mallows_68;18.533898305084747
Norm-Mallows_69;10.106666666666667
Norm-Mallows_70;25.348484848484848
Norm-Mallows_71;11.403908794788274
Norm-Mallows_72;23.8125
Norm-Mallows_73;11.657534246575343
Norm-Mallows_74;14.495934959349594
Norm-Mallows_75;118.0
Norm-Mallows_76;14.654450261780104
Norm-Mallows_77;12.053191489361701
Norm-Mallows_78;66.0
Norm-Mallows_79;13.507772020725389
ANID_0;None
ANID_1;None
ANID_2;None
ANID_3;None
ANID_4;None
ANID_5;None
ANID_6;None
ANID_7;None
ANID_8;None
ANID_9;None
ANID_10;None
ANID_11;None
ANID_12;None
ANID_13;None
ANID_14;None
ANID_15;None
ANID_16;None
ANID_17;None
ANID_18;None
ANID_19;None
STID_0;None
STID_1;None
STID_2;None
STID_3;None
STID_4;None
STID_5;None
STID_6;None
STID_7;None
STID_8;None
STID_9;None
STID_10;None
STID_11;None
STID_12;None
STID_13;None
STID_14;None
STID_15;None
STID_16;None
STID_17;None
STID_18;None
STID_19;None
ANUN_0;None
ANUN_1;None
ANUN_2;None
ANUN_3;None
ANUN_4;None
ANUN_5;None
ANUN_6;None
ANUN_7;None
ANUN_8;None
ANUN_9;None
ANUN_10;None
ANUN_11;None
ANUN_12;None
ANUN_13;None
ANUN_14;None
ANUN_15;None
ANUN_16;None
ANUN_17;None
ANUN_18;None
ANUN_19;None
STUN_0;None
STUN_1;None
STUN_2;None
STUN_3;None
STUN_4;None
STUN_5;None
STUN_6;None
STUN_7;None
STUN_8;None
STUN_9;None
STUN_10;None
STUN_11;None
STUN_12;None
STUN_13;None
STUN_14;None
STUN_15;None
STUN_16;None
STUN_17;None
STUN_18;None
STUN_19;None
