election_id;value
ID;None
UN;None
AN;None
ST;None
Impartial Culture_0;1.0
Impartial Culture_1;1.0
Impartial Culture_2;0.9998518629755472
Impartial Culture_3;1.0
Impartial Culture_4;1.0
Impartial Culture_5;0.9987774056187417
Impartial Culture_6;0.9996929568211269
Impartial Culture_7;1.0
Impartial Culture_8;1.0
Impartial Culture_9;1.0
Impartial Culture_10;1.0
Impartial Culture_11;1.0
Impartial Culture_12;0.9992482519273221
Impartial Culture_13;0.9991236541116947
Impartial Culture_14;1.0
Impartial Culture_15;1.0
Impartial Culture_16;1.0
Impartial Culture_17;0.9999736888715005
Impartial Culture_18;0.9999334867480659
Impartial Culture_19;0.9996553673494438
SP by Conitzer_0;0.9995787402577601
SP by Conitzer_1;0.9989471143127899
SP by Conitzer_2;0.9997893893807844
SP by Conitzer_3;0.9990092377005034
SP by Conitzer_4;0.9997783433582668
SP by Conitzer_5;0.9984271227116289
SP by Conitzer_6;0.9999612333409857
SP by Conitzer_7;0.9992096834635936
SP by Conitzer_8;0.9995201311226134
SP by Conitzer_9;0.9995849290304163
SP by Conitzer_10;0.9996072842846038
SP by Conitzer_11;0.998898756389626
SP by Conitzer_12;0.9986074751868073
SP by Conitzer_13;0.9989694738635791
SP by Conitzer_14;0.9986078287625594
SP by Conitzer_15;0.9987119250493761
SP by Conitzer_16;0.9998988405557342
SP by Conitzer_17;0.99977707266619
SP by Conitzer_18;0.9991181639631765
SP by Conitzer_19;0.9999263573129846
SP by Walsh_0;1.0
SP by Walsh_1;1.0
SP by Walsh_2;1.0
SP by Walsh_3;1.0
SP by Walsh_4;1.0
SP by Walsh_5;0.9998913793383646
SP by Walsh_6;1.0
SP by Walsh_7;1.0
SP by Walsh_8;1.0
SP by Walsh_9;1.0
SP by Walsh_10;1.0
SP by Walsh_11;1.0
SP by Walsh_12;1.0
SP by Walsh_13;1.0
SP by Walsh_14;1.0
SP by Walsh_15;1.0
SP by Walsh_16;1.0
SP by Walsh_17;1.0
SP by Walsh_18;0.9999651575114362
SP by Walsh_19;1.0
SPOC_0;0.9997872595637447
SPOC_1;0.9992701899214934
SPOC_2;0.9989366622597364
SPOC_3;0.9991423421545661
SPOC_4;0.9989607007088237
SPOC_5;0.9986265068572163
SPOC_6;0.9990896995017978
SPOC_7;0.9997028880706558
SPOC_8;0.9992649890356413
SPOC_9;0.9986844603111955
SPOC_10;0.9995592518015392
SPOC_11;0.9993688788531071
SPOC_12;0.9981340984595526
SPOC_13;0.9994558218961779
SPOC_14;0.9985063361212975
SPOC_15;0.9983467672498328
SPOC_16;0.9992229854743425
SPOC_17;0.9982516156459253
SPOC_18;0.9994924334308342
SPOC_19;0.9991708528322986
Single-Crossing_0;0.9998186327127363
Single-Crossing_1;0.999932442124546
Single-Crossing_2;1.0
Single-Crossing_3;1.0
Single-Crossing_4;1.0
Single-Crossing_5;0.9993589530716026
Single-Crossing_6;1.0
Single-Crossing_7;1.0
Single-Crossing_8;1.0
Single-Crossing_9;0.9999760281433104
Single-Crossing_10;1.0
Single-Crossing_11;0.9995469969868198
Single-Crossing_12;1.0
Single-Crossing_13;0.9997998018123971
Single-Crossing_14;1.0
Single-Crossing_15;1.0
Single-Crossing_16;1.0
Single-Crossing_17;0.9994357250171064
Single-Crossing_18;1.0
Single-Crossing_19;1.0
1D Uniform_0;0.9991601090120923
1D Uniform_1;0.9990847716005967
1D Uniform_2;0.9988439731085865
1D Uniform_3;0.9994607279335017
1D Uniform_4;0.9985928305429467
1D Uniform_5;0.9992412738488207
1D Uniform_6;0.998907090371897
1D Uniform_7;0.9998628738560487
1D Uniform_8;0.9992701503669235
1D Uniform_9;0.998799021851626
1D Uniform_10;0.9995303539810998
1D Uniform_11;0.9989394680277033
1D Uniform_12;0.9975884435560821
1D Uniform_13;0.9979105737668148
1D Uniform_14;0.9991693646826136
1D Uniform_15;0.9990535073219112
1D Uniform_16;0.9981845463750323
1D Uniform_17;0.9978308441892073
1D Uniform_18;0.9992444501918579
1D Uniform_19;0.9988023301090304
2D Uniform_0;0.9987081857492868
2D Uniform_1;0.9978943384741589
2D Uniform_2;0.9988766949100479
2D Uniform_3;0.9988363348714161
2D Uniform_4;0.9983403436914253
2D Uniform_5;0.9984026138153024
2D Uniform_6;1.0
2D Uniform_7;0.9992341065802143
2D Uniform_8;0.9969673151651752
2D Uniform_9;0.9977708691629303
2D Uniform_10;0.998560120753502
2D Uniform_11;0.9980595125674465
2D Uniform_12;0.9994498339321913
2D Uniform_13;0.9991795597209361
2D Uniform_14;0.9977014541244293
2D Uniform_15;0.9988645990526462
2D Uniform_16;0.999089538720537
2D Uniform_17;0.999692567351223
2D Uniform_18;0.9987340680550892
2D Uniform_19;0.999199192061419
3D Uniform_0;1.0
3D Uniform_1;1.0
3D Uniform_2;1.0
3D Uniform_3;1.0
3D Uniform_4;0.9999204559402648
3D Uniform_5;1.0
3D Uniform_6;1.0
3D Uniform_7;0.9999619419295583
3D Uniform_8;1.0
3D Uniform_9;1.0
3D Uniform_10;0.9999782533965713
3D Uniform_11;1.0
3D Uniform_12;0.9997458864335461
3D Uniform_13;0.9995898900211709
3D Uniform_14;0.9999311638025785
3D Uniform_15;1.0
3D Uniform_16;1.0
3D Uniform_17;1.0
3D Uniform_18;1.0
3D Uniform_19;1.0
5D Uniform_0;0.9996030104190746
5D Uniform_1;1.0
5D Uniform_2;1.0
5D Uniform_3;1.0
5D Uniform_4;1.0
5D Uniform_5;1.0
5D Uniform_6;1.0
5D Uniform_7;1.0
5D Uniform_8;1.0
5D Uniform_9;1.0
5D Uniform_10;1.0000077592750616
5D Uniform_11;1.0
5D Uniform_12;1.0
5D Uniform_13;1.0
5D Uniform_14;1.0
5D Uniform_15;1.0
5D Uniform_16;1.0
5D Uniform_17;1.0
5D Uniform_18;1.0
5D Uniform_19;1.0
10D Uniform_0;1.0
10D Uniform_1;1.0
10D Uniform_2;1.0
10D Uniform_3;1.0
10D Uniform_4;1.0
10D Uniform_5;1.0
10D Uniform_6;1.0
10D Uniform_7;1.0
10D Uniform_8;1.0
10D Uniform_9;1.0
10D Uniform_10;1.0
10D Uniform_11;1.0
10D Uniform_12;1.0
10D Uniform_13;1.0
10D Uniform_14;1.0
10D Uniform_15;1.0
10D Uniform_16;1.0
10D Uniform_17;1.0
10D Uniform_18;1.0
10D Uniform_19;0.9997620249521557
20D Uniform_0;1.0
20D Uniform_1;1.0
20D Uniform_2;1.0
20D Uniform_3;1.0
20D Uniform_4;1.0
20D Uniform_5;1.0
20D Uniform_6;1.0
20D Uniform_7;1.0
20D Uniform_8;1.0
20D Uniform_9;1.0
20D Uniform_10;1.0
20D Uniform_11;1.0
20D Uniform_12;1.0
20D Uniform_13;1.0
20D Uniform_14;1.0
20D Uniform_15;1.0
20D Uniform_16;1.0
20D Uniform_17;0.9997776815058274
20D Uniform_18;1.0
20D Uniform_19;1.0
2D Sphere_0;0.9990474834520048
2D Sphere_1;0.9989697071451217
2D Sphere_2;0.9983808816733045
2D Sphere_3;0.9987249867850995
2D Sphere_4;0.9984632114911771
2D Sphere_5;0.9991345431647748
2D Sphere_6;0.9991418788376215
2D Sphere_7;0.9996563881198635
2D Sphere_8;0.9993054082306828
2D Sphere_9;0.9984143909279278
2D Sphere_10;0.9997521911706113
2D Sphere_11;0.9982351234196234
2D Sphere_12;0.9997726469823287
2D Sphere_13;0.9995799342619984
2D Sphere_14;0.9990526020942915
2D Sphere_15;0.9992999466899972
2D Sphere_16;0.9978333526754515
2D Sphere_17;0.9989820825391017
2D Sphere_18;0.9993286233461443
2D Sphere_19;0.9990702514069927
3D Sphere_0;0.9990044055917147
3D Sphere_1;0.9980155265244576
3D Sphere_2;0.9974313053931058
3D Sphere_3;0.9986225867421292
3D Sphere_4;0.9983416025777644
3D Sphere_5;0.9991266385227455
3D Sphere_6;0.9980257502040344
3D Sphere_7;0.9987923728692095
3D Sphere_8;0.9991534422588603
3D Sphere_9;0.9988405941644418
3D Sphere_10;0.9982640511991686
3D Sphere_11;0.9976940996658514
3D Sphere_12;0.9977459651137002
3D Sphere_13;0.9988313372814193
3D Sphere_14;0.9979561154186566
3D Sphere_15;0.9980852190227394
3D Sphere_16;0.9986549326773163
3D Sphere_17;0.9986018792068571
3D Sphere_18;0.9986017462469455
3D Sphere_19;0.9987104113816201
5D Sphere_0;0.9975697470652222
5D Sphere_1;0.9982984674606045
5D Sphere_2;0.9983365781846314
5D Sphere_3;0.9978631338555042
5D Sphere_4;0.9985529602267413
5D Sphere_5;0.9970844137213333
5D Sphere_6;0.9986786816135791
5D Sphere_7;0.9984409265694413
5D Sphere_8;0.9981722136967093
5D Sphere_9;0.9983081796581097
5D Sphere_10;0.9984647081712752
5D Sphere_11;0.998155015405391
5D Sphere_12;0.998998461167413
5D Sphere_13;0.9968771176856245
5D Sphere_14;0.9978668738639933
5D Sphere_15;0.998623511148107
5D Sphere_16;0.998979188849778
5D Sphere_17;0.996957687763417
5D Sphere_18;0.9976837106943608
5D Sphere_19;0.998153270624768
GS Balanced_0;0.9999165388836623
GS Balanced_1;0.9998840377644584
GS Balanced_2;0.9997158399007314
GS Balanced_3;0.999997327815042
GS Balanced_4;0.9997427584831317
GS Balanced_5;0.9999924433934315
GS Balanced_6;0.999884188635566
GS Balanced_7;0.9996806934170409
GS Balanced_8;1.0
GS Balanced_9;0.9998355297518315
GS Balanced_10;0.99974458227792
GS Balanced_11;1.0
GS Balanced_12;1.0
GS Balanced_13;0.9999333847692669
GS Balanced_14;0.9999961266515485
GS Balanced_15;1.0
GS Balanced_16;0.9999055398883966
GS Balanced_17;0.9995227783281337
GS Balanced_18;0.9998563823228045
GS Balanced_19;0.9999330736271831
GS Caterpillar_0;1.0
GS Caterpillar_1;1.0
GS Caterpillar_2;1.0
GS Caterpillar_3;1.0
GS Caterpillar_4;1.0
GS Caterpillar_5;1.0
GS Caterpillar_6;1.0
GS Caterpillar_7;1.0
GS Caterpillar_8;1.0
GS Caterpillar_9;1.0
GS Caterpillar_10;1.0
GS Caterpillar_11;1.0
GS Caterpillar_12;1.0
GS Caterpillar_13;1.0
GS Caterpillar_14;0.9992699295520405
GS Caterpillar_15;1.0
GS Caterpillar_16;1.0
GS Caterpillar_17;1.0
GS Caterpillar_18;1.0
GS Caterpillar_19;1.0
Urn_0;1.0
Urn_1;1.0
Urn_2;0.9997307883537834
Urn_3;1.0
Urn_4;1.0
Urn_5;1.0
Urn_6;1.0
Urn_7;1.0
Urn_8;1.0
Urn_9;1.0
Urn_10;1.0
Urn_11;1.0
Urn_12;1.0
Urn_13;1.0
Urn_14;1.0
Urn_15;1.0
Urn_16;1.0
Urn_17;1.0
Urn_18;1.0
Urn_19;1.0
Urn_20;1.0
Urn_21;1.0
Urn_22;1.0
Urn_23;1.0
Urn_24;1.0
Urn_25;1.0
Urn_26;1.0
Urn_27;1.0
Urn_28;1.0
Urn_29;1.0
Urn_30;1.0
Urn_31;1.0
Urn_32;1.0
Urn_33;0.9998897691343973
Urn_34;1.0
Urn_35;1.0
Urn_36;1.0
Urn_37;1.0
Urn_38;1.0
Urn_39;1.0
Urn_40;1.0
Urn_41;1.0
Urn_42;1.0
Urn_43;1.0
Urn_44;1.0
Urn_45;1.0
Urn_46;1.0
Urn_47;1.0
Urn_48;1.0
Urn_49;1.0
Urn_50;1.0
Urn_51;1.0
Urn_52;1.0
Urn_53;1.0
Urn_54;1.0
Urn_55;1.0
Urn_56;1.0
Urn_57;1.0
Urn_58;1.0
Urn_59;1.0
Urn_60;1.0
Urn_61;1.0
Urn_62;1.0
Urn_63;1.0
Urn_64;1.0
Urn_65;0.9999437980068155
Urn_66;0.9996149171109278
Urn_67;1.0
Urn_68;1.0
Urn_69;1.0
Urn_70;1.0
Urn_71;0.9997188041906554
Urn_72;1.0
Urn_73;1.0
Urn_74;1.0
Urn_75;1.0
Urn_76;0.999863603819812
Urn_77;0.9994874641565724
Urn_78;1.0
Urn_79;1.0
Norm-Mallows_0;1.0
Norm-Mallows_1;1.0
Norm-Mallows_2;1.0
Norm-Mallows_3;1.0
Norm-Mallows_4;0.9998203942762331
Norm-Mallows_5;1.0
Norm-Mallows_6;1.0
Norm-Mallows_7;1.0
Norm-Mallows_8;1.0
Norm-Mallows_9;1.0
Norm-Mallows_10;1.0
Norm-Mallows_11;1.0
Norm-Mallows_12;1.0
Norm-Mallows_13;1.0
Norm-Mallows_14;1.0000810250081635
Norm-Mallows_15;1.0
Norm-Mallows_16;1.0
Norm-Mallows_17;1.0
Norm-Mallows_18;1.0
Norm-Mallows_19;1.0
Norm-Mallows_20;1.0
Norm-Mallows_21;1.0
Norm-Mallows_22;1.0
Norm-Mallows_23;1.0
Norm-Mallows_24;1.0
Norm-Mallows_25;1.0
Norm-Mallows_26;1.0
Norm-Mallows_27;1.0
Norm-Mallows_28;1.0
Norm-Mallows_29;1.0
Norm-Mallows_30;1.0
Norm-Mallows_31;1.0
Norm-Mallows_32;1.0
Norm-Mallows_33;1.0
Norm-Mallows_34;1.0
Norm-Mallows_35;0.9988764571904962
Norm-Mallows_36;1.0
Norm-Mallows_37;1.0
Norm-Mallows_38;1.0
Norm-Mallows_39;1.0
Norm-Mallows_40;1.0
Norm-Mallows_41;1.0
Norm-Mallows_42;1.0
Norm-Mallows_43;1.0
Norm-Mallows_44;1.0
Norm-Mallows_45;1.0
Norm-Mallows_46;1.0
Norm-Mallows_47;1.0
Norm-Mallows_48;0.9999695473002925
Norm-Mallows_49;1.0
Norm-Mallows_50;1.0
Norm-Mallows_51;1.0
Norm-Mallows_52;0.9990076754627577
Norm-Mallows_53;1.0
Norm-Mallows_54;1.0
Norm-Mallows_55;1.0
Norm-Mallows_56;1.0
Norm-Mallows_57;1.0
Norm-Mallows_58;1.0
Norm-Mallows_59;1.0
Norm-Mallows_60;1.0
Norm-Mallows_61;1.0
Norm-Mallows_62;1.0
Norm-Mallows_63;1.0
Norm-Mallows_64;1.0
Norm-Mallows_65;1.0
Norm-Mallows_66;1.0
Norm-Mallows_67;0.999842745889178
Norm-Mallows_68;1.0
Norm-Mallows_69;1.0
Norm-Mallows_70;1.0
Norm-Mallows_71;0.9997628198958395
Norm-Mallows_72;1.0
Norm-Mallows_73;1.0
Norm-Mallows_74;1.0
Norm-Mallows_75;1.0
Norm-Mallows_76;1.0
Norm-Mallows_77;1.0
Norm-Mallows_78;1.0
Norm-Mallows_79;1.0
ANID_0;None
ANID_1;None
ANID_2;None
ANID_3;None
ANID_4;None
ANID_5;None
ANID_6;None
ANID_7;None
ANID_8;None
ANID_9;None
ANID_10;None
ANID_11;None
ANID_12;None
ANID_13;None
ANID_14;None
ANID_15;None
ANID_16;None
ANID_17;None
ANID_18;None
ANID_19;None
STID_0;None
STID_1;None
STID_2;None
STID_3;None
STID_4;None
STID_5;None
STID_6;None
STID_7;None
STID_8;None
STID_9;None
STID_10;None
STID_11;None
STID_12;None
STID_13;None
STID_14;None
STID_15;None
STID_16;None
STID_17;None
STID_18;None
STID_19;None
ANUN_0;None
ANUN_1;None
ANUN_2;None
ANUN_3;None
ANUN_4;None
ANUN_5;None
ANUN_6;None
ANUN_7;None
ANUN_8;None
ANUN_9;None
ANUN_10;None
ANUN_11;None
ANUN_12;None
ANUN_13;None
ANUN_14;None
ANUN_15;None
ANUN_16;None
ANUN_17;None
ANUN_18;None
ANUN_19;None
STUN_0;None
STUN_1;None
STUN_2;None
STUN_3;None
STUN_4;None
STUN_5;None
STUN_6;None
STUN_7;None
STUN_8;None
STUN_9;None
STUN_10;None
STUN_11;None
STUN_12;None
STUN_13;None
STUN_14;None
STUN_15;None
STUN_16;None
STUN_17;None
STUN_18;None
STUN_19;None
