election_id;value
ID;None
UN;None
AN;None
ST;None
Impartial Culture_0;1.1909814323607426
Impartial Culture_1;1.181058495821727
Impartial Culture_2;1.236220472440945
Impartial Culture_3;1.2099447513812154
Impartial Culture_4;1.127371273712737
Impartial Culture_5;1.2261580381471389
Impartial Culture_6;1.1852791878172588
Impartial Culture_7;1.2106598984771573
Impartial Culture_8;1.1811023622047243
Impartial Culture_9;1.1483516483516483
Impartial Culture_10;1.1223958333333333
Impartial Culture_11;1.069408740359897
Impartial Culture_12;1.1405835543766578
Impartial Culture_13;1.165374677002584
Impartial Culture_14;1.1399491094147582
Impartial Culture_15;1.2527472527472527
Impartial Culture_16;1.1324324324324324
Impartial Culture_17;1.2547425474254743
Impartial Culture_18;1.1806282722513088
Impartial Culture_19;1.0537084398976981
SP by Conitzer_0;1.0755813953488371
SP by Conitzer_1;1.0254957507082152
SP by Conitzer_2;1.0632530120481927
SP by Conitzer_3;1.0
SP by Conitzer_4;1.0818713450292399
SP by Conitzer_5;1.054054054054054
SP by Conitzer_6;1.0709876543209877
SP by Conitzer_7;1.0439882697947214
SP by Conitzer_8;1.0542857142857143
SP by Conitzer_9;1.069767441860465
SP by Conitzer_10;1.125
SP by Conitzer_11;1.0591900311526479
SP by Conitzer_12;1.0602739726027397
SP by Conitzer_13;1.0291545189504374
SP by Conitzer_14;1.0616883116883118
SP by Conitzer_15;1.0483383685800605
SP by Conitzer_16;1.1395348837209303
SP by Conitzer_17;1.0895061728395061
SP by Conitzer_18;1.0480225988700564
SP by Conitzer_19;1.0212765957446808
SP by Walsh_0;1.0789473684210527
SP by Walsh_1;1.0819672131147542
SP by Walsh_2;1.0204081632653061
SP by Walsh_3;1.0192307692307692
SP by Walsh_4;1.0634920634920635
SP by Walsh_5;1.0204081632653061
SP by Walsh_6;1.0
SP by Walsh_7;1.0
SP by Walsh_8;1.0
SP by Walsh_9;1.0357142857142858
SP by Walsh_10;1.0
SP by Walsh_11;1.0196078431372548
SP by Walsh_12;1.0217391304347827
SP by Walsh_13;1.0
SP by Walsh_14;1.048780487804878
SP by Walsh_15;1.0612244897959184
SP by Walsh_16;1.0
SP by Walsh_17;1.0517241379310345
SP by Walsh_18;1.0158730158730158
SP by Walsh_19;1.0185185185185186
SPOC_0;1.0762463343108504
SPOC_1;1.0628930817610063
SPOC_2;1.0694006309148265
SPOC_3;1.0771513353115727
SPOC_4;1.0264026402640265
SPOC_5;1.0346820809248556
SPOC_6;1.0612813370473537
SPOC_7;1.035820895522388
SPOC_8;1.024024024024024
SPOC_9;1.0439882697947214
SPOC_10;1.0885714285714285
SPOC_11;1.0833333333333333
SPOC_12;1.0898550724637681
SPOC_13;1.039877300613497
SPOC_14;1.056338028169014
SPOC_15;1.126843657817109
SPOC_16;1.04
SPOC_17;1.0169014084507042
SPOC_18;1.0974842767295598
SPOC_19;1.0459770114942528
Single-Crossing_0;Blank
Single-Crossing_1;1.0
Single-Crossing_2;1.0
Single-Crossing_3;Blank
Single-Crossing_4;1.0
Single-Crossing_5;1.0
Single-Crossing_6;Blank
Single-Crossing_7;1.0
Single-Crossing_8;Blank
Single-Crossing_9;Blank
Single-Crossing_10;Blank
Single-Crossing_11;1.0
Single-Crossing_12;1.0
Single-Crossing_13;Blank
Single-Crossing_14;1.0
Single-Crossing_15;1.0
Single-Crossing_16;Blank
Single-Crossing_17;Blank
Single-Crossing_18;Blank
Single-Crossing_19;1.0
1D Uniform_0;1.0433526011560694
1D Uniform_1;1.0174418604651163
1D Uniform_2;1.043343653250774
1D Uniform_3;1.0433526011560694
1D Uniform_4;1.060200668896321
1D Uniform_5;1.1151315789473684
1D Uniform_6;1.0903426791277258
1D Uniform_7;1.067448680351906
1D Uniform_8;1.0217391304347827
1D Uniform_9;1.0523076923076924
1D Uniform_10;1.0184615384615385
1D Uniform_11;1.098314606741573
1D Uniform_12;1.0696969696969696
1D Uniform_13;1.0510204081632653
1D Uniform_14;1.0501474926253687
1D Uniform_15;1.0489913544668588
1D Uniform_16;1.0154798761609907
1D Uniform_17;1.056047197640118
1D Uniform_18;1.1079545454545454
1D Uniform_19;1.0589887640449438
2D Uniform_0;1.2307692307692308
2D Uniform_1;1.1503067484662577
2D Uniform_2;1.144694533762058
2D Uniform_3;1.1029900332225913
2D Uniform_4;1.0771812080536913
2D Uniform_5;1.1582278481012658
2D Uniform_6;1.174074074074074
2D Uniform_7;1.1042345276872965
2D Uniform_8;1.1682539682539683
2D Uniform_9;1.1725352112676057
2D Uniform_10;1.1347305389221556
2D Uniform_11;1.062937062937063
2D Uniform_12;1.1358885017421603
2D Uniform_13;1.1890909090909092
2D Uniform_14;1.0625
2D Uniform_15;1.1364985163204748
2D Uniform_16;1.125
2D Uniform_17;1.0876623376623376
2D Uniform_18;1.1006944444444444
2D Uniform_19;1.108695652173913
3D Uniform_0;1.1407185628742516
3D Uniform_1;1.058252427184466
3D Uniform_2;1.2171052631578947
3D Uniform_3;1.1191222570532915
3D Uniform_4;1.0962199312714778
3D Uniform_5;1.1704918032786886
3D Uniform_6;1.1486486486486487
3D Uniform_7;1.0777027027027026
3D Uniform_8;1.1370716510903427
3D Uniform_9;1.1149825783972125
3D Uniform_10;1.1080246913580247
3D Uniform_11;1.094890510948905
3D Uniform_12;1.1796610169491526
3D Uniform_13;1.081911262798635
3D Uniform_14;1.1979865771812082
3D Uniform_15;1.0807453416149069
3D Uniform_16;1.1262135922330097
3D Uniform_17;1.070967741935484
3D Uniform_18;1.196774193548387
3D Uniform_19;1.1003236245954693
5D Uniform_0;1.1299638989169676
5D Uniform_1;1.1775362318840579
5D Uniform_2;1.2
5D Uniform_3;1.2012987012987013
5D Uniform_4;1.0870967741935484
5D Uniform_5;1.2323232323232323
5D Uniform_6;1.0446735395189004
5D Uniform_7;1.0166666666666666
5D Uniform_8;1.118705035971223
5D Uniform_9;1.124113475177305
5D Uniform_10;1.1205673758865249
5D Uniform_11;1.2836879432624113
5D Uniform_12;1.1266666666666667
5D Uniform_13;1.182509505703422
5D Uniform_14;1.1666666666666667
5D Uniform_15;1.0701754385964912
5D Uniform_16;1.125
5D Uniform_17;1.0491228070175438
5D Uniform_18;1.1228070175438596
5D Uniform_19;1.12012987012987
10D Uniform_0;1.0714285714285714
10D Uniform_1;1.0751173708920188
10D Uniform_2;1.0888888888888888
10D Uniform_3;1.0294117647058822
10D Uniform_4;1.0
10D Uniform_5;1.0424528301886793
10D Uniform_6;1.1171548117154813
10D Uniform_7;1.2412280701754386
10D Uniform_8;1.0218340611353711
10D Uniform_9;1.050420168067227
10D Uniform_10;1.112970711297071
10D Uniform_11;1.0672268907563025
10D Uniform_12;1.1178861788617886
10D Uniform_13;1.3032786885245902
10D Uniform_14;1.0297872340425531
10D Uniform_15;1.0522088353413654
10D Uniform_16;1.1304347826086956
10D Uniform_17;1.1872509960159363
10D Uniform_18;1.084870848708487
10D Uniform_19;1.2029520295202951
20D Uniform_0;1.1063829787234043
20D Uniform_1;1.004739336492891
20D Uniform_2;1.2047619047619047
20D Uniform_3;1.3073394495412844
20D Uniform_4;1.0745614035087718
20D Uniform_5;1.0141509433962264
20D Uniform_6;1.0
20D Uniform_7;1.0067114093959733
20D Uniform_8;1.0163934426229508
20D Uniform_9;1.2681564245810055
20D Uniform_10;1.0
20D Uniform_11;1.1306532663316582
20D Uniform_12;1.0862745098039215
20D Uniform_13;1.08
20D Uniform_14;1.0327868852459017
20D Uniform_15;1.1376518218623481
20D Uniform_16;1.0374331550802138
20D Uniform_17;1.0
20D Uniform_18;1.1201923076923077
20D Uniform_19;1.06
2D Sphere_0;1.105105105105105
2D Sphere_1;1.0728476821192052
2D Sphere_2;1.0988700564971752
2D Sphere_3;1.0964630225080385
2D Sphere_4;1.066465256797583
2D Sphere_5;1.0728476821192052
2D Sphere_6;1.051779935275081
2D Sphere_7;1.0393939393939393
2D Sphere_8;1.0919881305637982
2D Sphere_9;1.0817438692098094
2D Sphere_10;1.0689655172413792
2D Sphere_11;1.0381231671554252
2D Sphere_12;1.0903010033444815
2D Sphere_13;1.0765027322404372
2D Sphere_14;1.1277258566978192
2D Sphere_15;1.0157728706624605
2D Sphere_16;1.0629139072847682
2D Sphere_17;1.0972644376899696
2D Sphere_18;1.1482758620689655
2D Sphere_19;1.1086350974930361
3D Sphere_0;1.1571815718157181
3D Sphere_1;1.2161383285302594
3D Sphere_2;1.1441717791411044
3D Sphere_3;1.0686567164179104
3D Sphere_4;1.1152737752161384
3D Sphere_5;1.2006369426751593
3D Sphere_6;1.1680440771349863
3D Sphere_7;1.1531531531531531
3D Sphere_8;1.1272727272727272
3D Sphere_9;1.1294117647058823
3D Sphere_10;1.2148997134670487
3D Sphere_11;1.1415384615384616
3D Sphere_12;1.172514619883041
3D Sphere_13;1.1904761904761905
3D Sphere_14;1.0640243902439024
3D Sphere_15;1.108359133126935
3D Sphere_16;1.1925465838509317
3D Sphere_17;1.1145510835913313
3D Sphere_18;1.1174698795180722
3D Sphere_19;1.1587301587301588
5D Sphere_0;1.1581920903954803
5D Sphere_1;1.2582582582582582
5D Sphere_2;1.1820652173913044
5D Sphere_3;1.164835164835165
5D Sphere_4;1.2581521739130435
5D Sphere_5;1.1114369501466275
5D Sphere_6;1.190909090909091
5D Sphere_7;1.326797385620915
5D Sphere_8;1.1576086956521738
5D Sphere_9;1.1299093655589123
5D Sphere_10;1.137466307277628
5D Sphere_11;1.127536231884058
5D Sphere_12;1.1529745042492918
5D Sphere_13;1.0601092896174864
5D Sphere_14;1.173913043478261
5D Sphere_15;1.1453488372093024
5D Sphere_16;1.173134328358209
5D Sphere_17;1.0826446280991735
5D Sphere_18;1.264367816091954
5D Sphere_19;1.226063829787234
GS Balanced_0;1.02555910543131
GS Balanced_1;1.0131147540983607
GS Balanced_2;1.0284810126582278
GS Balanced_3;1.0476190476190477
GS Balanced_4;1.0220125786163523
GS Balanced_5;1.0277777777777777
GS Balanced_6;1.0060975609756098
GS Balanced_7;1.0298507462686568
GS Balanced_8;1.0110803324099722
GS Balanced_9;1.040625
GS Balanced_10;1.0476190476190477
GS Balanced_11;1.0237388724035608
GS Balanced_12;1.0212765957446808
GS Balanced_13;1.0261627906976745
GS Balanced_14;1.0029940119760479
GS Balanced_15;1.031055900621118
GS Balanced_16;1.017910447761194
GS Balanced_17;1.0416666666666667
GS Balanced_18;1.085173501577287
GS Balanced_19;1.0414507772020725
GS Caterpillar_0;Blank
GS Caterpillar_1;Blank
GS Caterpillar_2;Blank
GS Caterpillar_3;Blank
GS Caterpillar_4;Blank
GS Caterpillar_5;Blank
GS Caterpillar_6;Blank
GS Caterpillar_7;Blank
GS Caterpillar_8;Blank
GS Caterpillar_9;Blank
GS Caterpillar_10;Blank
GS Caterpillar_11;Blank
GS Caterpillar_12;Blank
GS Caterpillar_13;Blank
GS Caterpillar_14;Blank
GS Caterpillar_15;Blank
GS Caterpillar_16;Blank
GS Caterpillar_17;Blank
GS Caterpillar_18;Blank
GS Caterpillar_19;Blank
Urn_0;Blank
Urn_1;Blank
Urn_2;Blank
Urn_3;1.3285714285714285
Urn_4;1.0833333333333333
Urn_5;1.048780487804878
Urn_6;Blank
Urn_7;Blank
Urn_8;1.0833333333333333
Urn_9;Blank
Urn_10;1.0
Urn_11;Blank
Urn_12;1.0
Urn_13;Blank
Urn_14;1.3714285714285714
Urn_15;1.6363636363636365
Urn_16;1.6
Urn_17;1.03125
Urn_18;Blank
Urn_19;1.5909090909090908
Urn_20;Blank
Urn_21;1.135135135135135
Urn_22;Blank
Urn_23;1.081911262798635
Urn_24;Blank
Urn_25;1.04
Urn_26;1.4
Urn_27;1.25
Urn_28;Blank
Urn_29;Blank
Urn_30;1.0826210826210827
Urn_31;Blank
Urn_32;Blank
Urn_33;Blank
Urn_34;Blank
Urn_35;Blank
Urn_36;Blank
Urn_37;1.1162790697674418
Urn_38;Blank
Urn_39;Blank
Urn_40;Blank
Urn_41;1.0
Urn_42;Blank
Urn_43;Blank
Urn_44;Blank
Urn_45;Blank
Urn_46;1.123076923076923
Urn_47;1.0
Urn_48;Blank
Urn_49;1.0
Urn_50;Blank
Urn_51;1.1705882352941177
Urn_52;Blank
Urn_53;Blank
Urn_54;Blank
Urn_55;Blank
Urn_56;Blank
Urn_57;Blank
Urn_58;Blank
Urn_59;Blank
Urn_60;Blank
Urn_61;1.2045454545454546
Urn_62;Blank
Urn_63;Blank
Urn_64;Blank
Urn_65;Blank
Urn_66;1.0363636363636364
Urn_67;Blank
Urn_68;1.0
Urn_69;1.0987654320987654
Urn_70;1.9230769230769231
Urn_71;Blank
Urn_72;Blank
Urn_73;Blank
Urn_74;Blank
Urn_75;Blank
Urn_76;1.1333333333333333
Urn_77;Blank
Urn_78;Blank
Urn_79;Blank
Norm-Mallows_0;1.0
Norm-Mallows_1;1.0123456790123457
Norm-Mallows_2;1.185929648241206
Norm-Mallows_3;1.0261780104712042
Norm-Mallows_4;1.1265206812652069
Norm-Mallows_5;1.0
Norm-Mallows_6;Blank
Norm-Mallows_7;1.2071197411003236
Norm-Mallows_8;1.2040816326530612
Norm-Mallows_9;1.06
Norm-Mallows_10;1.0321100917431192
Norm-Mallows_11;1.3789473684210527
Norm-Mallows_12;1.1659574468085105
Norm-Mallows_13;1.0416666666666667
Norm-Mallows_14;1.0326797385620916
Norm-Mallows_15;1.1111111111111112
Norm-Mallows_16;1.0
Norm-Mallows_17;1.0
Norm-Mallows_18;1.0
Norm-Mallows_19;1.1111111111111112
Norm-Mallows_20;1.0
Norm-Mallows_21;1.0069444444444444
Norm-Mallows_22;1.0
Norm-Mallows_23;1.0
Norm-Mallows_24;1.1095238095238096
Norm-Mallows_25;1.1263736263736264
Norm-Mallows_26;1.0
Norm-Mallows_27;Blank
Norm-Mallows_28;1.0
Norm-Mallows_29;1.0943396226415094
Norm-Mallows_30;1.0
Norm-Mallows_31;1.0
Norm-Mallows_32;1.1346153846153846
Norm-Mallows_33;1.0
Norm-Mallows_34;1.0324324324324323
Norm-Mallows_35;1.098092643051771
Norm-Mallows_36;1.0
Norm-Mallows_37;1.111764705882353
Norm-Mallows_38;1.0506912442396312
Norm-Mallows_39;1.0
Norm-Mallows_40;1.0
Norm-Mallows_41;1.0
Norm-Mallows_42;1.0104166666666667
Norm-Mallows_43;1.0810810810810811
Norm-Mallows_44;Blank
Norm-Mallows_45;1.0376344086021505
Norm-Mallows_46;1.0084033613445378
Norm-Mallows_47;Blank
Norm-Mallows_48;1.0
Norm-Mallows_49;1.0
Norm-Mallows_50;1.0309278350515463
Norm-Mallows_51;1.0
Norm-Mallows_52;1.1688654353562005
Norm-Mallows_53;1.0
Norm-Mallows_54;1.0277777777777777
Norm-Mallows_55;1.0416666666666667
Norm-Mallows_56;1.0085470085470085
Norm-Mallows_57;1.0
Norm-Mallows_58;1.0129870129870129
Norm-Mallows_59;1.1871345029239766
Norm-Mallows_60;1.0078125
Norm-Mallows_61;1.0
Norm-Mallows_62;Blank
Norm-Mallows_63;1.0
Norm-Mallows_64;1.0
Norm-Mallows_65;1.0
Norm-Mallows_66;1.1309192200557103
Norm-Mallows_67;1.1531100478468899
Norm-Mallows_68;1.0
Norm-Mallows_69;1.2106666666666666
Norm-Mallows_70;1.0
Norm-Mallows_71;1.0781758957654723
Norm-Mallows_72;1.0
Norm-Mallows_73;1.178082191780822
Norm-Mallows_74;1.032520325203252
Norm-Mallows_75;1.0
Norm-Mallows_76;1.031413612565445
Norm-Mallows_77;1.0106382978723405
Norm-Mallows_78;1.0
Norm-Mallows_79;1.0569948186528497
ANID_0;None
ANID_1;None
ANID_2;None
ANID_3;None
ANID_4;None
ANID_5;None
ANID_6;None
ANID_7;None
ANID_8;None
ANID_9;None
ANID_10;None
ANID_11;None
ANID_12;None
ANID_13;None
ANID_14;None
ANID_15;None
ANID_16;None
ANID_17;None
ANID_18;None
ANID_19;None
STID_0;None
STID_1;None
STID_2;None
STID_3;None
STID_4;None
STID_5;None
STID_6;None
STID_7;None
STID_8;None
STID_9;None
STID_10;None
STID_11;None
STID_12;None
STID_13;None
STID_14;None
STID_15;None
STID_16;None
STID_17;None
STID_18;None
STID_19;None
ANUN_0;None
ANUN_1;None
ANUN_2;None
ANUN_3;None
ANUN_4;None
ANUN_5;None
ANUN_6;None
ANUN_7;None
ANUN_8;None
ANUN_9;None
ANUN_10;None
ANUN_11;None
ANUN_12;None
ANUN_13;None
ANUN_14;None
ANUN_15;None
ANUN_16;None
ANUN_17;None
ANUN_18;None
ANUN_19;None
STUN_0;None
STUN_1;None
STUN_2;None
STUN_3;None
STUN_4;None
STUN_5;None
STUN_6;None
STUN_7;None
STUN_8;None
STUN_9;None
STUN_10;None
STUN_11;None
STUN_12;None
STUN_13;None
STUN_14;None
STUN_15;None
STUN_16;None
STUN_17;None
STUN_18;None
STUN_19;None
