election_id;value
ID;None
UN;None
AN;None
ST;None
Impartial Culture_0;1.0
Impartial Culture_1;1.0
Impartial Culture_2;0.9985517740767559
Impartial Culture_3;0.9940119760479041
Impartial Culture_4;1.0
Impartial Culture_5;1.0
Impartial Culture_6;0.99792243767313
Impartial Culture_7;1.0
Impartial Culture_8;0.9995827538247566
Impartial Culture_9;1.0
Impartial Culture_10;1.0
Impartial Culture_11;0.9943342776203967
Impartial Culture_12;1.0
Impartial Culture_13;0.9937062937062937
Impartial Culture_14;1.0
Impartial Culture_15;0.9936158652540069
Impartial Culture_16;0.9978753541076486
Impartial Culture_17;0.9942569992821249
Impartial Culture_18;1.0
Impartial Culture_19;0.9964664310954064
SP by Conitzer_0;0.9985714285714288
SP by Conitzer_1;0.9957627118644068
SP by Conitzer_2;0.9985401459854014
SP by Conitzer_3;1.0
SP by Conitzer_4;0.9970887918486171
SP by Conitzer_5;0.992721979621543
SP by Conitzer_6;0.9915611814345991
SP by Conitzer_7;1.0
SP by Conitzer_8;1.0
SP by Conitzer_9;0.9985590778097991
SP by Conitzer_10;0.9913419913419913
SP by Conitzer_11;0.9971181556195966
SP by Conitzer_12;0.987012987012987
SP by Conitzer_13;1.0
SP by Conitzer_14;1.0
SP by Conitzer_15;0.9868995633187773
SP by Conitzer_16;0.9957567185289957
SP by Conitzer_17;1.0
SP by Conitzer_18;0.9956709956709957
SP by Conitzer_19;1.0
SP by Walsh_0;1.0
SP by Walsh_1;1.0
SP by Walsh_2;1.0
SP by Walsh_3;1.0
SP by Walsh_4;1.0
SP by Walsh_5;1.0
SP by Walsh_6;1.0
SP by Walsh_7;1.0
SP by Walsh_8;1.0
SP by Walsh_9;1.0
SP by Walsh_10;1.0
SP by Walsh_11;1.0
SP by Walsh_12;1.0
SP by Walsh_13;1.0
SP by Walsh_14;1.0
SP by Walsh_15;1.0
SP by Walsh_16;1.0
SP by Walsh_17;1.0
SP by Walsh_18;0.9994588949088024
SP by Walsh_19;1.0
SPOC_0;1.0
SPOC_1;0.9985549132947977
SPOC_2;1.0
SPOC_3;0.9999999999999999
SPOC_4;1.0
SPOC_5;1.0
SPOC_6;0.9954128440366973
SPOC_7;1.0
SPOC_8;1.0
SPOC_9;0.9955947136563876
SPOC_10;0.9909638554216867
SPOC_11;0.9954954954954955
SPOC_12;0.9823008849557522
SPOC_13;1.0
SPOC_14;1.0
SPOC_15;0.9954887218045113
SPOC_16;0.9910313901345291
SPOC_17;0.9955357142857143
SPOC_18;1.0
SPOC_19;1.0
Single-Crossing_0;1.0
Single-Crossing_1;1.0
Single-Crossing_2;1.0
Single-Crossing_3;1.0
Single-Crossing_4;1.0
Single-Crossing_5;0.9999141114832943
Single-Crossing_6;0.9982555604012213
Single-Crossing_7;1.0
Single-Crossing_8;1.0
Single-Crossing_9;1.0
Single-Crossing_10;1.0
Single-Crossing_11;1.0
Single-Crossing_12;1.0000000000000002
Single-Crossing_13;1.0
Single-Crossing_14;1.0
Single-Crossing_15;1.0
Single-Crossing_16;1.0
Single-Crossing_17;1.0
Single-Crossing_18;1.0
Single-Crossing_19;1.0
1D Uniform_0;1.0
1D Uniform_1;1.0
1D Uniform_2;0.9956521739130435
1D Uniform_3;1.0
1D Uniform_4;1.0
1D Uniform_5;0.9986282578875169
1D Uniform_6;1.0
1D Uniform_7;0.9970972423802613
1D Uniform_8;0.9916897506925207
1D Uniform_9;1.0
1D Uniform_10;0.9985754985754983
1D Uniform_11;1.0
1D Uniform_12;1.0
1D Uniform_13;1.0
1D Uniform_14;1.0
1D Uniform_15;1.0
1D Uniform_16;1.0
1D Uniform_17;1.0
1D Uniform_18;0.9955947136563876
1D Uniform_19;1.0
2D Uniform_0;1.0
2D Uniform_1;0.9944444444444442
2D Uniform_2;0.9972527472527472
2D Uniform_3;1.0
2D Uniform_4;1.0
2D Uniform_5;1.0
2D Uniform_6;1.0
2D Uniform_7;1.0
2D Uniform_8;0.9965753424657533
2D Uniform_9;1.0
2D Uniform_10;0.994277539341917
2D Uniform_11;0.996
2D Uniform_12;0.9986910994764397
2D Uniform_13;0.994475138121547
2D Uniform_14;0.9945130315500685
2D Uniform_15;0.9930264993026499
2D Uniform_16;0.9939839572192514
2D Uniform_17;1.0
2D Uniform_18;0.9973701512163052
2D Uniform_19;1.0
3D Uniform_0;0.9925876010781672
3D Uniform_1;1.0
3D Uniform_2;0.9986613119143242
3D Uniform_3;0.9986541049798116
3D Uniform_4;0.9986945169712795
3D Uniform_5;0.9986675549633578
3D Uniform_6;0.9947984395318595
3D Uniform_7;0.9968193384223919
3D Uniform_8;0.9918367346938776
3D Uniform_9;0.9993220338983051
3D Uniform_10;0.998
3D Uniform_11;1.0
3D Uniform_12;0.9997446373850866
3D Uniform_13;0.9936020473448496
3D Uniform_14;0.9967234600262121
3D Uniform_15;0.9993328885923949
3D Uniform_16;1.0
3D Uniform_17;0.9953580901856762
3D Uniform_18;0.9970349361866699
3D Uniform_19;0.9973831775700938
5D Uniform_0;1.0
5D Uniform_1;0.9943523191540495
5D Uniform_2;1.0
5D Uniform_3;0.9977812581571391
5D Uniform_4;0.9986175694357171
5D Uniform_5;0.9987687761635063
5D Uniform_6;1.0
5D Uniform_7;0.9983554712207465
5D Uniform_8;1.0
5D Uniform_9;0.9940251188879401
5D Uniform_10;1.0
5D Uniform_11;1.0
5D Uniform_12;1.0
5D Uniform_13;1.0
5D Uniform_14;0.9950647748303515
5D Uniform_15;1.0
5D Uniform_16;1.0
5D Uniform_17;1.0
5D Uniform_18;1.0
5D Uniform_19;0.9948029973410686
10D Uniform_0;0.9973909413483614
10D Uniform_1;0.9994192799070845
10D Uniform_2;0.9973409912784514
10D Uniform_3;0.9956456972613728
10D Uniform_4;1.0
10D Uniform_5;1.0
10D Uniform_6;0.9917260399908068
10D Uniform_7;0.9991298673047638
10D Uniform_8;0.9992092182557614
10D Uniform_9;1.0
10D Uniform_10;1.0
10D Uniform_11;1.0
10D Uniform_12;1.0
10D Uniform_13;1.0
10D Uniform_14;1.0
10D Uniform_15;1.0
10D Uniform_16;1.0
10D Uniform_17;1.0
10D Uniform_18;0.998944157672454
10D Uniform_19;0.9961358313817331
20D Uniform_0;1.0
20D Uniform_1;0.9984040855410152
20D Uniform_2;1.0
20D Uniform_3;1.0
20D Uniform_4;1.0
20D Uniform_5;1.0
20D Uniform_6;1.0
20D Uniform_7;1.0
20D Uniform_8;0.9998974253769615
20D Uniform_9;1.0
20D Uniform_10;1.0
20D Uniform_11;1.0
20D Uniform_12;1.0
20D Uniform_13;0.9981665228645382
20D Uniform_14;1.0
20D Uniform_15;1.0
20D Uniform_16;1.0
20D Uniform_17;1.0
20D Uniform_18;1.0
20D Uniform_19;1.0
2D Sphere_0;0.9971751412429376
2D Sphere_1;1.0
2D Sphere_2;0.995575221238938
2D Sphere_3;1.0
2D Sphere_4;0.9956521739130435
2D Sphere_5;0.9914407988587732
2D Sphere_6;0.998531571218796
2D Sphere_7;0.9956140350877193
2D Sphere_8;1.0
2D Sphere_9;0.9955555555555555
2D Sphere_10;1.0
2D Sphere_11;0.995575221238938
2D Sphere_12;1.0000000000000002
2D Sphere_13;1.0
2D Sphere_14;1.0
2D Sphere_15;1.0
2D Sphere_16;1.0
2D Sphere_17;1.0
2D Sphere_18;1.0
2D Sphere_19;1.0
3D Sphere_0;0.9970370370370369
3D Sphere_1;1.0
3D Sphere_2;0.9866071428571429
3D Sphere_3;0.9899425287356324
3D Sphere_4;1.0000000000000002
3D Sphere_5;0.9872430900070873
3D Sphere_6;0.9941348973607039
3D Sphere_7;0.995475113122172
3D Sphere_8;0.9942279942279945
3D Sphere_9;0.9956647398843931
3D Sphere_10;0.9985380116959063
3D Sphere_11;1.0
3D Sphere_12;0.9848714069591528
3D Sphere_13;1.0000000000000002
3D Sphere_14;1.0
3D Sphere_15;0.9999999999999999
3D Sphere_16;1.0
3D Sphere_17;0.9924924924924924
3D Sphere_18;1.0
3D Sphere_19;0.9971988795518207
5D Sphere_0;0.9985380116959065
5D Sphere_1;0.994227994227994
5D Sphere_2;1.0
5D Sphere_3;1.0
5D Sphere_4;0.9978798586572438
5D Sphere_5;1.0000000000000002
5D Sphere_6;0.9957264957264957
5D Sphere_7;1.0
5D Sphere_8;1.0
5D Sphere_9;0.9972164231036883
5D Sphere_10;0.9970238095238095
5D Sphere_11;0.99442119944212
5D Sphere_12;1.0
5D Sphere_13;0.9884726224783862
5D Sphere_14;0.9941690962099127
5D Sphere_15;0.9921708185053382
5D Sphere_16;1.0
5D Sphere_17;0.9971590909090909
5D Sphere_18;1.0
5D Sphere_19;0.9970972423802614
GS Balanced_0;1.0
GS Balanced_1;1.0
GS Balanced_2;1.0000000000000002
GS Balanced_3;1.0
GS Balanced_4;1.0
GS Balanced_5;1.0
GS Balanced_6;1.0000000000000002
GS Balanced_7;0.9999999999999998
GS Balanced_8;1.0
GS Balanced_9;1.0
GS Balanced_10;1.0
GS Balanced_11;1.0
GS Balanced_12;1.0
GS Balanced_13;1.0
GS Balanced_14;1.0
GS Balanced_15;1.0000000000000002
GS Balanced_16;1.0
GS Balanced_17;1.0
GS Balanced_18;1.0
GS Balanced_19;1.0
GS Caterpillar_0;1.0
GS Caterpillar_1;1.0
GS Caterpillar_2;1.0
GS Caterpillar_3;1.0
GS Caterpillar_4;1.0
GS Caterpillar_5;1.0
GS Caterpillar_6;1.0
GS Caterpillar_7;0.9998068835293109
GS Caterpillar_8;0.9999420190037114
GS Caterpillar_9;1.0
GS Caterpillar_10;1.0
GS Caterpillar_11;1.0
GS Caterpillar_12;1.0
GS Caterpillar_13;1.0
GS Caterpillar_14;1.0
GS Caterpillar_15;1.0
GS Caterpillar_16;0.9999650521334797
GS Caterpillar_17;1.0
GS Caterpillar_18;1.0
GS Caterpillar_19;1.0
Urn_0;1.0
Urn_1;1.0
Urn_2;1.0
Urn_3;1.0
Urn_4;0.9944827586206895
Urn_5;1.0
Urn_6;1.0
Urn_7;1.0
Urn_8;0.9996275605214157
Urn_9;1.0
Urn_10;1.0
Urn_11;1.0
Urn_12;1.0
Urn_13;1.0
Urn_14;1.0
Urn_15;1.0
Urn_16;0.9993984962406017
Urn_17;1.0
Urn_18;1.0
Urn_19;1.0
Urn_20;1.0
Urn_21;0.9989819810648478
Urn_22;1.0
Urn_23;0.9935316946959897
Urn_24;1.0
Urn_25;1.0
Urn_26;1.0000000000000007
Urn_27;1.0
Urn_28;1.0
Urn_29;1.0
Urn_30;1.0
Urn_31;1.0
Urn_32;1.0
Urn_33;1.0
Urn_34;1.0
Urn_35;1.0
Urn_36;1.0
Urn_37;0.9988584474885843
Urn_38;1.0
Urn_39;1.0
Urn_40;1.0
Urn_41;0.999066728884741
Urn_42;1.0
Urn_43;1.0
Urn_44;1.0
Urn_45;1.0
Urn_46;0.9985177865612647
Urn_47;1.0
Urn_48;1.0
Urn_49;0.9991744406835638
Urn_50;1.0
Urn_51;0.9994259471871412
Urn_52;1.0
Urn_53;1.0
Urn_54;1.0
Urn_55;1.0
Urn_56;1.0
Urn_57;1.0
Urn_58;1.0
Urn_59;1.0
Urn_60;1.0
Urn_61;1.0
Urn_62;1.0
Urn_63;1.0
Urn_64;1.0
Urn_65;1.0
Urn_66;1.0
Urn_67;0.9990904956798544
Urn_68;1.0
Urn_69;1.0000000000000002
Urn_70;1.0
Urn_71;1.0
Urn_72;1.0
Urn_73;1.0
Urn_74;1.0
Urn_75;1.0
Urn_76;0.9976278021587
Urn_77;1.0
Urn_78;1.0
Urn_79;1.0
Norm-Mallows_0;1.0
Norm-Mallows_1;1.0
Norm-Mallows_2;1.0
Norm-Mallows_3;1.0
Norm-Mallows_4;1.0
Norm-Mallows_5;1.0
Norm-Mallows_6;1.0
Norm-Mallows_7;0.9984550019312475
Norm-Mallows_8;0.9954792043399637
Norm-Mallows_9;1.0
Norm-Mallows_10;1.0
Norm-Mallows_11;0.9985632183908048
Norm-Mallows_12;1.0
Norm-Mallows_13;1.0
Norm-Mallows_14;0.9994117647058821
Norm-Mallows_15;1.0
Norm-Mallows_16;1.0
Norm-Mallows_17;1.0
Norm-Mallows_18;1.0
Norm-Mallows_19;1.0
Norm-Mallows_20;1.0
Norm-Mallows_21;1.0
Norm-Mallows_22;1.0
Norm-Mallows_23;1.0
Norm-Mallows_24;1.0
Norm-Mallows_25;1.0
Norm-Mallows_26;1.0
Norm-Mallows_27;1.0
Norm-Mallows_28;1.0
Norm-Mallows_29;1.0
Norm-Mallows_30;0.9985796761431597
Norm-Mallows_31;1.0
Norm-Mallows_32;1.0
Norm-Mallows_33;1.0
Norm-Mallows_34;0.99864956110736
Norm-Mallows_35;1.0
Norm-Mallows_36;1.0
Norm-Mallows_37;0.9987590683466974
Norm-Mallows_38;1.0
Norm-Mallows_39;1.0
Norm-Mallows_40;1.0
Norm-Mallows_41;1.0
Norm-Mallows_42;1.0
Norm-Mallows_43;1.0
Norm-Mallows_44;1.0
Norm-Mallows_45;1.0
Norm-Mallows_46;1.0
Norm-Mallows_47;1.0
Norm-Mallows_48;1.0
Norm-Mallows_49;1.0
Norm-Mallows_50;1.0
Norm-Mallows_51;1.0
Norm-Mallows_52;0.98981077147016
Norm-Mallows_53;1.0
Norm-Mallows_54;1.0
Norm-Mallows_55;1.0
Norm-Mallows_56;1.0
Norm-Mallows_57;1.0
Norm-Mallows_58;1.0
Norm-Mallows_59;1.0
Norm-Mallows_60;1.0
Norm-Mallows_61;1.0
Norm-Mallows_62;1.0
Norm-Mallows_63;1.0
Norm-Mallows_64;1.0
Norm-Mallows_65;1.0
Norm-Mallows_66;0.9989059080962801
Norm-Mallows_67;1.0
Norm-Mallows_68;1.0
Norm-Mallows_69;1.0
Norm-Mallows_70;1.0
Norm-Mallows_71;0.9955251709136109
Norm-Mallows_72;1.0
Norm-Mallows_73;1.0
Norm-Mallows_74;1.0
Norm-Mallows_75;1.0
Norm-Mallows_76;1.0
Norm-Mallows_77;1.0
Norm-Mallows_78;1.0
Norm-Mallows_79;1.0
ANID_0;None
ANID_1;None
ANID_2;None
ANID_3;None
ANID_4;None
ANID_5;None
ANID_6;None
ANID_7;None
ANID_8;None
ANID_9;None
ANID_10;None
ANID_11;None
ANID_12;None
ANID_13;None
ANID_14;None
ANID_15;None
ANID_16;None
ANID_17;None
ANID_18;None
ANID_19;None
STID_0;None
STID_1;None
STID_2;None
STID_3;None
STID_4;None
STID_5;None
STID_6;None
STID_7;None
STID_8;None
STID_9;None
STID_10;None
STID_11;None
STID_12;None
STID_13;None
STID_14;None
STID_15;None
STID_16;None
STID_17;None
STID_18;None
STID_19;None
ANUN_0;None
ANUN_1;None
ANUN_2;None
ANUN_3;None
ANUN_4;None
ANUN_5;None
ANUN_6;None
ANUN_7;None
ANUN_8;None
ANUN_9;None
ANUN_10;None
ANUN_11;None
ANUN_12;None
ANUN_13;None
ANUN_14;None
ANUN_15;None
ANUN_16;None
ANUN_17;None
ANUN_18;None
ANUN_19;None
STUN_0;None
STUN_1;None
STUN_2;None
STUN_3;None
STUN_4;None
STUN_5;None
STUN_6;None
STUN_7;None
STUN_8;None
STUN_9;None
STUN_10;None
STUN_11;None
STUN_12;None
STUN_13;None
STUN_14;None
STUN_15;None
STUN_16;None
STUN_17;None
STUN_18;None
STUN_19;None
