election_id;value
ID;None
UN;None
AN;None
ST;None
Impartial Culture_0;0.9924393573453744
Impartial Culture_1;0.9931872969290431
Impartial Culture_2;0.9905452253387961
Impartial Culture_3;0.9920318725099602
Impartial Culture_4;0.9950687231140489
Impartial Culture_5;0.9912934018671982
Impartial Culture_6;0.9923206395960446
Impartial Culture_7;0.9912686724174206
Impartial Culture_8;0.9927513394264104
Impartial Culture_9;0.9943372483221476
Impartial Culture_10;0.9950609499789828
Impartial Culture_11;0.9971611817895069
Impartial Culture_12;0.9944345269347895
Impartial Culture_13;0.9932723641332912
Impartial Culture_14;0.9942147891027664
Impartial Culture_15;0.9903523489932886
Impartial Culture_16;0.9948583420776496
Impartial Culture_17;0.9901374462280977
Impartial Culture_18;0.99275057785249
Impartial Culture_19;0.9977915658849511
SP by Conitzer_0;0.9972791963164503
SP by Conitzer_1;0.9990572954854928
SP by Conitzer_2;0.9978051839464883
SP by Conitzer_3;1.0
SP by Conitzer_4;0.9970705168445282
SP by Conitzer_5;0.9979013641133263
SP by Conitzer_6;0.9975981620718463
SP by Conitzer_7;0.9984307982006486
SP by Conitzer_8;0.9980104712041885
SP by Conitzer_9;0.9974884889074926
SP by Conitzer_10;0.9958246346555324
SP by Conitzer_11;0.9980164944148658
SP by Conitzer_12;0.9976927110644992
SP by Conitzer_13;0.9989536465418019
SP by Conitzer_14;0.9980191826522101
SP by Conitzer_15;0.9983279339533911
SP by Conitzer_16;0.9949769778149854
SP by Conitzer_17;0.9969715956558062
SP by Conitzer_18;0.9982191493819401
SP by Conitzer_19;0.9993761696818465
SP by Walsh_0;0.9996958020685459
SP by Walsh_1;0.9994918182742148
SP by Walsh_2;0.9998984874632018
SP by Walsh_3;0.9998984565393989
SP by Walsh_4;0.9995933719629968
SP by Walsh_5;0.9998984874632018
SP by Walsh_6;1.0
SP by Walsh_7;1.0
SP by Walsh_8;1.0
SP by Walsh_9;0.9997968305566842
SP by Walsh_10;1.0
SP by Walsh_11;0.9998984668494263
SP by Walsh_12;0.9998985183681753
SP by Walsh_13;1.0
SP by Walsh_14;0.9997971396693377
SP by Walsh_15;0.9996954623896052
SP by Walsh_16;1.0
SP by Walsh_17;0.9996951839057102
SP by Walsh_18;0.9998983429907492
SP by Walsh_19;0.9998984359130612
SPOC_0;0.9972800502144575
SPOC_1;0.9979127530786892
SPOC_2;0.9977042679745383
SPOC_3;0.9972811879117431
SPOC_4;0.9991664061685943
SPOC_5;0.9987439815783965
SPOC_6;0.9976941620375223
SPOC_7;0.9987454260324098
SPOC_8;0.9991637922023623
SPOC_9;0.9984307982006486
SPOC_10;0.9967539267015707
SPOC_11;0.9968553459119497
SPOC_12;0.9967556253270539
SPOC_13;0.9986421558387298
SPOC_14;0.997904662126768
SPOC_15;0.995502562493463
SPOC_16;0.9986422976501306
SPOC_17;0.9993713986380304
SPOC_18;0.9967647672719683
SPOC_19;0.998324958123953
Single-Crossing_0;1.0
Single-Crossing_1;1.0
Single-Crossing_2;1.0
Single-Crossing_3;1.0
Single-Crossing_4;1.0
Single-Crossing_5;1.0
Single-Crossing_6;1.0
Single-Crossing_7;1.0
Single-Crossing_8;1.0
Single-Crossing_9;1.0
Single-Crossing_10;1.0
Single-Crossing_11;1.0
Single-Crossing_12;1.0
Single-Crossing_13;1.0
Single-Crossing_14;1.0
Single-Crossing_15;1.0
Single-Crossing_16;1.0
Single-Crossing_17;1.0
Single-Crossing_18;1.0
Single-Crossing_19;1.0
1D Uniform_0;0.9984299769729956
1D Uniform_1;0.9993721222268732
1D Uniform_2;0.9985381643520935
1D Uniform_3;0.9984299769729956
1D Uniform_4;0.998125195292157
1D Uniform_5;0.9963526469362234
1D Uniform_6;0.9969725441069005
1D Uniform_7;0.9975938905743279
1D Uniform_8;0.9992691584882021
1D Uniform_9;0.99822454308094
1D Uniform_10;0.9993733681462141
1D Uniform_11;0.9963327745180218
1D Uniform_12;0.9975966562173458
1D Uniform_13;0.9984384759525297
1D Uniform_14;0.9982219433113692
1D Uniform_15;0.9982204543075474
1D Uniform_16;0.9994779158400334
1D Uniform_17;0.9980127601715302
1D Uniform_18;0.9960201089233347
1D Uniform_19;0.997799664710813
2D Uniform_0;0.9924906132665833
2D Uniform_1;0.9948819720075204
2D Uniform_2;0.9953071227448118
2D Uniform_3;0.9967704969267632
2D Uniform_4;0.9976046656946469
2D Uniform_5;0.9947829716193656
2D Uniform_6;0.9951194184839045
2D Uniform_7;0.9966642343375378
2D Uniform_8;0.994470526864893
2D Uniform_9;0.9949043261231281
2D Uniform_10;0.9952958394313193
2D Uniform_11;0.9981277303931766
2D Uniform_12;0.9959429938624779
2D Uniform_13;0.9945974025974026
2D Uniform_14;0.9979123173277662
2D Uniform_15;0.9951897939976995
2D Uniform_16;0.9966818747407714
2D Uniform_17;0.997185154295246
2D Uniform_18;0.9969829379941739
2D Uniform_19;0.9963457924410106
3D Uniform_0;0.9950867656282668
3D Uniform_1;0.9981232405380044
3D Uniform_2;0.9931221342225928
3D Uniform_3;0.9960338169293393
3D Uniform_4;0.9970860651472577
3D Uniform_5;0.9945805106826472
3D Uniform_6;0.9954185755935027
3D Uniform_7;0.9976051645147855
3D Uniform_8;0.9954066186449525
3D Uniform_9;0.9965671486528659
3D Uniform_10;0.9963450292397661
3D Uniform_11;0.9972989819239559
3D Uniform_12;0.9944820406038521
3D Uniform_13;0.9975018215884252
3D Uniform_14;0.9938554467819204
3D Uniform_15;0.9972854458133222
3D Uniform_16;0.9959336878323428
3D Uniform_17;0.9977059436913451
3D Uniform_18;0.9936392075078206
3D Uniform_19;0.9967678031487853
5D Uniform_0;0.996258962901382
5D Uniform_1;0.9949085619285121
5D Uniform_2;0.9939646201873049
5D Uniform_3;0.9935362802335279
5D Uniform_4;0.99718456725756
5D Uniform_5;0.9928147453920649
5D Uniform_6;0.9986471016755125
5D Uniform_7;0.9994791666666667
5D Uniform_8;0.9965703595926003
5D Uniform_9;0.9963609898107715
5D Uniform_10;0.9964649615304637
5D Uniform_11;0.9916822624246205
5D Uniform_12;0.9960416666666667
5D Uniform_13;0.9950191968454913
5D Uniform_14;0.9947916666666666
5D Uniform_15;0.9979199167966719
5D Uniform_16;0.996040016673614
5D Uniform_17;0.9985439417576704
5D Uniform_18;0.9963598543941757
5D Uniform_19;0.9961426188490409
10D Uniform_0;0.9983464241422075
10D Uniform_1;0.9983483018478373
10D Uniform_2;0.9979328165374677
10D Uniform_3;0.9992755123162906
10D Uniform_4;1.0
10D Uniform_5;0.9990710156895128
10D Uniform_6;0.9971017493013146
10D Uniform_7;0.994313482216708
10D Uniform_8;0.9994829903836211
10D Uniform_9;0.9987580211136411
10D Uniform_10;0.9972052582548391
10D Uniform_11;0.9983440281515215
10D Uniform_12;0.9969960638077481
10D Uniform_13;0.9923363711681856
10D Uniform_14;0.9992757371960683
10D Uniform_15;0.9986529893275308
10D Uniform_16;0.9965792474344356
10D Uniform_17;0.9951290289149135
10D Uniform_18;0.9976113822826878
10D Uniform_19;0.9942880880672967
20D Uniform_0;0.9979406919275123
20D Uniform_1;0.9998967901744246
20D Uniform_2;0.995562435500516
20D Uniform_3;0.9930799421607106
20D Uniform_4;0.9982423490488007
20D Uniform_5;0.9996903385631709
20D Uniform_6;1.0
20D Uniform_7;0.9998974464157522
20D Uniform_8;0.9996912627354122
20D Uniform_9;0.9950622363954326
20D Uniform_10;1.0
20D Uniform_11;0.9973198639315535
20D Uniform_12;0.9977190254017626
20D Uniform_13;0.9983505154639175
20D Uniform_14;0.9991714995857498
20D Uniform_15;0.9964777789288304
20D Uniform_16;0.9992793163801091
20D Uniform_17;1.0
20D Uniform_18;0.9974205530334296
20D Uniform_19;0.9987628865979381
2D Sphere_0;0.996341590885335
2D Sphere_1;0.9977078558032924
2D Sphere_2;0.9963335428451707
2D Sphere_3;0.9968714151632079
2D Sphere_4;0.9977009091859128
2D Sphere_5;0.9977078558032924
2D Sphere_6;0.998331769367115
2D Sphere_7;0.9986415882967608
2D Sphere_8;0.9967583394332322
2D Sphere_9;0.9968530368194692
2D Sphere_10;0.9974874371859297
2D Sphere_11;0.9986400251072288
2D Sphere_12;0.9971877929382356
2D Sphere_13;0.9970631424375918
2D Sphere_14;0.9957198037373421
2D Sphere_15;0.999478242721486
2D Sphere_16;0.9980204209210252
2D Sphere_17;0.9966565667119424
2D Sphere_18;0.995525494276795
2D Sphere_19;0.9959123781574258
3D Sphere_0;0.9939145944811667
3D Sphere_1;0.9921490631215325
3D Sphere_2;0.9950908711092542
3D Sphere_3;0.9975953998954522
3D Sphere_4;0.9958128336648173
3D Sphere_5;0.993427915710411
3D Sphere_6;0.9936038586557617
3D Sphere_7;0.9946691752900596
3D Sphere_8;0.9956112852664577
3D Sphere_9;0.9953974895397489
3D Sphere_10;0.992147419118417
3D Sphere_11;0.995195822454308
3D Sphere_12;0.9938271604938271
3D Sphere_13;0.9937402190923318
3D Sphere_14;0.9978061011282908
3D Sphere_15;0.9963454108802339
3D Sphere_16;0.993526832324076
3D Sphere_17;0.9961365772162473
3D Sphere_18;0.9959239130434783
3D Sphere_19;0.9947835159102765
5D Sphere_0;0.9941336685522733
5D Sphere_1;0.9910107661753946
5D Sphere_2;0.9929710449013848
5D Sphere_3;0.9937080536912751
5D Sphere_4;0.9900335711288292
5D Sphere_5;0.9960246887749764
5D Sphere_6;0.9934169278996865
5D Sphere_7;0.9895768188451115
5D Sphere_8;0.9939152328997063
5D Sphere_9;0.9955063224997387
5D Sphere_10;0.9946479168852975
5D Sphere_11;0.9953950811093668
5D Sphere_12;0.994343772912957
5D Sphere_13;0.9976924690581078
5D Sphere_14;0.9937205651491365
5D Sphere_15;0.9947676852239431
5D Sphere_16;0.9939362258233142
5D Sphere_17;0.9968543567159485
5D Sphere_18;0.9903685092127303
5D Sphere_19;0.9910751784964301
GS Balanced_0;0.9991655366642328
GS Balanced_1;0.9995831162063574
GS Balanced_2;0.9990609348914858
GS Balanced_3;0.9983270598076118
GS Balanced_4;0.9992694635775412
GS Balanced_5;0.9990601503759399
GS Balanced_6;0.9997910572503134
GS Balanced_7;0.9989545216936748
GS Balanced_8;0.9995806688332111
GS Balanced_9;0.998643006263048
GS Balanced_10;0.9984350547730829
GS Balanced_11;0.9991634424343825
GS Balanced_12;0.9992686239682373
GS Balanced_13;0.9990581833403097
GS Balanced_14;0.9998954630984738
GS Balanced_15;0.9989559406974317
GS Balanced_16;0.9993727130162049
GS Balanced_17;0.9986441385064664
GS Balanced_18;0.9971825106960243
GS Balanced_19;0.9983182678158503
GS Caterpillar_0;1.0
GS Caterpillar_1;1.0
GS Caterpillar_2;1.0
GS Caterpillar_3;1.0
GS Caterpillar_4;1.0
GS Caterpillar_5;1.0
GS Caterpillar_6;1.0
GS Caterpillar_7;1.0
GS Caterpillar_8;1.0
GS Caterpillar_9;1.0
GS Caterpillar_10;1.0
GS Caterpillar_11;1.0
GS Caterpillar_12;1.0
GS Caterpillar_13;1.0
GS Caterpillar_14;1.0
GS Caterpillar_15;1.0
GS Caterpillar_16;1.0
GS Caterpillar_17;1.0
GS Caterpillar_18;1.0
GS Caterpillar_19;1.0
Urn_0;1.0
Urn_1;1.0
Urn_2;1.0
Urn_3;0.9976602238046796
Urn_4;0.9998988673139159
Urn_5;0.9997971396693377
Urn_6;1.0
Urn_7;1.0
Urn_8;0.9996958637469586
Urn_9;1.0
Urn_10;1.0
Urn_11;1.0
Urn_12;1.0
Urn_13;1.0
Urn_14;0.9973550356052899
Urn_15;0.9992921427849125
Urn_16;0.9969543147208122
Urn_17;0.9998986623429267
Urn_18;1.0
Urn_19;0.997362012987013
Urn_20;1.0
Urn_21;0.9989822918786891
Urn_22;1.0
Urn_23;0.9975018215884252
Urn_24;1.0
Urn_25;0.9998987341772152
Urn_26;0.9997978777160182
Urn_27;0.9990875912408759
Urn_28;1.0
Urn_29;1.0
Urn_30;0.9969630327783013
Urn_31;1.0
Urn_32;1.0
Urn_33;1.0
Urn_34;1.0
Urn_35;1.0
Urn_36;1.0
Urn_37;0.9974186886938565
Urn_38;1.0
Urn_39;1.0
Urn_40;1.0
Urn_41;1.0
Urn_42;1.0
Urn_43;1.0
Urn_44;1.0
Urn_45;1.0
Urn_46;0.9991865785460091
Urn_47;1.0
Urn_48;1.0
Urn_49;1.0
Urn_50;1.0
Urn_51;0.9970195272353546
Urn_52;1.0
Urn_53;1.0
Urn_54;1.0
Urn_55;1.0
Urn_56;1.0
Urn_57;1.0
Urn_58;1.0
Urn_59;1.0
Urn_60;1.0
Urn_61;0.9972358722358723
Urn_62;1.0
Urn_63;1.0
Urn_64;1.0
Urn_65;1.0
Urn_66;0.9997968511934993
Urn_67;1.0
Urn_68;1.0
Urn_69;0.9991852530807618
Urn_70;0.9987862850207343
Urn_71;1.0
Urn_72;1.0
Urn_73;1.0
Urn_74;1.0
Urn_75;1.0
Urn_76;0.9968992248062015
Urn_77;1.0
Urn_78;1.0
Urn_79;1.0
Norm-Mallows_0;1.0
Norm-Mallows_1;0.9998981566350952
Norm-Mallows_2;0.9961859602102876
Norm-Mallows_3;0.9994850139046245
Norm-Mallows_4;0.9945199704921488
Norm-Mallows_5;1.0
Norm-Mallows_6;1.0
Norm-Mallows_7;0.99332707746846
Norm-Mallows_8;0.9926755257926128
Norm-Mallows_9;0.9990769230769231
Norm-Mallows_10;0.9992770088824623
Norm-Mallows_11;0.984873949579832
Norm-Mallows_12;0.9959648215209519
Norm-Mallows_13;0.9992807233867653
Norm-Mallows_14;0.9989576818845112
Norm-Mallows_15;0.9987745098039216
Norm-Mallows_16;1.0
Norm-Mallows_17;1.0
Norm-Mallows_18;1.0
Norm-Mallows_19;0.9995944849959448
Norm-Mallows_20;1.0
Norm-Mallows_21;0.9998974989749897
Norm-Mallows_22;1.0
Norm-Mallows_23;1.0
Norm-Mallows_24;0.9976264189886481
Norm-Mallows_25;0.9976332578719901
Norm-Mallows_26;1.0
Norm-Mallows_27;1.0
Norm-Mallows_28;1.0
Norm-Mallows_29;0.9968691296180339
Norm-Mallows_30;1.0
Norm-Mallows_31;1.0
Norm-Mallows_32;0.9971110193974412
Norm-Mallows_33;1.0
Norm-Mallows_34;0.9987408184679958
Norm-Mallows_35;0.9962236441833631
Norm-Mallows_36;1.0
Norm-Mallows_37;0.9980472764645426
Norm-Mallows_38;0.9988639884333368
Norm-Mallows_39;1.0
Norm-Mallows_40;1.0
Norm-Mallows_41;1.0
Norm-Mallows_42;0.9997939843428101
Norm-Mallows_43;0.9984559958826557
Norm-Mallows_44;1.0
Norm-Mallows_45;0.9992793905703109
Norm-Mallows_46;0.9998977609651365
Norm-Mallows_47;1.0
Norm-Mallows_48;1.0
Norm-Mallows_49;1.0
Norm-Mallows_50;0.999693971233296
Norm-Mallows_51;1.0
Norm-Mallows_52;0.9932780170150194
Norm-Mallows_53;1.0
Norm-Mallows_54;0.9991677070328756
Norm-Mallows_55;0.9994887525562373
Norm-Mallows_56;0.9998977818665031
Norm-Mallows_57;1.0
Norm-Mallows_58;0.9998981981064847
Norm-Mallows_59;0.9933040385017786
Norm-Mallows_60;0.9998976668031109
Norm-Mallows_61;1.0
Norm-Mallows_62;1.0
Norm-Mallows_63;1.0
Norm-Mallows_64;1.0
Norm-Mallows_65;1.0
Norm-Mallows_66;0.9950738916256158
Norm-Mallows_67;0.9966979671860489
Norm-Mallows_68;1.0
Norm-Mallows_69;0.9917060367454068
Norm-Mallows_70;1.0
Norm-Mallows_71;0.9974981757531534
Norm-Mallows_72;1.0
Norm-Mallows_73;0.9931830099632931
Norm-Mallows_74;0.9995908765469981
Norm-Mallows_75;1.0
Norm-Mallows_76;0.9993820166855495
Norm-Mallows_77;0.9996880848409233
Norm-Mallows_78;1.0
Norm-Mallows_79;0.998866797156691
ANID_0;None
ANID_1;None
ANID_2;None
ANID_3;None
ANID_4;None
ANID_5;None
ANID_6;None
ANID_7;None
ANID_8;None
ANID_9;None
ANID_10;None
ANID_11;None
ANID_12;None
ANID_13;None
ANID_14;None
ANID_15;None
ANID_16;None
ANID_17;None
ANID_18;None
ANID_19;None
STID_0;None
STID_1;None
STID_2;None
STID_3;None
STID_4;None
STID_5;None
STID_6;None
STID_7;None
STID_8;None
STID_9;None
STID_10;None
STID_11;None
STID_12;None
STID_13;None
STID_14;None
STID_15;None
STID_16;None
STID_17;None
STID_18;None
STID_19;None
ANUN_0;None
ANUN_1;None
ANUN_2;None
ANUN_3;None
ANUN_4;None
ANUN_5;None
ANUN_6;None
ANUN_7;None
ANUN_8;None
ANUN_9;None
ANUN_10;None
ANUN_11;None
ANUN_12;None
ANUN_13;None
ANUN_14;None
ANUN_15;None
ANUN_16;None
ANUN_17;None
ANUN_18;None
ANUN_19;None
STUN_0;None
STUN_1;None
STUN_2;None
STUN_3;None
STUN_4;None
STUN_5;None
STUN_6;None
STUN_7;None
STUN_8;None
STUN_9;None
STUN_10;None
STUN_11;None
STUN_12;None
STUN_13;None
STUN_14;None
STUN_15;None
STUN_16;None
STUN_17;None
STUN_18;None
STUN_19;None
