election_id;value
ID;None
UN;None
AN;None
ST;None
Impartial Culture_0;1.0
Impartial Culture_1;1.0
Impartial Culture_2;1.0004083253755378
Impartial Culture_3;1.0
Impartial Culture_4;1.0
Impartial Culture_5;1.0034142941426174
Impartial Culture_6;1.0008313853157613
Impartial Culture_7;1.0
Impartial Culture_8;1.0
Impartial Culture_9;1.0
Impartial Culture_10;1.0
Impartial Culture_11;1.0
Impartial Culture_12;1.0020550026814827
Impartial Culture_13;1.00248435848152
Impartial Culture_14;1.0
Impartial Culture_15;1.0
Impartial Culture_16;1.0
Impartial Culture_17;1.0000735417542652
Impartial Culture_18;1.0001857958911449
Impartial Culture_19;1.0009434230549379
SP by Conitzer_0;1.001246080641699
SP by Conitzer_1;1.0030158136263478
SP by Conitzer_2;1.0006148211974148
SP by Conitzer_3;1.0028835249225836
SP by Conitzer_4;1.0006140629232614
SP by Conitzer_5;1.0044883100796407
SP by Conitzer_6;1.0001061569821839
SP by Conitzer_7;1.0022304614148378
SP by Conitzer_8;1.0013505124869186
SP by Conitzer_9;1.001144913490369
SP by Conitzer_10;1.0010840037277633
SP by Conitzer_11;1.0033269592935856
SP by Conitzer_12;1.004005518230665
SP by Conitzer_13;1.0027883359296135
SP by Conitzer_14;1.0039247100827704
SP by Conitzer_15;1.0038573230014347
SP by Conitzer_16;1.0003026186344253
SP by Conitzer_17;1.0006346078536728
SP by Conitzer_18;1.00253580900056
SP by Conitzer_19;1.0002073697463683
SP by Walsh_0;1.0
SP by Walsh_1;1.0
SP by Walsh_2;1.0
SP by Walsh_3;1.0
SP by Walsh_4;1.0
SP by Walsh_5;1.0019884287502598
SP by Walsh_6;1.0
SP by Walsh_7;1.0
SP by Walsh_8;1.0
SP by Walsh_9;1.0
SP by Walsh_10;1.0
SP by Walsh_11;1.0
SP by Walsh_12;1.0
SP by Walsh_13;1.0
SP by Walsh_14;1.0
SP by Walsh_15;1.0
SP by Walsh_16;1.0
SP by Walsh_17;1.0
SP by Walsh_18;1.0005987637991287
SP by Walsh_19;1.0
SPOC_0;1.0005364356997164
SPOC_1;1.001854570178682
SPOC_2;1.0027294021078625
SPOC_3;1.0022300587162245
SPOC_4;1.0026687568299055
SPOC_5;1.003456574045394
SPOC_6;1.0022923637963186
SPOC_7;1.0007468993602153
SPOC_8;1.001860646831398
SPOC_9;1.0034075814043166
SPOC_10;1.0011364058176373
SPOC_11;1.001605836696895
SPOC_12;1.0047142004514389
SPOC_13;1.001388695535175
SPOC_14;1.003819760541425
SPOC_15;1.0041394283487186
SPOC_16;1.0019756823948618
SPOC_17;1.0044100098793436
SPOC_18;1.001358545186835
SPOC_19;1.0021187302448573
Single-Crossing_0;1.0012843951464399
Single-Crossing_1;1.0004188972212842
Single-Crossing_2;1.0
Single-Crossing_3;1.0
Single-Crossing_4;1.0
Single-Crossing_5;1.0044827760089776
Single-Crossing_6;1.0
Single-Crossing_7;1.0
Single-Crossing_8;1.0
Single-Crossing_9;1.0001476507897167
Single-Crossing_10;1.0
Single-Crossing_11;1.0027160320083939
Single-Crossing_12;1.0
Single-Crossing_13;1.0012195146805172
Single-Crossing_14;1.0
Single-Crossing_15;1.0
Single-Crossing_16;1.0
Single-Crossing_17;1.0039820641172414
Single-Crossing_18;1.0
Single-Crossing_19;1.0
1D Uniform_0;1.0024255347993767
1D Uniform_1;1.0024566620363606
1D Uniform_2;1.0032801150508508
1D Uniform_3;1.0014708577696239
1D Uniform_4;1.0039570329791005
1D Uniform_5;1.002201810190964
1D Uniform_6;1.003063917905905
1D Uniform_7;1.0003719434060732
1D Uniform_8;1.00198309526254
1D Uniform_9;1.0034149845577456
1D Uniform_10;1.0013874127963003
1D Uniform_11;1.003126205451642
1D Uniform_12;1.0071807229256686
1D Uniform_13;1.0056095597552288
1D Uniform_14;1.0023019612449675
1D Uniform_15;1.0025873703747283
1D Uniform_16;1.0049750283694663
1D Uniform_17;1.0062047977373085
1D Uniform_18;1.0022162462753286
1D Uniform_19;1.0032940905716068
2D Uniform_0;1.0044068205897525
2D Uniform_1;1.0072801804398446
2D Uniform_2;1.0040514046233178
2D Uniform_3;1.004388584222227
2D Uniform_4;1.0061612755586136
2D Uniform_5;1.0049854795089446
2D Uniform_6;1.0
2D Uniform_7;1.002580907824372
2D Uniform_8;1.0095980225324057
2D Uniform_9;1.008472251777319
2D Uniform_10;1.0048817689632081
2D Uniform_11;1.0070147831486551
2D Uniform_12;1.0020340642606944
2D Uniform_13;1.0028627889352846
2D Uniform_14;1.0086504183163922
2D Uniform_15;1.0039788862040528
2D Uniform_16;1.0032827982167605
2D Uniform_17;1.0010492363867263
2D Uniform_18;1.0045676602089635
2D Uniform_19;1.0025846870469017
3D Uniform_0;1.0
3D Uniform_1;1.0
3D Uniform_2;1.0
3D Uniform_3;1.0
3D Uniform_4;1.000358931966928
3D Uniform_5;1.0
3D Uniform_6;1.0
3D Uniform_7;1.0001788351103624
3D Uniform_8;1.0
3D Uniform_9;1.0
3D Uniform_10;1.0000949733953288
3D Uniform_11;1.0
3D Uniform_12;1.0011681732049058
3D Uniform_13;1.0016157609466092
3D Uniform_14;1.0002870203754757
3D Uniform_15;1.0
3D Uniform_16;1.0
3D Uniform_17;1.0
3D Uniform_18;1.0
3D Uniform_19;1.0
5D Uniform_0;1.0020058282995739
5D Uniform_1;1.0
5D Uniform_2;1.0
5D Uniform_3;1.0
5D Uniform_4;1.0
5D Uniform_5;1.0
5D Uniform_6;1.0
5D Uniform_7;1.0
5D Uniform_8;1.0
5D Uniform_9;1.0
5D Uniform_10;1.0
5D Uniform_11;1.0
5D Uniform_12;1.0
5D Uniform_13;1.0
5D Uniform_14;1.0
5D Uniform_15;1.0
5D Uniform_16;1.0
5D Uniform_17;1.0
5D Uniform_18;1.0
5D Uniform_19;1.0
10D Uniform_0;1.0
10D Uniform_1;1.0
10D Uniform_2;1.0
10D Uniform_3;1.0
10D Uniform_4;1.0
10D Uniform_5;1.0
10D Uniform_6;1.0
10D Uniform_7;1.0
10D Uniform_8;1.0
10D Uniform_9;1.0
10D Uniform_10;1.0
10D Uniform_11;1.0
10D Uniform_12;1.0
10D Uniform_13;1.0
10D Uniform_14;1.0
10D Uniform_15;1.0
10D Uniform_16;1.0
10D Uniform_17;1.0
10D Uniform_18;1.0
10D Uniform_19;1.0011670541360729
20D Uniform_0;1.0
20D Uniform_1;1.0
20D Uniform_2;1.0
20D Uniform_3;1.0
20D Uniform_4;1.0
20D Uniform_5;1.0
20D Uniform_6;1.0
20D Uniform_7;1.0
20D Uniform_8;1.0
20D Uniform_9;1.0
20D Uniform_10;1.0
20D Uniform_11;1.0
20D Uniform_12;1.0
20D Uniform_13;1.0
20D Uniform_14;1.0
20D Uniform_15;1.0
20D Uniform_16;1.0
20D Uniform_17;1.0013491554791658
20D Uniform_18;1.0
20D Uniform_19;1.0
2D Sphere_0;1.002427720332291
2D Sphere_1;1.0026246124105327
2D Sphere_2;1.0040508806365396
2D Sphere_3;1.0033064063411552
2D Sphere_4;1.0039070455236372
2D Sphere_5;1.0021873227193097
2D Sphere_6;1.0021749367130863
2D Sphere_7;1.0008835684278008
2D Sphere_8;1.0017586969218275
2D Sphere_9;1.0039986682191244
2D Sphere_10;1.0006253977452981
2D Sphere_11;1.0045010714453695
2D Sphere_12;1.0005833246921187
2D Sphere_13;1.0010531879345548
2D Sphere_14;1.0024041308117506
2D Sphere_15;1.0017656995592137
2D Sphere_16;1.005543005160204
2D Sphere_17;1.0025842185903533
2D Sphere_18;1.0016977135869864
2D Sphere_19;1.0023301659224773
3D Sphere_0;1.0025130795209989
3D Sphere_1;1.0049578267792059
3D Sphere_2;1.0064486402276462
3D Sphere_3;1.0034774661217896
3D Sphere_4;1.0042661580841332
3D Sphere_5;1.0022020554412931
3D Sphere_6;1.0049896190397565
3D Sphere_7;1.0030462064866383
3D Sphere_8;1.0021471516327898
3D Sphere_9;1.0029748127865272
3D Sphere_10;1.0044325487994443
3D Sphere_11;1.0060665479791695
3D Sphere_12;1.0056762764989713
3D Sphere_13;1.003001050040369
3D Sphere_14;1.0052238327337992
3D Sphere_15;1.004867971695588
3D Sphere_16;1.003520559725234
3D Sphere_17;1.0035738573998059
3D Sphere_18;1.0035396549270206
3D Sphere_19;1.0032357262519602
5D Sphere_0;1.0060687406779223
5D Sphere_1;1.0043408932291016
5D Sphere_2;1.0043354375591378
5D Sphere_3;1.0055008595230575
5D Sphere_4;1.0037601238554867
5D Sphere_5;1.0073656926881158
5D Sphere_6;1.003431271520207
5D Sphere_7;1.0040789297477453
5D Sphere_8;1.0048407019996504
5D Sphere_9;1.0044548689821633
5D Sphere_10;1.0038603906889472
5D Sphere_11;1.0047195691843478
5D Sphere_12;1.0025724678642955
5D Sphere_13;1.0078585114713343
5D Sphere_14;1.0053124449929207
5D Sphere_15;1.003538755270993
5D Sphere_16;1.0026057250983347
5D Sphere_17;1.0080192005031487
5D Sphere_18;1.005880918531197
5D Sphere_19;1.0046155514887485
GS Balanced_0;1.000214607859975
GS Balanced_1;1.0003109683975082
GS Balanced_2;1.0007179145152791
GS Balanced_3;1.0000067697221469
GS Balanced_4;1.000675670578482
GS Balanced_5;1.0000191605872526
GS Balanced_6;1.0003011368062245
GS Balanced_7;1.0008210245226772
GS Balanced_8;1.0
GS Balanced_9;1.0004241355666568
GS Balanced_10;1.000657491042161
GS Balanced_11;1.0
GS Balanced_12;1.0
GS Balanced_13;1.000169263658022
GS Balanced_14;1.0000098245775697
GS Balanced_15;1.0
GS Balanced_16;1.0002410376429935
GS Balanced_17;1.0012192401762554
GS Balanced_18;1.0003689572264578
GS Balanced_19;1.0001693161790512
GS Caterpillar_0;1.0
GS Caterpillar_1;1.0
GS Caterpillar_2;1.0
GS Caterpillar_3;1.0
GS Caterpillar_4;1.0
GS Caterpillar_5;1.0
GS Caterpillar_6;1.0
GS Caterpillar_7;1.0
GS Caterpillar_8;1.0
GS Caterpillar_9;1.0
GS Caterpillar_10;1.0
GS Caterpillar_11;1.0
GS Caterpillar_12;1.0
GS Caterpillar_13;1.0
GS Caterpillar_14;1.002626134412936
GS Caterpillar_15;1.0
GS Caterpillar_16;1.0
GS Caterpillar_17;1.0
GS Caterpillar_18;1.0
GS Caterpillar_19;1.0
Urn_0;1.0
Urn_1;1.0
Urn_2;1.0028815849726411
Urn_3;1.0
Urn_4;1.0
Urn_5;1.0
Urn_6;1.0
Urn_7;1.0
Urn_8;1.0
Urn_9;1.0
Urn_10;1.0
Urn_11;1.0
Urn_12;1.0
Urn_13;1.0
Urn_14;1.0
Urn_15;1.0
Urn_16;1.0
Urn_17;1.0
Urn_18;1.0
Urn_19;1.0
Urn_20;1.0
Urn_21;1.0
Urn_22;1.0
Urn_23;1.0
Urn_24;1.0
Urn_25;1.0
Urn_26;1.0
Urn_27;1.0
Urn_28;1.0
Urn_29;1.0
Urn_30;1.0
Urn_31;1.0
Urn_32;1.0
Urn_33;1.000748642665318
Urn_34;1.0
Urn_35;1.0
Urn_36;1.0
Urn_37;1.0
Urn_38;1.0
Urn_39;1.0
Urn_40;1.0
Urn_41;1.0
Urn_42;1.0
Urn_43;1.0
Urn_44;1.0
Urn_45;1.0
Urn_46;1.0
Urn_47;1.0
Urn_48;1.0
Urn_49;1.0
Urn_50;1.0
Urn_51;1.0
Urn_52;1.0
Urn_53;1.0
Urn_54;1.0
Urn_55;1.0
Urn_56;1.0
Urn_57;1.0
Urn_58;1.0
Urn_59;1.0
Urn_60;1.0
Urn_61;1.0
Urn_62;1.0
Urn_63;1.0
Urn_64;1.0
Urn_65;1.000513998903135
Urn_66;1.001404547977739
Urn_67;1.0
Urn_68;1.0
Urn_69;1.0
Urn_70;1.0
Urn_71;1.001398657083179
Urn_72;1.0
Urn_73;1.0
Urn_74;1.0
Urn_75;1.0
Urn_76;1.0004514047244404
Urn_77;1.0033795162449057
Urn_78;1.0
Urn_79;1.0
Norm-Mallows_0;1.0
Norm-Mallows_1;1.0
Norm-Mallows_2;1.0
Norm-Mallows_3;1.0
Norm-Mallows_4;1.0005083915535498
Norm-Mallows_5;1.0
Norm-Mallows_6;1.0
Norm-Mallows_7;1.0
Norm-Mallows_8;1.0
Norm-Mallows_9;1.0
Norm-Mallows_10;1.0
Norm-Mallows_11;1.0
Norm-Mallows_12;1.0
Norm-Mallows_13;1.0
Norm-Mallows_14;1.0
Norm-Mallows_15;1.0
Norm-Mallows_16;1.0
Norm-Mallows_17;1.0
Norm-Mallows_18;1.0
Norm-Mallows_19;1.0
Norm-Mallows_20;1.0
Norm-Mallows_21;1.0
Norm-Mallows_22;1.0
Norm-Mallows_23;1.0
Norm-Mallows_24;1.0
Norm-Mallows_25;1.0
Norm-Mallows_26;1.0
Norm-Mallows_27;1.0
Norm-Mallows_28;1.0
Norm-Mallows_29;1.0
Norm-Mallows_30;1.0
Norm-Mallows_31;1.0
Norm-Mallows_32;1.0
Norm-Mallows_33;1.0
Norm-Mallows_34;1.0
Norm-Mallows_35;1.003476513210829
Norm-Mallows_36;1.0
Norm-Mallows_37;1.0
Norm-Mallows_38;1.0
Norm-Mallows_39;1.0
Norm-Mallows_40;1.0
Norm-Mallows_41;1.0
Norm-Mallows_42;1.0
Norm-Mallows_43;1.0
Norm-Mallows_44;1.0
Norm-Mallows_45;1.0
Norm-Mallows_46;1.0
Norm-Mallows_47;1.0
Norm-Mallows_48;1.000420598843566
Norm-Mallows_49;1.0
Norm-Mallows_50;1.0
Norm-Mallows_51;1.0
Norm-Mallows_52;1.002766063327332
Norm-Mallows_53;1.0
Norm-Mallows_54;1.0
Norm-Mallows_55;1.0
Norm-Mallows_56;1.0
Norm-Mallows_57;1.0
Norm-Mallows_58;1.0
Norm-Mallows_59;1.0
Norm-Mallows_60;1.0
Norm-Mallows_61;1.0
Norm-Mallows_62;1.0
Norm-Mallows_63;1.0
Norm-Mallows_64;1.0
Norm-Mallows_65;1.0
Norm-Mallows_66;1.0
Norm-Mallows_67;1.000726418804511
Norm-Mallows_68;1.0
Norm-Mallows_69;1.0
Norm-Mallows_70;1.0
Norm-Mallows_71;1.0008770492878296
Norm-Mallows_72;1.0
Norm-Mallows_73;1.0
Norm-Mallows_74;1.0
Norm-Mallows_75;1.0
Norm-Mallows_76;1.0
Norm-Mallows_77;1.0
Norm-Mallows_78;1.0
Norm-Mallows_79;1.0
ANID_0;None
ANID_1;None
ANID_2;None
ANID_3;None
ANID_4;None
ANID_5;None
ANID_6;None
ANID_7;None
ANID_8;None
ANID_9;None
ANID_10;None
ANID_11;None
ANID_12;None
ANID_13;None
ANID_14;None
ANID_15;None
ANID_16;None
ANID_17;None
ANID_18;None
ANID_19;None
STID_0;None
STID_1;None
STID_2;None
STID_3;None
STID_4;None
STID_5;None
STID_6;None
STID_7;None
STID_8;None
STID_9;None
STID_10;None
STID_11;None
STID_12;None
STID_13;None
STID_14;None
STID_15;None
STID_16;None
STID_17;None
STID_18;None
STID_19;None
ANUN_0;None
ANUN_1;None
ANUN_2;None
ANUN_3;None
ANUN_4;None
ANUN_5;None
ANUN_6;None
ANUN_7;None
ANUN_8;None
ANUN_9;None
ANUN_10;None
ANUN_11;None
ANUN_12;None
ANUN_13;None
ANUN_14;None
ANUN_15;None
ANUN_16;None
ANUN_17;None
ANUN_18;None
ANUN_19;None
STUN_0;None
STUN_1;None
STUN_2;None
STUN_3;None
STUN_4;None
STUN_5;None
STUN_6;None
STUN_7;None
STUN_8;None
STUN_9;None
STUN_10;None
STUN_11;None
STUN_12;None
STUN_13;None
STUN_14;None
STUN_15;None
STUN_16;None
STUN_17;None
STUN_18;None
STUN_19;None
