election_id;value
ID;None
UN;None
AN;None
ST;None
Impartial Culture_0;1.0
Impartial Culture_1;1.0
Impartial Culture_2;1.0009373117007743
Impartial Culture_3;1.0044736904395577
Impartial Culture_4;1.0
Impartial Culture_5;1.0
Impartial Culture_6;1.001448742123902
Impartial Culture_7;1.0
Impartial Culture_8;1.0002889113088143
Impartial Culture_9;1.0
Impartial Culture_10;1.0
Impartial Culture_11;1.003804520132252
Impartial Culture_12;1.0
Impartial Culture_13;1.0043170397441756
Impartial Culture_14;1.0
Impartial Culture_15;1.004602514362456
Impartial Culture_16;1.0014266950495947
Impartial Culture_17;1.003770451332002
Impartial Culture_18;1.0
Impartial Culture_19;1.0023812223608124
SP by Conitzer_0;1.0009457329430307
SP by Conitzer_1;1.002858828334165
SP by Conitzer_2;1.0009325044404973
SP by Conitzer_3;1.0
SP by Conitzer_4;1.001868493638224
SP by Conitzer_5;1.0046712340955604
SP by Conitzer_6;1.0057340493310272
SP by Conitzer_7;0.9999999999999999
SP by Conitzer_8;1.0
SP by Conitzer_9;1.0009403967578714
SP by Conitzer_10;1.0056370794559768
SP by Conitzer_11;1.0018807935157406
SP by Conitzer_12;1.0084556191839655
SP by Conitzer_13;1.0
SP by Conitzer_14;1.0
SP by Conitzer_15;1.008408221372008
SP by Conitzer_16;1.0028561066279809
SP by Conitzer_17;1.0
SP by Conitzer_18;1.0028185397279885
SP by Conitzer_19;1.0
SP by Walsh_0;1.0
SP by Walsh_1;1.0
SP by Walsh_2;1.0
SP by Walsh_3;1.0
SP by Walsh_4;1.0
SP by Walsh_5;1.0
SP by Walsh_6;1.0
SP by Walsh_7;1.0
SP by Walsh_8;1.0
SP by Walsh_9;1.0
SP by Walsh_10;1.0
SP by Walsh_11;1.0
SP by Walsh_12;1.0
SP by Walsh_13;1.0
SP by Walsh_14;1.0
SP by Walsh_15;1.0
SP by Walsh_16;1.0
SP by Walsh_17;1.0
SP by Walsh_18;1.002019774554688
SP by Walsh_19;1.0
SPOC_0;1.0
SPOC_1;1.000938631386046
SPOC_2;0.9999999999999999
SPOC_3;1.0
SPOC_4;0.9999999999999999
SPOC_5;1.0
SPOC_6;1.0027189158862369
SPOC_7;1.0
SPOC_8;1.0000000000000002
SPOC_9;1.0027871173243676
SPOC_10;1.0054875658725666
SPOC_11;1.0027488110301495
SPOC_12;1.0111174835664176
SPOC_13;1.0000000000000002
SPOC_14;1.0
SPOC_15;1.0027462946817784
SPOC_16;1.0055127756387823
SPOC_17;1.0027640064932215
SPOC_18;1.0
SPOC_19;1.0
Single-Crossing_0;1.0
Single-Crossing_1;1.0
Single-Crossing_2;1.0
Single-Crossing_3;1.0
Single-Crossing_4;1.0
Single-Crossing_5;1.0001686110464316
Single-Crossing_6;1.0032739603227185
Single-Crossing_7;1.0
Single-Crossing_8;1.0
Single-Crossing_9;1.0
Single-Crossing_10;1.0
Single-Crossing_11;1.0
Single-Crossing_12;1.0
Single-Crossing_13;1.0
Single-Crossing_14;1.0
Single-Crossing_15;1.0
Single-Crossing_16;1.0
Single-Crossing_17;1.0
Single-Crossing_18;1.0
Single-Crossing_19;1.0
1D Uniform_0;1.0
1D Uniform_1;1.0
1D Uniform_2;1.0028106178898057
1D Uniform_3;0.9999999999999997
1D Uniform_4;0.9999999999999999
1D Uniform_5;1.0009724022967217
1D Uniform_6;1.0
1D Uniform_7;1.0018719914423249
1D Uniform_8;1.0057949684956078
1D Uniform_9;1.0
1D Uniform_10;1.0009475251545366
1D Uniform_11;1.0
1D Uniform_12;1.0
1D Uniform_13;1.0
1D Uniform_14;1.0
1D Uniform_15;1.0
1D Uniform_16;1.0
1D Uniform_17;1.0
1D Uniform_18;1.0027871173243674
1D Uniform_19;1.0
2D Uniform_0;0.9999999999999997
2D Uniform_1;1.0038558641266924
2D Uniform_2;1.001942915298145
2D Uniform_3;1.0
2D Uniform_4;1.0
2D Uniform_5;1.0
2D Uniform_6;1.0000000000000002
2D Uniform_7;1.0
2D Uniform_8;1.0024333719582852
2D Uniform_9;1.0
2D Uniform_10;1.0037793575092235
2D Uniform_11;1.0029780193807611
2D Uniform_12;1.0010066631513348
2D Uniform_13;1.003870789364545
2D Uniform_14;1.0038896091868865
2D Uniform_15;1.0048059318930793
2D Uniform_16;1.004458178044063
2D Uniform_17;1.0
2D Uniform_18;1.0020062576130313
2D Uniform_19;0.9999999999999999
3D Uniform_0;1.005416686207382
3D Uniform_1;1.0
3D Uniform_2;1.0009897257045903
3D Uniform_3;1.0009858229274247
3D Uniform_4;1.0010086939814593
3D Uniform_5;1.000993166071555
3D Uniform_6;1.004047022547697
3D Uniform_7;1.0025736555713511
3D Uniform_8;1.005868653935724
3D Uniform_9;1.000490253297537
3D Uniform_10;1.0014890096903803
3D Uniform_11;1.0000000000000004
3D Uniform_12;1.000205300667716
3D Uniform_13;1.005123575767926
3D Uniform_14;1.0025141269993292
3D Uniform_15;1.0004960903356879
3D Uniform_16;1.0
3D Uniform_17;1.0034882065397943
3D Uniform_18;1.0023429200642242
3D Uniform_19;1.0021992270290487
5D Uniform_0;1.0
5D Uniform_1;1.0050800872930907
5D Uniform_2;1.0
5D Uniform_3;1.0017151257758898
5D Uniform_4;1.001143830495214
5D Uniform_5;1.0010579984684214
5D Uniform_6;1.0
5D Uniform_7;1.0013445295377867
5D Uniform_8;1.0
5D Uniform_9;1.005227888166886
5D Uniform_10;1.0
5D Uniform_11;1.0
5D Uniform_12;1.0
5D Uniform_13;1.0
5D Uniform_14;1.004224395886243
5D Uniform_15;1.0
5D Uniform_16;1.0
5D Uniform_17;1.0
5D Uniform_18;1.0
5D Uniform_19;1.004623750614452
10D Uniform_0;1.0031282026837
10D Uniform_1;1.0006599437311134
10D Uniform_2;1.0030592979348278
10D Uniform_3;1.0042953338034157
10D Uniform_4;1.0
10D Uniform_5;1.0
10D Uniform_6;1.0081155935332888
10D Uniform_7;1.000954675637587
10D Uniform_8;1.0008025857456408
10D Uniform_9;1.0
10D Uniform_10;1.0
10D Uniform_11;1.0
10D Uniform_12;1.0
10D Uniform_13;1.0
10D Uniform_14;1.0
10D Uniform_15;1.0
10D Uniform_16;1.0
10D Uniform_17;1.0
10D Uniform_18;1.0009944960693726
10D Uniform_19;1.0036529439671078
20D Uniform_0;1.0
20D Uniform_1;1.001834905138317
20D Uniform_2;1.0
20D Uniform_3;1.0
20D Uniform_4;1.0
20D Uniform_5;1.0
20D Uniform_6;1.0
20D Uniform_7;1.0
20D Uniform_8;1.0001277986380317
20D Uniform_9;1.0
20D Uniform_10;1.0
20D Uniform_11;1.0
20D Uniform_12;1.0
20D Uniform_13;1.0020477463318385
20D Uniform_14;1.0
20D Uniform_15;1.0
20D Uniform_16;1.0
20D Uniform_17;1.0
20D Uniform_18;1.0
20D Uniform_19;1.0
2D Sphere_0;1.00190588555611
2D Sphere_1;1.0
2D Sphere_2;1.0027793708916042
2D Sphere_3;1.0
2D Sphere_4;1.0028106178898055
2D Sphere_5;1.0056797692030295
2D Sphere_6;1.0009290391081225
2D Sphere_7;1.0027949070582494
2D Sphere_8;1.0
2D Sphere_9;1.002771667399912
2D Sphere_10;0.9999999999999997
2D Sphere_11;1.0027793708916046
2D Sphere_12;1.0
2D Sphere_13;1.0
2D Sphere_14;1.0
2D Sphere_15;1.0
2D Sphere_16;1.0
2D Sphere_17;1.0000000000000002
2D Sphere_18;0.9999999999999999
2D Sphere_19;1.0
3D Sphere_0;1.001847778266608
3D Sphere_1;1.0
3D Sphere_2;1.0082920194796647
3D Sphere_3;1.0065951814796539
3D Sphere_4;1.0
3D Sphere_5;1.0085561013151045
3D Sphere_6;1.0037196120975953
3D Sphere_7;1.002741275781046
3D Sphere_8;1.0037580529706513
3D Sphere_9;1.002815894158137
3D Sphere_10;1.0009316356860831
3D Sphere_11;1.0
3D Sphere_12;1.0091209173036833
3D Sphere_13;1.0000000000000002
3D Sphere_14;1.0000000000000002
3D Sphere_15;1.0
3D Sphere_16;1.0
3D Sphere_17;1.0045813517169158
3D Sphere_18;1.0
3D Sphere_19;1.0019168454201086
5D Sphere_0;1.0009316356860831
5D Sphere_1;1.0037580529706513
5D Sphere_2;1.0
5D Sphere_3;1.0
5D Sphere_4;1.0014287334164869
5D Sphere_5;1.0000000000000002
5D Sphere_6;1.0028425754636103
5D Sphere_7;1.0000000000000002
5D Sphere_8;1.0
5D Sphere_9;1.0019251483968554
5D Sphere_10;1.001842670995481
5D Sphere_11;1.003844745514464
5D Sphere_12;1.0
5D Sphere_13;1.0075231740629618
5D Sphere_14;1.0037334992666345
5D Sphere_15;1.0052138584809842
5D Sphere_16;1.0
5D Sphere_17;1.0018986483432035
5D Sphere_18;1.0
5D Sphere_19;1.0018719914423246
GS Balanced_0;1.0
GS Balanced_1;1.0
GS Balanced_2;1.0
GS Balanced_3;0.9999999999999999
GS Balanced_4;1.0
GS Balanced_5;1.0
GS Balanced_6;0.9999999999999996
GS Balanced_7;0.9999999999999993
GS Balanced_8;1.0
GS Balanced_9;1.0
GS Balanced_10;1.0
GS Balanced_11;1.0
GS Balanced_12;1.0000000000000002
GS Balanced_13;1.0
GS Balanced_14;1.0
GS Balanced_15;0.999999999999999
GS Balanced_16;1.0
GS Balanced_17;1.0
GS Balanced_18;1.0
GS Balanced_19;1.0
GS Caterpillar_0;1.0
GS Caterpillar_1;1.0
GS Caterpillar_2;1.0
GS Caterpillar_3;1.0
GS Caterpillar_4;1.0
GS Caterpillar_5;1.0
GS Caterpillar_6;1.0
GS Caterpillar_7;1.00060385122895
GS Caterpillar_8;1.0001953263726118
GS Caterpillar_9;1.0
GS Caterpillar_10;1.0
GS Caterpillar_11;1.0
GS Caterpillar_12;1.0
GS Caterpillar_13;1.0
GS Caterpillar_14;1.0
GS Caterpillar_15;1.0
GS Caterpillar_16;1.000120613439956
GS Caterpillar_17;1.0
GS Caterpillar_18;1.0
GS Caterpillar_19;1.0
Urn_0;1.0
Urn_1;1.0
Urn_2;1.0
Urn_3;1.0
Urn_4;1.0089568153545405
Urn_5;1.0
Urn_6;1.0
Urn_7;1.0
Urn_8;1.0005853250644556
Urn_9;1.0
Urn_10;1.0
Urn_11;1.0
Urn_12;1.0
Urn_13;1.0
Urn_14;1.0
Urn_15;1.0
Urn_16;1.0007895973680088
Urn_17;1.0
Urn_18;1.0
Urn_19;1.0
Urn_20;1.0
Urn_21;1.0012901878144835
Urn_22;1.0
Urn_23;1.0050793343653255
Urn_24;1.0
Urn_25;1.0
Urn_26;0.9999999999999999
Urn_27;1.0
Urn_28;1.0
Urn_29;1.0
Urn_30;1.0
Urn_31;1.0
Urn_32;1.0
Urn_33;1.0
Urn_34;1.0
Urn_35;1.0
Urn_36;1.0
Urn_37;1.001134583175752
Urn_38;1.0
Urn_39;1.0
Urn_40;1.0
Urn_41;1.0014579789634463
Urn_42;1.0
Urn_43;1.0
Urn_44;1.0
Urn_45;1.0
Urn_46;1.0020123937903278
Urn_47;1.0
Urn_48;1.0
Urn_49;1.0018312303251746
Urn_50;1.0
Urn_51;1.0005640915439995
Urn_52;1.0
Urn_53;1.0
Urn_54;1.0
Urn_55;1.0
Urn_56;1.0
Urn_57;1.0
Urn_58;1.0
Urn_59;1.0
Urn_60;1.0
Urn_61;1.0
Urn_62;1.0
Urn_63;1.0
Urn_64;1.0
Urn_65;1.0
Urn_66;1.0
Urn_67;1.0015200318482862
Urn_68;1.0
Urn_69;1.0000000000000002
Urn_70;1.0
Urn_71;1.0
Urn_72;1.0
Urn_73;1.0
Urn_74;1.0
Urn_75;1.0
Urn_76;1.0021875113932885
Urn_77;1.0
Urn_78;1.0
Urn_79;1.0
Norm-Mallows_0;1.0
Norm-Mallows_1;1.0
Norm-Mallows_2;1.0
Norm-Mallows_3;1.0
Norm-Mallows_4;1.0
Norm-Mallows_5;1.0
Norm-Mallows_6;1.0
Norm-Mallows_7;1.001223639550749
Norm-Mallows_8;1.0035598736850264
Norm-Mallows_9;1.0
Norm-Mallows_10;1.0
Norm-Mallows_11;1.0009421687828082
Norm-Mallows_12;1.0
Norm-Mallows_13;1.0
Norm-Mallows_14;1.0005510364733665
Norm-Mallows_15;1.0
Norm-Mallows_16;1.0
Norm-Mallows_17;1.0
Norm-Mallows_18;1.0
Norm-Mallows_19;1.0
Norm-Mallows_20;1.0
Norm-Mallows_21;1.0
Norm-Mallows_22;1.0
Norm-Mallows_23;1.0
Norm-Mallows_24;1.0
Norm-Mallows_25;1.0
Norm-Mallows_26;1.0
Norm-Mallows_27;1.0
Norm-Mallows_28;1.0
Norm-Mallows_29;1.0
Norm-Mallows_30;1.003424404310775
Norm-Mallows_31;1.0
Norm-Mallows_32;1.0
Norm-Mallows_33;1.0
Norm-Mallows_34;1.0009833992835233
Norm-Mallows_35;1.0
Norm-Mallows_36;1.0
Norm-Mallows_37;1.0018315509815237
Norm-Mallows_38;1.0
Norm-Mallows_39;1.0
Norm-Mallows_40;1.0
Norm-Mallows_41;1.0
Norm-Mallows_42;1.0
Norm-Mallows_43;1.0
Norm-Mallows_44;1.0
Norm-Mallows_45;1.0
Norm-Mallows_46;1.0
Norm-Mallows_47;1.0
Norm-Mallows_48;1.0
Norm-Mallows_49;1.0
Norm-Mallows_50;1.0
Norm-Mallows_51;1.0
Norm-Mallows_52;1.006539727733784
Norm-Mallows_53;1.0
Norm-Mallows_54;1.0
Norm-Mallows_55;1.0
Norm-Mallows_56;1.0
Norm-Mallows_57;1.0
Norm-Mallows_58;1.0
Norm-Mallows_59;1.0
Norm-Mallows_60;1.0
Norm-Mallows_61;1.0
Norm-Mallows_62;1.0
Norm-Mallows_63;1.0
Norm-Mallows_64;1.0
Norm-Mallows_65;1.0
Norm-Mallows_66;1.0007795896017602
Norm-Mallows_67;1.0
Norm-Mallows_68;1.0
Norm-Mallows_69;1.0
Norm-Mallows_70;1.0
Norm-Mallows_71;1.0037780165413157
Norm-Mallows_72;1.0
Norm-Mallows_73;1.0
Norm-Mallows_74;1.0
Norm-Mallows_75;1.0
Norm-Mallows_76;1.0
Norm-Mallows_77;1.0
Norm-Mallows_78;1.0
Norm-Mallows_79;1.0
ANID_0;None
ANID_1;None
ANID_2;None
ANID_3;None
ANID_4;None
ANID_5;None
ANID_6;None
ANID_7;None
ANID_8;None
ANID_9;None
ANID_10;None
ANID_11;None
ANID_12;None
ANID_13;None
ANID_14;None
ANID_15;None
ANID_16;None
ANID_17;None
ANID_18;None
ANID_19;None
STID_0;None
STID_1;None
STID_2;None
STID_3;None
STID_4;None
STID_5;None
STID_6;None
STID_7;None
STID_8;None
STID_9;None
STID_10;None
STID_11;None
STID_12;None
STID_13;None
STID_14;None
STID_15;None
STID_16;None
STID_17;None
STID_18;None
STID_19;None
ANUN_0;None
ANUN_1;None
ANUN_2;None
ANUN_3;None
ANUN_4;None
ANUN_5;None
ANUN_6;None
ANUN_7;None
ANUN_8;None
ANUN_9;None
ANUN_10;None
ANUN_11;None
ANUN_12;None
ANUN_13;None
ANUN_14;None
ANUN_15;None
ANUN_16;None
ANUN_17;None
ANUN_18;None
ANUN_19;None
STUN_0;None
STUN_1;None
STUN_2;None
STUN_3;None
STUN_4;None
STUN_5;None
STUN_6;None
STUN_7;None
STUN_8;None
STUN_9;None
STUN_10;None
STUN_11;None
STUN_12;None
STUN_13;None
STUN_14;None
STUN_15;None
STUN_16;None
STUN_17;None
STUN_18;None
STUN_19;None
