instance_id;x;y
ID;2.03418;0.41302
UN;0.4731;0.41302
AN;0.81169;-0.5322
ST;1.60779;-0.49856
Impartial Culture_0;0.59128;0.36842
Impartial Culture_1;0.60492;0.29279
Impartial Culture_2;0.68277;0.30527
Impartial Culture_3;0.50994;0.22693
Impartial Culture_4;0.54853;0.36894
Impartial Culture_5;0.64192;0.27804
Impartial Culture_6;0.63747;0.22927
Impartial Culture_7;0.59631;0.33332
Impartial Culture_8;0.74385;0.24701
Impartial Culture_9;0.62833;0.39796
Impartial Culture_10;0.7025;0.2256
Impartial Culture_11;0.60648;0.16373
Impartial Culture_12;0.69669;0.40617
Impartial Culture_13;0.55466;0.33273
Impartial Culture_14;0.53539;0.19319
Impartial Culture_15;0.70164;0.34063
Impartial Culture_16;0.64637;0.37357
Impartial Culture_17;0.65648;0.33773
Impartial Culture_18;0.73847;0.28018
Impartial Culture_19;0.57381;0.26635
SP by Conitzer_0;1.00964;0.42367
SP by Conitzer_1;1.11838;0.39504
SP by Conitzer_2;1.14556;0.48115
SP by Conitzer_3;1.2624;0.3627
SP by Conitzer_4;1.00278;0.51005
SP by Conitzer_5;0.98;0.44724
SP by Conitzer_6;1.19736;0.41833
SP by Conitzer_7;1.00798;0.4811
SP by Conitzer_8;1.12346;0.44269
SP by Conitzer_9;1.093;0.44522
SP by Conitzer_10;1.14977;0.41709
SP by Conitzer_11;1.06695;0.46798
SP by Conitzer_12;0.96619;0.49268
SP by Conitzer_13;1.03968;0.50655
SP by Conitzer_14;1.16724;0.37689
SP by Conitzer_15;0.92764;0.50546
SP by Conitzer_16;0.89798;0.53703
SP by Conitzer_17;0.93154;0.47409
SP by Conitzer_18;1.05097;0.41292
SP by Conitzer_19;1.07579;0.51048
SP by Walsh_0;1.56445;-0.2641
SP by Walsh_1;1.65969;-0.18979
SP by Walsh_2;1.507;-0.23021
SP by Walsh_3;1.54343;-0.0497
SP by Walsh_4;1.5282;-0.10774
SP by Walsh_5;1.59244;-0.07178
SP by Walsh_6;1.68524;-0.10744
SP by Walsh_7;1.59614;-0.19393
SP by Walsh_8;1.63485;-0.21846
SP by Walsh_9;1.67297;-0.14628
SP by Walsh_10;1.54263;-0.20916
SP by Walsh_11;1.5217;-0.26823
SP by Walsh_12;1.53516;-0.16236
SP by Walsh_13;1.59462;-0.14153
SP by Walsh_14;1.64469;-0.06996
SP by Walsh_15;1.59546;-0.24321
SP by Walsh_16;1.64699;-0.12165
SP by Walsh_17;1.56413;-0.15075
SP by Walsh_18;1.58321;-0.10375
SP by Walsh_19;1.48703;-0.17552
SPOC_0;0.5574;0.36717
SPOC_1;0.5558;0.18378
SPOC_2;0.46084;0.25814
SPOC_3;0.46389;0.29868
SPOC_4;0.56031;0.2705
SPOC_5;0.5082;0.35264
SPOC_6;0.77144;0.21367
SPOC_7;0.6581;0.34312
SPOC_8;0.62654;0.31912
SPOC_9;0.56978;0.30383
SPOC_10;0.7498;0.241
SPOC_11;0.50115;0.35817
SPOC_12;0.74654;0.18539
SPOC_13;0.46004;0.31018
SPOC_14;0.71092;0.28298
SPOC_15;0.5255;0.39475
SPOC_16;0.48912;0.32522
SPOC_17;0.73976;0.29881
SPOC_18;0.62474;0.39472
SPOC_19;0.52329;0.31365
Single-Crossing_0;1.42968;0.2472
Single-Crossing_1;1.46108;0.12569
Single-Crossing_2;1.40627;-0.33611
Single-Crossing_3;1.32312;-0.23703
Single-Crossing_4;1.40395;0.19334
Single-Crossing_5;1.50151;0.23213
Single-Crossing_6;1.44114;0.30349
Single-Crossing_7;1.33838;-0.15331
Single-Crossing_8;1.3812;0.32243
Single-Crossing_9;1.36919;0.25055
Single-Crossing_10;1.37683;-0.11644
Single-Crossing_11;1.38285;-0.16357
Single-Crossing_12;1.29494;-0.18293
Single-Crossing_13;1.28979;-0.26997
Single-Crossing_14;1.45351;0.20148
Single-Crossing_15;1.28679;-0.30727
Single-Crossing_16;1.3455;0.15941
Single-Crossing_17;1.32513;-0.09607
Single-Crossing_18;1.35353;-0.21102
Single-Crossing_19;1.25101;-0.22832
1D Uniform_0;1.1077;0.49734
1D Uniform_1;1.00173;0.5616
1D Uniform_2;1.18105;0.46723
1D Uniform_3;1.13583;0.54218
1D Uniform_4;1.06097;0.55017
1D Uniform_5;1.26911;0.41943
1D Uniform_6;1.03613;0.45403
1D Uniform_7;1.16929;0.52298
1D Uniform_8;0.86621;0.533
1D Uniform_9;0.82319;0.55754
1D Uniform_10;1.2461;0.44247
1D Uniform_11;0.97279;0.58316
1D Uniform_12;0.91533;0.56375
1D Uniform_13;0.8628;0.58629
1D Uniform_14;1.13518;0.36184
1D Uniform_15;1.08721;0.39943
1D Uniform_16;1.09713;0.55011
1D Uniform_17;1.03663;0.56844
1D Uniform_18;0.79881;0.5291
1D Uniform_19;1.21587;0.37158
2D Uniform_0;0.9385;-0.09194
2D Uniform_1;1.28982;0.26329
2D Uniform_2;0.8096;-0.06922
2D Uniform_3;1.25446;0.27234
2D Uniform_4;1.06056;0.26766
2D Uniform_5;1.06092;0.3281
2D Uniform_6;1.02852;0.16065
2D Uniform_7;0.90459;0.009
2D Uniform_8;1.08481;0.31826
2D Uniform_9;0.96839;0.36632
2D Uniform_10;1.23852;0.19933
2D Uniform_11;1.1089;0.24599
2D Uniform_12;0.9679;0.3061
2D Uniform_13;1.13275;0.21541
2D Uniform_14;1.11485;0.29272
2D Uniform_15;1.20755;0.23965
2D Uniform_16;0.99381;-0.17395
2D Uniform_17;1.01984;0.33828
2D Uniform_18;1.28583;0.16628
2D Uniform_19;0.96684;0.27681
3D Uniform_0;1.05851;0.22801
3D Uniform_1;1.1835;0.16661
3D Uniform_2;1.17152;0.19738
3D Uniform_3;1.16191;0.12979
3D Uniform_4;1.29859;0.20756
3D Uniform_5;1.04115;-0.14152
3D Uniform_6;1.15584;0.23949
3D Uniform_7;1.21029;0.09671
3D Uniform_8;1.30705;0.02974
3D Uniform_9;1.03949;0.19544
3D Uniform_10;0.98748;0.33549
3D Uniform_11;0.93575;0.39049
3D Uniform_12;1.1719;0.28969
3D Uniform_13;0.89277;0.34249
3D Uniform_14;0.91796;0.25825
3D Uniform_15;1.00602;0.19468
3D Uniform_16;1.16714;0.02816
3D Uniform_17;1.08001;0.17656
3D Uniform_18;1.24142;0.14406
3D Uniform_19;0.95666;0.23538
5D Uniform_0;0.80701;0.11952
5D Uniform_1;1.01908;0.27839
5D Uniform_2;1.34776;0.09548
5D Uniform_3;1.15186;-0.16812
5D Uniform_4;1.15094;0.06547
5D Uniform_5;1.10245;0.04306
5D Uniform_6;0.97198;0.17525
5D Uniform_7;0.89091;0.12753
5D Uniform_8;0.92271;0.29926
5D Uniform_9;0.99963;0.23256
5D Uniform_10;0.90753;0.04864
5D Uniform_11;1.03834;0.01636
5D Uniform_12;1.01151;-0.0614
5D Uniform_13;1.06745;0.11456
5D Uniform_14;1.05712;-0.17893
5D Uniform_15;0.84551;-0.06567
5D Uniform_16;1.04117;-0.09917
5D Uniform_17;1.16954;0.09218
5D Uniform_18;1.13017;0.15901
5D Uniform_19;0.84919;0.15988
10D Uniform_0;1.1128;0.101
10D Uniform_1;1.03625;0.05789
10D Uniform_2;1.22571;0.04678
10D Uniform_3;1.12607;-0.06821
10D Uniform_4;1.2043;-0.00452
10D Uniform_5;1.09723;-0.21873
10D Uniform_6;0.75289;0.00129
10D Uniform_7;1.00287;0.03586
10D Uniform_8;1.3176;0.07109
10D Uniform_9;1.18869;-0.15199
10D Uniform_10;1.25356;0.10405
10D Uniform_11;0.94879;-0.15179
10D Uniform_12;0.93552;0.19112
10D Uniform_13;0.90423;0.16246
10D Uniform_14;1.2768;-0.13874
10D Uniform_15;0.93052;0.08523
10D Uniform_16;1.09137;0.13909
10D Uniform_17;1.12189;-0.16408
10D Uniform_18;0.81847;-0.01127
10D Uniform_19;1.06444;0.07823
20D Uniform_0;0.76061;0.10447
20D Uniform_1;0.89493;0.21349
20D Uniform_2;0.86017;-0.09335
20D Uniform_3;0.95216;0.112
20D Uniform_4;0.90143;-0.09451
20D Uniform_5;0.84757;0.02667
20D Uniform_6;0.88652;0.08229
20D Uniform_7;0.9351;-0.03941
20D Uniform_8;0.95412;0.13841
20D Uniform_9;0.94015;-0.00403
20D Uniform_10;1.15354;-0.0301
20D Uniform_11;0.76977;0.05974
20D Uniform_12;0.97517;-0.10227
20D Uniform_13;0.86617;0.25713
20D Uniform_14;0.84784;-0.02122
20D Uniform_15;1.03603;-0.02805
20D Uniform_16;0.83976;0.05877
20D Uniform_17;0.80575;0.06944
20D Uniform_18;0.84683;0.35617
20D Uniform_19;0.99773;-0.13874
2D Sphere_0;0.69688;-0.08712
2D Sphere_1;0.43659;0.10418
2D Sphere_2;0.56295;-0.08158
2D Sphere_3;0.40765;0.16672
2D Sphere_4;0.43891;0.13852
2D Sphere_5;0.65569;-0.13119
2D Sphere_6;0.48488;0.08176
2D Sphere_7;0.61166;0.11655
2D Sphere_8;0.65047;0.04051
2D Sphere_9;0.43426;0.02886
2D Sphere_10;0.67546;0.11779
2D Sphere_11;0.62271;-0.16465
2D Sphere_12;0.56179;0.06645
2D Sphere_13;0.57996;-0.12184
2D Sphere_14;0.4943;0.22319
2D Sphere_15;0.52932;0.04425
2D Sphere_16;0.44593;0.22409
2D Sphere_17;0.51879;-0.09669
2D Sphere_18;0.51197;0.16155
2D Sphere_19;0.55372;-0.03504
3D Sphere_0;0.83487;0.30562
3D Sphere_1;0.4606;0.19435
3D Sphere_2;0.57432;0.15015
3D Sphere_3;0.69898;0.40529
3D Sphere_4;0.47087;0.1512
3D Sphere_5;0.71861;0.12894
3D Sphere_6;0.5827;0.07972
3D Sphere_7;0.47053;0.10447
3D Sphere_8;0.63689;0.18784
3D Sphere_9;0.72626;0.35378
3D Sphere_10;0.6632;0.0544
3D Sphere_11;0.70561;0.03885
3D Sphere_12;0.81653;0.17
3D Sphere_13;0.53555;0.09286
3D Sphere_14;0.49923;0.28398
3D Sphere_15;0.6571;-0.03614
3D Sphere_16;0.5405;0.13254
3D Sphere_17;0.50527;0.12601
3D Sphere_18;0.7438;0.39669
3D Sphere_19;0.63884;0.08769
5D Sphere_0;0.70207;0.00916
5D Sphere_1;0.59949;0.03905
5D Sphere_2;0.60571;0.25464
5D Sphere_3;0.69919;0.19001
5D Sphere_4;0.5555;0.22363
5D Sphere_5;0.64832;0.14046
5D Sphere_6;0.6201;0.06806
5D Sphere_7;0.69578;0.25266
5D Sphere_8;0.54841;0.12802
5D Sphere_9;0.65744;0.42181
5D Sphere_10;0.61007;0.11833
5D Sphere_11;0.60816;0.3521
5D Sphere_12;0.67731;0.10043
5D Sphere_13;0.59444;0.19455
5D Sphere_14;0.6919;0.15794
5D Sphere_15;0.48766;0.25706
5D Sphere_16;0.64137;0.1786
5D Sphere_17;0.58533;0.40645
5D Sphere_18;0.82042;0.24261
5D Sphere_19;0.59996;0.22352
GS Balanced_0;0.49266;-0.02433
GS Balanced_1;0.54845;0.0134
GS Balanced_2;0.5913;-0.01975
GS Balanced_3;0.47061;0.03572
GS Balanced_4;0.64115;-0.08736
GS Balanced_5;0.49163;0.0509
GS Balanced_6;0.4401;0.06344
GS Balanced_7;0.66077;0.43628
GS Balanced_8;0.59616;-0.05758
GS Balanced_9;0.66755;-0.07131
GS Balanced_10;0.54795;-0.00896
GS Balanced_11;0.47597;-0.00082
GS Balanced_12;0.59908;0.00598
GS Balanced_13;0.72941;0.43482
GS Balanced_14;0.80241;0.41107
GS Balanced_15;0.50683;0.01118
GS Balanced_16;0.515;-0.04958
GS Balanced_17;0.41031;0.0983
GS Balanced_18;0.63232;-0.0153
GS Balanced_19;0.71452;-0.14264
GS Caterpillar_0;0.69685;-0.27542
GS Caterpillar_1;0.56083;-0.28831
GS Caterpillar_2;0.61517;-0.25308
GS Caterpillar_3;0.68357;-0.32263
GS Caterpillar_4;0.59222;-0.23033
GS Caterpillar_5;0.72609;-0.24261
GS Caterpillar_6;0.76553;-0.2857
GS Caterpillar_7;0.78631;-0.33377
GS Caterpillar_8;0.81181;-0.28608
GS Caterpillar_9;0.85114;-0.38127
GS Caterpillar_10;0.66092;-0.26545
GS Caterpillar_11;0.64716;-0.33246
GS Caterpillar_12;0.83705;-0.32801
GS Caterpillar_13;0.81455;-0.39229
GS Caterpillar_14;0.63731;-0.29027
GS Caterpillar_15;0.60545;-0.30541
GS Caterpillar_16;0.72503;-0.30719
GS Caterpillar_17;0.74662;-0.34783
GS Caterpillar_18;0.76104;-0.38443
GS Caterpillar_19;0.70702;-0.35367
Urn_0;1.13363;-0.29341
Urn_1;1.29241;-0.52582
Urn_2;1.58263;0.53416
Urn_3;1.35281;0.50068
Urn_4;0.79591;-0.13034
Urn_5;0.78337;-0.03865
Urn_6;1.95246;0.39823
Urn_7;1.28663;0.54334
Urn_8;1.52247;0.41867
Urn_9;1.18119;-0.32641
Urn_10;1.17859;-0.38108
Urn_11;0.75623;0.34738
Urn_12;1.47711;0.43908
Urn_13;0.64626;0.23584
Urn_14;0.91269;-0.16885
Urn_15;0.77465;0.13613
Urn_16;0.82372;-0.21318
Urn_17;1.51264;0.4689
Urn_18;0.88029;-0.13979
Urn_19;1.65487;0.4915
Urn_20;0.5499;0.22612
Urn_21;1.58599;0.35217
Urn_22;0.80769;0.36349
Urn_23;0.77497;-0.17484
Urn_24;1.96485;0.44803
Urn_25;1.19432;-0.46977
Urn_26;1.82622;0.40479
Urn_27;1.72234;0.31183
Urn_28;0.48857;0.18254
Urn_29;1.8408;0.31911
Urn_30;1.86228;0.36026
Urn_31;0.86138;0.30624
Urn_32;1.30107;0.31245
Urn_33;1.24751;0.32436
Urn_34;1.34626;-0.39527
Urn_35;1.61346;0.31047
Urn_36;2.01167;0.46286
Urn_37;1.76905;0.3809
Urn_38;1.98161;0.41546
Urn_39;1.57895;0.26256
Urn_40;1.16033;-0.24486
Urn_41;1.98646;0.46723
Urn_42;1.74034;0.43494
Urn_43;1.34922;0.62617
Urn_44;1.33072;-0.33109
Urn_45;1.37607;-0.28187
Urn_46;1.00833;-0.37315
Urn_47;1.67941;-0.31688
Urn_48;0.9232;-0.26606
Urn_49;0.73366;-0.10308
Urn_50;1.50804;-0.39121
Urn_51;0.98402;-0.21066
Urn_52;0.71614;0.33153
Urn_53;0.85041;0.45406
Urn_54;1.52953;0.33336
Urn_55;1.02357;0.1168
Urn_56;0.72771;-0.03963
Urn_57;1.84285;0.46226
Urn_58;0.90997;-0.23172
Urn_59;1.62483;-0.3718
Urn_60;1.07357;-0.40074
Urn_61;1.66426;0.38631
Urn_62;1.58228;0.40155
Urn_63;1.43793;0.62891
Urn_64;1.20223;-0.26622
Urn_65;2.03526;0.41536
Urn_66;0.66697;0.27577
Urn_67;1.45558;-0.41767
Urn_68;0.96681;-0.27855
Urn_69;1.21461;0.48612
Urn_70;1.18883;0.33297
Urn_71;0.79044;0.27904
Urn_72;0.72125;0.08427
Urn_73;1.47881;0.50888
Urn_74;1.41327;0.37896
Urn_75;1.77875;0.48757
Urn_76;1.25015;-0.33592
Urn_77;0.9617;0.53843
Urn_78;1.3969;0.46088
Urn_79;1.42808;-0.28974
Norm-Mallows_0;1.89325;0.08301
Norm-Mallows_1;1.7162;0.0572
Norm-Mallows_2;1.42301;-0.07625
Norm-Mallows_3;1.32256;-0.04701
Norm-Mallows_4;1.61336;0.05662
Norm-Mallows_5;1.40487;0.03618
Norm-Mallows_6;1.44668;-0.12029
Norm-Mallows_7;1.48246;0.06713
Norm-Mallows_8;1.92784;0.27304
Norm-Mallows_9;1.07659;-0.00269
Norm-Mallows_10;0.89651;-0.03814
Norm-Mallows_11;0.81899;0.26282
Norm-Mallows_12;1.18617;-0.11045
Norm-Mallows_13;1.83513;0.2064
Norm-Mallows_14;1.22223;-0.08598
Norm-Mallows_15;0.9671;-0.0261
Norm-Mallows_16;0.97926;0.00629
Norm-Mallows_17;1.73244;-0.06313
Norm-Mallows_18;1.68936;-0.02067
Norm-Mallows_19;1.25978;-0.05043
Norm-Mallows_20;1.57525;0.16736
Norm-Mallows_21;1.12044;-0.01352
Norm-Mallows_22;1.44036;-0.02876
Norm-Mallows_23;1.15715;-0.11188
Norm-Mallows_24;1.8693;0.12354
Norm-Mallows_25;2.04287;0.3558
Norm-Mallows_26;2.03719;0.42125
Norm-Mallows_27;1.36527;-0.03524
Norm-Mallows_28;1.1031;-0.09111
Norm-Mallows_29;0.84082;0.09372
Norm-Mallows_30;2.00124;0.38758
Norm-Mallows_31;1.51593;0.00897
Norm-Mallows_32;1.57617;0.08822
Norm-Mallows_33;1.99852;0.43301
Norm-Mallows_34;0.53084;0.30574
Norm-Mallows_35;2.03497;0.3578
Norm-Mallows_36;1.08799;-0.05616
Norm-Mallows_37;0.87613;0.19209
Norm-Mallows_38;1.83369;0.06219
Norm-Mallows_39;1.78829;0.08275
Norm-Mallows_40;1.49312;-0.0478
Norm-Mallows_41;1.734;0.15706
Norm-Mallows_42;1.09566;-0.13691
Norm-Mallows_43;0.95867;-0.06441
Norm-Mallows_44;1.96718;0.2666
Norm-Mallows_45;1.66879;0.08797
Norm-Mallows_46;0.83851;0.20673
Norm-Mallows_47;1.20997;-0.05302
Norm-Mallows_48;1.79048;0.01939
Norm-Mallows_49;0.70365;0.1926
Norm-Mallows_50;0.7922;0.17525
Norm-Mallows_51;0.57624;0.40086
Norm-Mallows_52;1.85914;-0.00311
Norm-Mallows_53;1.75517;0.11485
Norm-Mallows_54;1.39357;0.10063
Norm-Mallows_55;1.24772;0.00537
Norm-Mallows_56;0.96615;0.04602
Norm-Mallows_57;0.99895;0.08862
Norm-Mallows_58;1.88509;0.0364
Norm-Mallows_59;1.9683;0.18259
Norm-Mallows_60;1.68223;0.13463
Norm-Mallows_61;2.00444;0.24879
Norm-Mallows_62;1.69953;0.19576
Norm-Mallows_63;1.68194;0.02343
Norm-Mallows_64;1.57332;0.02128
Norm-Mallows_65;1.54704;0.12651
Norm-Mallows_66;0.68666;0.37334
Norm-Mallows_67;1.93372;0.21991
Norm-Mallows_68;1.35434;0.01407
Norm-Mallows_69;1.63976;0.15929
Norm-Mallows_70;1.54211;0.06236
Norm-Mallows_71;0.5277;0.26516
Norm-Mallows_72;1.8593;0.16646
Norm-Mallows_73;1.60081;-0.01225
Norm-Mallows_74;1.04773;-0.06472
Norm-Mallows_75;1.81655;-0.0328
Norm-Mallows_76;0.85437;0.12509
Norm-Mallows_77;1.75645;-0.01804
Norm-Mallows_78;0.80706;0.02889
Norm-Mallows_79;1.45725;0.02725
ANID_0;1.92959;0.48224
ANID_1;1.87579;0.52138
ANID_2;1.81517;0.53935
ANID_3;1.75303;0.55458
ANID_4;1.70923;0.56153
ANID_5;1.6464;0.58245
ANID_6;1.59427;0.60024
ANID_7;1.53083;0.60572
ANID_8;1.48736;0.58677
ANID_9;1.44672;0.54573
ANID_10;1.48821;0.368
ANID_11;1.50074;0.15378
ANID_12;1.42121;-0.21367
ANID_13;1.28024;-0.37352
ANID_14;1.15087;-0.457
ANID_15;1.08472;-0.4771
ANID_16;1.02242;-0.48331
ANID_17;0.96815;-0.4907
ANID_18;0.91436;-0.48935
ANID_19;0.86548;-0.51264
STID_0;1.98708;0.34185
STID_1;2.03254;0.28116
STID_2;2.02878;0.21271
STID_3;2.00635;0.16197
STID_4;1.97428;0.12434
STID_5;1.96691;0.08046
STID_6;1.95533;0.03632
STID_7;1.92847;-0.01689
STID_8;1.90406;-0.06107
STID_9;1.86629;-0.08162
STID_10;1.85145;-0.13
STID_11;1.81359;-0.14674
STID_12;1.81957;-0.18222
STID_13;1.78244;-0.21994
STID_14;1.77778;-0.2594
STID_15;1.74736;-0.29419
STID_16;1.7383;-0.33728
STID_17;1.70243;-0.37291
STID_18;1.67414;-0.41797
STID_19;1.6375;-0.44782
ANUN_0;0.44387;0.3542
ANUN_1;0.4245;0.28732
ANUN_2;0.41434;0.24361
ANUN_3;0.41138;0.19957
ANUN_4;0.39968;0.1361
ANUN_5;0.40421;0.06048
ANUN_6;0.42404;-0.00869
ANUN_7;0.44154;-0.05384
ANUN_8;0.45051;-0.09831
ANUN_9;0.47595;-0.13508
ANUN_10;0.49454;-0.17013
ANUN_11;0.52567;-0.20315
ANUN_12;0.4887;-0.22665
ANUN_13;0.51128;-0.27137
ANUN_14;0.53955;-0.32564
ANUN_15;0.58668;-0.37259
ANUN_16;0.63793;-0.41315
ANUN_17;0.68601;-0.44625
ANUN_18;0.72785;-0.4759
ANUN_19;0.77301;-0.49928
STUN_0;0.54776;0.43352
STUN_1;0.62492;0.44157
STUN_2;0.74279;0.39705
STUN_3;0.79322;0.32602
STUN_4;0.75738;0.05022
STUN_5;0.76933;-0.07369
STUN_6;0.82919;-0.14475
STUN_7;0.87795;-0.18993
STUN_8;0.9527;-0.22754
STUN_9;1.01124;-0.27104
STUN_10;1.04707;-0.31036
STUN_11;1.09024;-0.33848
STUN_12;1.13174;-0.37869
STUN_13;1.21435;-0.40463
STUN_14;1.26098;-0.44085
STUN_15;1.31264;-0.45179
STUN_16;1.38185;-0.46629
STUN_17;1.4244;-0.48232
STUN_18;1.48633;-0.48412
STUN_19;1.55564;-0.48903
