instance_id;x;y
ID;2.08715;0.11822
UN;0.43996;0.11822
AN;0.98816;0.73107
ST;1.61081;-0.51966
Impartial Culture_0;0.48113;0.17523
Impartial Culture_1;0.53491;0.04494
Impartial Culture_2;0.50836;0.07523
Impartial Culture_3;0.5768;0.08059
Impartial Culture_4;0.64888;0.14787
Impartial Culture_5;0.54781;0.03542
Impartial Culture_6;0.59296;0.01696
Impartial Culture_7;0.67715;-0.06113
Impartial Culture_8;0.49369;0.06226
Impartial Culture_9;0.57448;0.05793
Impartial Culture_10;0.62778;0.15004
Impartial Culture_11;0.66087;0.13258
Impartial Culture_12;0.68481;0.02708
Impartial Culture_13;0.4735;0.09061
Impartial Culture_14;0.57024;0.10576
Impartial Culture_15;0.53101;0.17693
Impartial Culture_16;0.52678;0.18448
Impartial Culture_17;0.6977;0.01477
Impartial Culture_18;0.71623;0.10134
Impartial Culture_19;0.71474;0.08273
SP by Conitzer_0;1.1553;0.06013
SP by Conitzer_1;1.07921;0.24432
SP by Conitzer_2;1.13302;0.15116
SP by Conitzer_3;1.13614;0.18369
SP by Conitzer_4;1.08084;0.2877
SP by Conitzer_5;1.15462;0.14892
SP by Conitzer_6;1.14961;0.17189
SP by Conitzer_7;1.18945;0.02631
SP by Conitzer_8;1.18834;0.05492
SP by Conitzer_9;1.10269;0.18163
SP by Conitzer_10;1.08193;0.24494
SP by Conitzer_11;1.13475;0.16606
SP by Conitzer_12;1.0727;0.42689
SP by Conitzer_13;1.18635;-0.07748
SP by Conitzer_14;1.16089;0.17763
SP by Conitzer_15;1.11349;0.20086
SP by Conitzer_16;1.08809;0.15813
SP by Conitzer_17;1.14454;0.16499
SP by Conitzer_18;1.17876;0.18444
SP by Conitzer_19;1.14006;0.16335
SP by Walsh_0;1.20777;-0.29541
SP by Walsh_1;1.35187;-0.26818
SP by Walsh_2;1.1803;-0.19852
SP by Walsh_3;1.17657;-0.14047
SP by Walsh_4;1.26059;-0.37792
SP by Walsh_5;1.30635;-0.35549
SP by Walsh_6;1.22177;-0.27014
SP by Walsh_7;1.21384;-0.26087
SP by Walsh_8;1.2276;-0.32687
SP by Walsh_9;1.19782;-0.27045
SP by Walsh_10;1.22199;-0.29435
SP by Walsh_11;1.30538;-0.22492
SP by Walsh_12;1.22297;-0.30665
SP by Walsh_13;1.23962;-0.35149
SP by Walsh_14;1.34736;-0.266
SP by Walsh_15;1.262;-0.33606
SP by Walsh_16;1.32254;-0.21692
SP by Walsh_17;1.26749;-0.34099
SP by Walsh_18;1.25463;-0.36706
SP by Walsh_19;1.28377;-0.38556
SPOC_0;0.70546;0.11296
SPOC_1;0.70394;0.06535
SPOC_2;0.5268;0.18299
SPOC_3;0.60405;0.1503
SPOC_4;0.49552;0.05845
SPOC_5;0.52096;0.07889
SPOC_6;0.60141;0.0038
SPOC_7;0.50286;0.07519
SPOC_8;0.67485;0.09551
SPOC_9;0.49862;0.05041
SPOC_10;0.73496;0.06277
SPOC_11;0.52557;0.18038
SPOC_12;0.48828;0.17883
SPOC_13;0.52275;0.17626
SPOC_14;0.63963;0.01727
SPOC_15;0.74093;0.08133
SPOC_16;0.64639;0.18401
SPOC_17;0.47602;0.17927
SPOC_18;0.68733;0.02603
SPOC_19;0.56082;0.01193
Single-Crossing_0;1.12414;-0.42189
Single-Crossing_1;0.98237;-0.35109
Single-Crossing_2;0.97424;-0.34932
Single-Crossing_3;1.11082;-0.42334
Single-Crossing_4;1.27414;0.35909
Single-Crossing_5;1.07743;-0.27366
Single-Crossing_6;1.32446;-0.17076
Single-Crossing_7;1.10194;-0.29595
Single-Crossing_8;1.03289;-0.41832
Single-Crossing_9;0.91236;-0.36813
Single-Crossing_10;0.92403;-0.3836
Single-Crossing_11;1.31762;0.39951
Single-Crossing_12;1.37598;0.24565
Single-Crossing_13;1.12035;-0.41576
Single-Crossing_14;1.33319;-0.25834
Single-Crossing_15;1.27235;-0.14255
Single-Crossing_16;1.09124;-0.32503
Single-Crossing_17;1.09529;-0.28938
Single-Crossing_18;0.88725;-0.28369
Single-Crossing_19;1.27287;0.03213
1D Uniform_0;1.17926;0.36087
1D Uniform_1;1.2673;0.24532
1D Uniform_2;1.37733;0.24708
1D Uniform_3;1.20167;0.39199
1D Uniform_4;1.09552;0.35832
1D Uniform_5;1.25139;0.2719
1D Uniform_6;1.07887;0.46015
1D Uniform_7;1.25397;0.20852
1D Uniform_8;1.19147;0.31255
1D Uniform_9;1.21386;0.27242
1D Uniform_10;1.08961;0.53959
1D Uniform_11;1.36782;0.37852
1D Uniform_12;1.13814;0.30837
1D Uniform_13;1.03733;0.31978
1D Uniform_14;1.28131;0.02192
1D Uniform_15;1.37547;0.36081
1D Uniform_16;1.03849;0.39391
1D Uniform_17;1.47379;0.38313
1D Uniform_18;1.08768;0.39521
1D Uniform_19;1.08535;0.28904
2D Uniform_0;1.06549;0.05085
2D Uniform_1;1.01015;-0.05898
2D Uniform_2;1.22963;0.27316
2D Uniform_3;1.02855;0.06449
2D Uniform_4;1.10832;0.30176
2D Uniform_5;0.9291;0.41405
2D Uniform_6;1.27437;-0.09451
2D Uniform_7;1.24169;0.01435
2D Uniform_8;1.04957;-0.12572
2D Uniform_9;0.95603;0.32343
2D Uniform_10;1.03403;0.08912
2D Uniform_11;1.03115;-0.04136
2D Uniform_12;0.9381;0.28454
2D Uniform_13;1.28487;0.1351
2D Uniform_14;0.81538;-0.34172
2D Uniform_15;1.45039;-0.26018
2D Uniform_16;1.29429;-0.14743
2D Uniform_17;1.2773;0.42586
2D Uniform_18;1.24657;0.22302
2D Uniform_19;0.76682;-0.22452
3D Uniform_0;1.03972;0.27334
3D Uniform_1;1.48962;0.06161
3D Uniform_2;0.82114;-0.32284
3D Uniform_3;0.80136;-0.29876
3D Uniform_4;0.90785;0.14181
3D Uniform_5;1.29204;-0.11554
3D Uniform_6;0.9379;-0.3696
3D Uniform_7;1.05395;0.20518
3D Uniform_8;0.88226;0.1234
3D Uniform_9;1.36294;-0.27901
3D Uniform_10;0.97003;0.2781
3D Uniform_11;0.78333;0.13286
3D Uniform_12;1.38077;0.3553
3D Uniform_13;0.84528;-0.30722
3D Uniform_14;1.06418;0.0531
3D Uniform_15;1.12039;-0.40531
3D Uniform_16;1.22966;0.16179
3D Uniform_17;1.08392;0.04746
3D Uniform_18;0.93396;-0.21647
3D Uniform_19;0.95475;-0.31274
5D Uniform_0;1.33175;0.11805
5D Uniform_1;1.3763;-0.04158
5D Uniform_2;0.86717;-0.34712
5D Uniform_3;0.99955;-0.0867
5D Uniform_4;1.05483;-0.16044
5D Uniform_5;0.8648;-0.13255
5D Uniform_6;1.16789;0.30421
5D Uniform_7;0.90185;0.13302
5D Uniform_8;1.43086;-0.01161
5D Uniform_9;0.83429;-0.05755
5D Uniform_10;1.45513;-0.1678
5D Uniform_11;0.99549;-0.17791
5D Uniform_12;1.15151;0.34605
5D Uniform_13;1.04759;0.03998
5D Uniform_14;1.18879;-0.19926
5D Uniform_15;0.86244;0.04783
5D Uniform_16;0.82774;0.07395
5D Uniform_17;0.82771;-0.02615
5D Uniform_18;1.05668;0.05889
5D Uniform_19;0.973;0.12298
10D Uniform_0;1.14542;-0.0713
10D Uniform_1;0.95428;-0.02471
10D Uniform_2;0.92349;0.02292
10D Uniform_3;0.84781;-0.13698
10D Uniform_4;1.10213;-0.16219
10D Uniform_5;0.96924;-0.22214
10D Uniform_6;0.88456;0.08023
10D Uniform_7;0.62115;-0.02522
10D Uniform_8;0.88251;0.16722
10D Uniform_9;0.92881;-0.19242
10D Uniform_10;0.71625;-0.08846
10D Uniform_11;0.95982;0.25316
10D Uniform_12;1.29614;-0.02989
10D Uniform_13;0.90996;0.13549
10D Uniform_14;1.1186;0.00493
10D Uniform_15;1.2422;0.01283
10D Uniform_16;0.93872;0.13304
10D Uniform_17;1.27404;-0.3731
10D Uniform_18;0.99423;-0.06575
10D Uniform_19;0.83213;-0.04176
20D Uniform_0;1.00929;-0.08987
20D Uniform_1;0.93288;-0.02237
20D Uniform_2;0.86878;-0.1323
20D Uniform_3;0.82909;-0.0068
20D Uniform_4;0.89108;-0.16746
20D Uniform_5;0.81683;0.18874
20D Uniform_6;0.94294;0.01147
20D Uniform_7;0.72752;-0.09778
20D Uniform_8;0.824;-0.18515
20D Uniform_9;0.69572;-0.03023
20D Uniform_10;0.94297;0.01595
20D Uniform_11;0.78132;-0.19386
20D Uniform_12;0.96217;-0.19208
20D Uniform_13;0.75281;0.09055
20D Uniform_14;0.91109;0.09017
20D Uniform_15;1.00008;-0.19021
20D Uniform_16;0.99583;-0.05338
20D Uniform_17;0.7027;-0.08633
20D Uniform_18;0.84793;-0.14663
20D Uniform_19;0.97034;-0.03634
2D Sphere_0;0.9461;0.53843
2D Sphere_1;0.6318;0.32867
2D Sphere_2;0.76558;0.34624
2D Sphere_3;0.69731;0.33069
2D Sphere_4;0.6964;0.36262
2D Sphere_5;0.70643;0.21938
2D Sphere_6;0.59367;0.28023
2D Sphere_7;0.90909;0.58264
2D Sphere_8;0.81002;0.39027
2D Sphere_9;0.5625;0.23811
2D Sphere_10;0.67408;0.52312
2D Sphere_11;0.76688;0.28999
2D Sphere_12;0.60937;0.28354
2D Sphere_13;0.83045;0.45999
2D Sphere_14;0.59719;0.36192
2D Sphere_15;0.85631;0.23026
2D Sphere_16;0.68055;0.44532
2D Sphere_17;0.59099;0.43526
2D Sphere_18;0.92028;0.31881
2D Sphere_19;0.72635;0.26316
3D Sphere_0;0.73482;0.20529
3D Sphere_1;0.70104;0.32348
3D Sphere_2;0.68358;0.44271
3D Sphere_3;0.68236;0.3475
3D Sphere_4;0.71807;0.3533
3D Sphere_5;0.80049;0.29483
3D Sphere_6;0.66401;0.55315
3D Sphere_7;0.74275;0.41274
3D Sphere_8;0.53752;0.33611
3D Sphere_9;0.6012;0.25289
3D Sphere_10;0.71057;0.46772
3D Sphere_11;0.62763;0.26335
3D Sphere_12;0.60424;0.25592
3D Sphere_13;0.61954;0.32497
3D Sphere_14;0.85591;0.23559
3D Sphere_15;0.81819;0.40664
3D Sphere_16;0.88005;0.40653
3D Sphere_17;0.81633;0.19204
3D Sphere_18;0.75927;0.20718
3D Sphere_19;0.6264;0.28955
5D Sphere_0;0.50011;0.19156
5D Sphere_1;0.67326;0.12626
5D Sphere_2;0.60044;0.28298
5D Sphere_3;0.57568;0.3126
5D Sphere_4;0.5921;0.00033
5D Sphere_5;0.82975;0.30354
5D Sphere_6;0.54861;0.23869
5D Sphere_7;0.60533;0.24791
5D Sphere_8;0.73735;0.13673
5D Sphere_9;0.78055;0.22951
5D Sphere_10;0.77726;0.18103
5D Sphere_11;0.70728;0.21901
5D Sphere_12;0.75438;0.27057
5D Sphere_13;0.63733;-0.05416
5D Sphere_14;0.82561;0.27751
5D Sphere_15;0.5933;-0.01973
5D Sphere_16;0.70831;0.1021
5D Sphere_17;0.77286;0.37249
5D Sphere_18;0.61433;0.31798
5D Sphere_19;0.58598;0.25886
GS Balanced_0;0.53416;0.06512
GS Balanced_1;0.50504;0.03519
GS Balanced_2;0.56928;0.06999
GS Balanced_3;0.58675;0.17567
GS Balanced_4;0.7055;0.06225
GS Balanced_5;0.62037;0.14638
GS Balanced_6;0.52728;0.06804
GS Balanced_7;0.53001;0.09074
GS Balanced_8;0.69496;0.16245
GS Balanced_9;0.53231;0.07356
GS Balanced_10;0.49728;0.06643
GS Balanced_11;0.61033;-0.00532
GS Balanced_12;0.50082;0.20361
GS Balanced_13;0.56046;0.06722
GS Balanced_14;0.54117;0.1724
GS Balanced_15;0.48978;0.14975
GS Balanced_16;0.64737;0.1939
GS Balanced_17;0.51849;0.18865
GS Balanced_18;0.63578;0.18593
GS Balanced_19;0.49056;0.08735
GS Caterpillar_0;0.68259;0.52132
GS Caterpillar_1;0.82581;0.49371
GS Caterpillar_2;0.87498;0.53684
GS Caterpillar_3;0.8311;0.49044
GS Caterpillar_4;0.67573;0.49994
GS Caterpillar_5;0.81397;0.46222
GS Caterpillar_6;0.80717;0.53448
GS Caterpillar_7;0.78195;0.49089
GS Caterpillar_8;0.94251;0.50189
GS Caterpillar_9;0.82606;0.50788
GS Caterpillar_10;0.72571;0.53398
GS Caterpillar_11;0.73924;0.54119
GS Caterpillar_12;0.92252;0.45259
GS Caterpillar_13;0.95896;0.44759
GS Caterpillar_14;0.83266;0.51477
GS Caterpillar_15;0.6749;0.49616
GS Caterpillar_16;0.83279;0.4776
GS Caterpillar_17;0.94155;0.45441
GS Caterpillar_18;0.82062;0.52512
GS Caterpillar_19;0.93878;0.44044
Urn_0;0.98541;0.14386
Urn_1;0.91533;0.27382
Urn_2;1.75734;0.0988
Urn_3;1.32166;0.4545
Urn_4;1.59413;0.10162
Urn_5;1.95331;0.21411
Urn_6;1.48854;0.31844
Urn_7;0.96697;0.66028
Urn_8;1.21596;0.49859
Urn_9;1.4346;0.39459
Urn_10;1.39851;0.1663
Urn_11;1.58191;-0.32981
Urn_12;1.68118;0.34609
Urn_13;1.86112;-0.09202
Urn_14;0.9333;0.15163
Urn_15;1.71136;0.17067
Urn_16;1.77867;0.288
Urn_17;1.59462;0.15448
Urn_18;1.195;-0.20127
Urn_19;0.99101;0.56889
Urn_20;1.51753;0.1806
Urn_21;2.0462;0.2057
Urn_22;1.10717;0.40191
Urn_23;1.91688;-0.04622
Urn_24;0.83506;0.14766
Urn_25;1.01638;0.07779
Urn_26;1.96776;0.24659
Urn_27;1.01381;-0.18635
Urn_28;1.54666;0.27578
Urn_29;1.4005;0.26267
Urn_30;0.84133;0.28687
Urn_31;0.76203;0.23492
Urn_32;1.77789;0.30583
Urn_33;1.82195;0.36652
Urn_34;1.24949;0.56446
Urn_35;2.08458;0.1188
Urn_36;1.97751;0.13845
Urn_37;0.83114;0.28226
Urn_38;1.31067;0.0982
Urn_39;1.48294;0.34216
Urn_40;1.46295;0.10401
Urn_41;1.91499;0.33566
Urn_42;0.55664;0.0545
Urn_43;1.40561;0.00159
Urn_44;0.94087;0.27307
Urn_45;1.61177;-0.21714
Urn_46;1.79918;0.26767
Urn_47;1.80214;0.26105
Urn_48;1.1469;0.4498
Urn_49;1.45744;-0.42165
Urn_50;2.08515;0.11867
Urn_51;1.39137;0.1353
Urn_52;0.91887;-0.31887
Urn_53;1.36575;-0.34845
Urn_54;2.01668;0.11936
Urn_55;1.21189;-0.52521
Urn_56;0.68431;-0.10888
Urn_57;1.51847;0.05682
Urn_58;1.28031;0.58369
Urn_59;0.81809;0.04878
Urn_60;1.51477;0.18896
Urn_61;1.88279;0.12315
Urn_62;1.10024;0.42094
Urn_63;1.42889;0.43397
Urn_64;1.5091;0.20509
Urn_65;0.75672;-0.17919
Urn_66;1.53409;0.25328
Urn_67;1.44609;-0.28198
Urn_68;1.0325;0.34406
Urn_69;2.08644;0.11837
Urn_70;0.73751;0.27059
Urn_71;0.74233;-0.15029
Urn_72;1.37074;0.122
Urn_73;1.74582;0.28089
Urn_74;1.71292;0.39006
Urn_75;2.06024;0.11973
Urn_76;1.23102;0.44688
Urn_77;1.96784;0.26852
Urn_78;1.78815;-0.10301
Urn_79;1.64756;0.03961
Norm-Mallows_0;1.11433;-0.14049
Norm-Mallows_1;0.58056;0.03877
Norm-Mallows_2;0.47294;0.07254
Norm-Mallows_3;1.30037;-0.12999
Norm-Mallows_4;0.57111;-0.02566
Norm-Mallows_5;0.82318;-0.02187
Norm-Mallows_6;1.92342;0.10325
Norm-Mallows_7;1.94838;0.1258
Norm-Mallows_8;1.63359;-0.14038
Norm-Mallows_9;1.98433;0.08039
Norm-Mallows_10;1.13562;-0.18849
Norm-Mallows_11;0.85788;-0.14355
Norm-Mallows_12;1.84568;0.01392
Norm-Mallows_13;1.65231;-0.13078
Norm-Mallows_14;1.31368;-0.16437
Norm-Mallows_15;1.05442;-0.08798
Norm-Mallows_16;1.41375;-0.01235
Norm-Mallows_17;0.82968;-0.02104
Norm-Mallows_18;2.02957;0.1049
Norm-Mallows_19;0.78017;-0.12465
Norm-Mallows_20;0.69077;0.02699
Norm-Mallows_21;0.98493;-0.21558
Norm-Mallows_22;1.66329;-0.08105
Norm-Mallows_23;0.74253;0.17101
Norm-Mallows_24;1.51255;-0.10628
Norm-Mallows_25;0.80181;-0.10205
Norm-Mallows_26;0.76143;-0.04053
Norm-Mallows_27;0.83131;0.00972
Norm-Mallows_28;1.44346;-0.14251
Norm-Mallows_29;1.89422;0.10618
Norm-Mallows_30;0.602;0.01098
Norm-Mallows_31;0.83134;0.02114
Norm-Mallows_32;1.12648;-0.16474
Norm-Mallows_33;1.68145;-0.06818
Norm-Mallows_34;2.08627;0.11841
Norm-Mallows_35;0.50306;0.18973
Norm-Mallows_36;0.81577;-0.05965
Norm-Mallows_37;1.21983;-0.06472
Norm-Mallows_38;0.66496;0.03955
Norm-Mallows_39;1.97884;0.16978
Norm-Mallows_40;2.05286;0.15828
Norm-Mallows_41;2.04874;0.11736
Norm-Mallows_42;1.16522;-0.0316
Norm-Mallows_43;1.40336;-0.01775
Norm-Mallows_44;1.49831;-0.22853
Norm-Mallows_45;1.53326;-0.07355
Norm-Mallows_46;0.75568;-0.07051
Norm-Mallows_47;1.46692;-0.1097
Norm-Mallows_48;1.03103;-0.23731
Norm-Mallows_49;0.71021;-0.0541
Norm-Mallows_50;1.16683;-0.0714
Norm-Mallows_51;0.63961;0.14122
Norm-Mallows_52;1.54663;-0.17796
Norm-Mallows_53;0.77912;-0.12829
Norm-Mallows_54;0.78053;-0.04663
Norm-Mallows_55;1.25788;-0.0884
Norm-Mallows_56;2.06261;0.11716
Norm-Mallows_57;2.06937;0.12091
Norm-Mallows_58;0.73006;-0.00788
Norm-Mallows_59;0.5101;0.19715
Norm-Mallows_60;0.88006;-0.13869
Norm-Mallows_61;1.93452;0.11276
Norm-Mallows_62;1.8993;0.08733
Norm-Mallows_63;0.6634;0.16742
Norm-Mallows_64;0.87218;-0.21664
Norm-Mallows_65;1.86742;0.10103
Norm-Mallows_66;1.14111;-0.13062
Norm-Mallows_67;0.90747;-0.02059
Norm-Mallows_68;0.70516;0.01128
Norm-Mallows_69;1.5848;-0.19615
Norm-Mallows_70;1.55035;-0.05061
Norm-Mallows_71;1.37214;-0.0367
Norm-Mallows_72;1.00287;-0.05725
Norm-Mallows_73;0.67331;0.08625
Norm-Mallows_74;1.9543;-0.0006
Norm-Mallows_75;1.46427;-0.14186
Norm-Mallows_76;1.32389;-0.1708
Norm-Mallows_77;1.36205;-0.05891
Norm-Mallows_78;1.66841;-0.01626
Norm-Mallows_79;0.95902;-0.08115
ANID_0;2.02041;0.21926
ANID_1;1.96494;0.27934
ANID_2;1.90956;0.33876
ANID_3;1.82846;0.40052
ANID_4;1.74606;0.41688
ANID_5;1.7227;0.43311
ANID_6;1.65523;0.45172
ANID_7;1.61192;0.46808
ANID_8;1.56341;0.48262
ANID_9;1.53452;0.51617
ANID_10;1.47225;0.53114
ANID_11;1.42234;0.54324
ANID_12;1.36868;0.56291
ANID_13;1.30707;0.57601
ANID_14;1.26625;0.62073
ANID_15;1.21049;0.64019
ANID_16;1.15465;0.63626
ANID_17;1.12094;0.67058
ANID_18;1.07946;0.66755
ANID_19;1.03433;0.71427
STID_0;2.05985;0.10422
STID_1;2.01459;0.03303
STID_2;1.99386;-0.01249
STID_3;1.9729;-0.04655
STID_4;1.95632;-0.07639
STID_5;1.92901;-0.11381
STID_6;1.90607;-0.14566
STID_7;1.87974;-0.17433
STID_8;1.85624;-0.2021
STID_9;1.83452;-0.22694
STID_10;1.81105;-0.24828
STID_11;1.79505;-0.28115
STID_12;1.76989;-0.30214
STID_13;1.7577;-0.33866
STID_14;1.73068;-0.35744
STID_15;1.71927;-0.39336
STID_16;1.70476;-0.42689
STID_17;1.669;-0.43498
STID_18;1.64748;-0.46313
STID_19;1.64373;-0.51076
ANUN_0;0.4425;0.16896
ANUN_1;0.46216;0.20613
ANUN_2;0.48266;0.24434
ANUN_3;0.50479;0.28954
ANUN_4;0.52431;0.32144
ANUN_5;0.54609;0.35627
ANUN_6;0.5887;0.37601
ANUN_7;0.60911;0.40634
ANUN_8;0.64153;0.42516
ANUN_9;0.67267;0.452
ANUN_10;0.67761;0.50582
ANUN_11;0.70456;0.55061
ANUN_12;0.76191;0.5657
ANUN_13;0.78562;0.61134
ANUN_14;0.81972;0.6228
ANUN_15;0.85205;0.63322
ANUN_16;0.88154;0.64957
ANUN_17;0.91157;0.66773
ANUN_18;0.93911;0.6857
ANUN_19;0.96595;0.70484
STUN_0;0.4794;0.04355
STUN_1;0.55446;-0.03222
STUN_2;0.61121;-0.04696
STUN_3;0.66619;-0.06188
STUN_4;0.6974;-0.12561
STUN_5;0.72521;-0.19389
STUN_6;0.76607;-0.24225
STUN_7;0.82966;-0.2851
STUN_8;0.90567;-0.31901
STUN_9;0.97269;-0.35389
STUN_10;1.0163;-0.39489
STUN_11;1.06836;-0.43257
STUN_12;1.12248;-0.4673
STUN_13;1.20064;-0.49116
STUN_14;1.27195;-0.50273
STUN_15;1.34274;-0.5042
STUN_16;1.39727;-0.5076
STUN_17;1.45322;-0.51243
STUN_18;1.50338;-0.51837
STUN_19;1.55107;-0.52476
