instance_id;x;y
ID;4.43711;0.7979
UN;-0.70539;0.7979
AN;0.32713;2.7017
ST;3.0175;-0.91539
Impartial Culture_0;-0.29643;0.80365
Impartial Culture_1;-0.5655;0.95316
Impartial Culture_2;-0.11834;0.93402
Impartial Culture_3;-0.5323;0.65747
Impartial Culture_4;-0.3588;1.02026
Impartial Culture_5;-0.44761;0.85228
Impartial Culture_6;-0.21642;0.889
Impartial Culture_7;-0.02255;0.63095
Impartial Culture_8;-0.06101;0.80083
Impartial Culture_9;-0.58524;0.90434
Impartial Culture_10;-0.16948;0.871
Impartial Culture_11;-0.50946;1.06674
Impartial Culture_12;-0.36689;0.62174
Impartial Culture_13;-0.26532;0.52853
Impartial Culture_14;-0.35991;0.74909
Impartial Culture_15;-0.27523;0.67054
Impartial Culture_16;-0.41408;0.73546
Impartial Culture_17;-0.28361;0.84339
Impartial Culture_18;-0.22619;0.97143
Impartial Culture_19;-0.53423;0.75558
SP by Conitzer_0;1.11097;1.47313
SP by Conitzer_1;1.09728;1.26259
SP by Conitzer_2;0.97091;1.46684
SP by Conitzer_3;0.95875;1.57126
SP by Conitzer_4;0.92726;1.22
SP by Conitzer_5;1.08507;1.5213
SP by Conitzer_6;0.99108;1.59716
SP by Conitzer_7;0.83269;1.65819
SP by Conitzer_8;1.25685;1.07413
SP by Conitzer_9;1.15792;1.35298
SP by Conitzer_10;0.90697;1.36243
SP by Conitzer_11;1.06145;1.37039
SP by Conitzer_12;1.00945;1.44163
SP by Conitzer_13;1.03261;1.19621
SP by Conitzer_14;0.82373;1.37195
SP by Conitzer_15;0.75982;1.63417
SP by Conitzer_16;0.86171;1.45244
SP by Conitzer_17;1.00192;1.29651
SP by Conitzer_18;0.90924;1.28205
SP by Conitzer_19;1.19828;1.01046
SP by Walsh_0;1.67903;0.12712
SP by Walsh_1;1.90585;-0.04624
SP by Walsh_2;1.70057;-0.21836
SP by Walsh_3;1.82758;0.17649
SP by Walsh_4;1.70742;0.22692
SP by Walsh_5;1.6278;-0.22528
SP by Walsh_6;1.59423;-0.11686
SP by Walsh_7;1.96047;-0.2174
SP by Walsh_8;1.57552;0.29193
SP by Walsh_9;1.51715;0.16039
SP by Walsh_10;1.73015;0.01928
SP by Walsh_11;1.46664;0.24934
SP by Walsh_12;1.83351;-0.1468
SP by Walsh_13;1.90581;-0.28075
SP by Walsh_14;1.77167;-0.06961
SP by Walsh_15;1.50032;0.0223
SP by Walsh_16;1.82697;0.07439
SP by Walsh_17;1.49348;-0.04492
SP by Walsh_18;2.04119;-0.20701
SP by Walsh_19;1.7095;-0.14879
SPOC_0;0.23337;0.5999
SPOC_1;-0.25881;0.79148
SPOC_2;-0.42794;0.70228
SPOC_3;-0.60015;0.82815
SPOC_4;-0.29002;0.72691
SPOC_5;-0.43754;0.80805
SPOC_6;-0.33522;0.89979
SPOC_7;-0.11834;0.70391
SPOC_8;0.01832;0.69927
SPOC_9;-0.16209;0.82459
SPOC_10;-0.40634;0.62079
SPOC_11;-0.19346;0.5964
SPOC_12;-0.3673;0.70654
SPOC_13;-0.254;0.7002
SPOC_14;-0.32705;0.64912
SPOC_15;-0.35015;0.96797
SPOC_16;-0.49844;0.94268
SPOC_17;-0.39027;1.11809
SPOC_18;-0.12622;0.5937
SPOC_19;-0.37168;0.78357
Single-Crossing_0;2.08584;1.83304
Single-Crossing_1;1.89311;1.25336
Single-Crossing_2;1.56756;0.20012
Single-Crossing_3;1.07041;-0.08279
Single-Crossing_4;1.75537;0.66533
Single-Crossing_5;1.83132;0.75985
Single-Crossing_6;1.56964;0.4375
Single-Crossing_7;1.41254;-0.00445
Single-Crossing_8;1.82087;0.64136
Single-Crossing_9;0.88257;-0.52789
Single-Crossing_10;1.93328;1.6545
Single-Crossing_11;1.43548;-0.24578
Single-Crossing_12;1.65035;0.91301
Single-Crossing_13;1.70056;0.51284
Single-Crossing_14;1.73592;1.43922
Single-Crossing_15;1.58098;1.81394
Single-Crossing_16;1.5621;1.43056
Single-Crossing_17;1.17951;-0.46054
Single-Crossing_18;0.86083;-0.3375
Single-Crossing_19;1.63636;-0.07255
1D Uniform_0;2.44579;1.56644
1D Uniform_1;0.66939;1.42436
1D Uniform_2;1.26545;0.88228
1D Uniform_3;1.19401;2.06696
1D Uniform_4;1.53873;1.68642
1D Uniform_5;0.61377;1.70697
1D Uniform_6;0.91584;0.3535
1D Uniform_7;1.65719;1.16412
1D Uniform_8;0.8527;2.14643
1D Uniform_9;1.16811;1.86589
1D Uniform_10;1.33796;1.64565
1D Uniform_11;1.45387;1.16071
1D Uniform_12;1.38601;1.55762
1D Uniform_13;0.84722;1.80128
1D Uniform_14;1.74296;1.65429
1D Uniform_15;1.21589;1.40608
1D Uniform_16;1.24601;1.49313
1D Uniform_17;0.71204;1.51899
1D Uniform_18;1.38952;1.80077
1D Uniform_19;1.05087;1.83115
2D Uniform_0;1.23342;1.17868
2D Uniform_1;0.52719;1.3344
2D Uniform_2;1.47826;0.12535
2D Uniform_3;1.98367;1.41704
2D Uniform_4;2.19128;0.92905
2D Uniform_5;1.62275;1.35656
2D Uniform_6;0.83611;1.15875
2D Uniform_7;1.14544;-0.02402
2D Uniform_8;1.39883;1.32307
2D Uniform_9;1.17309;1.31585
2D Uniform_10;0.6496;0.89931
2D Uniform_11;0.80735;0.89478
2D Uniform_12;1.9543;1.35335
2D Uniform_13;0.70807;-0.39159
2D Uniform_14;1.63285;0.71812
2D Uniform_15;1.1863;0.87296
2D Uniform_16;0.17133;0.02901
2D Uniform_17;1.20018;1.8917
2D Uniform_18;1.29424;0.77257
2D Uniform_19;1.25806;0.57983
3D Uniform_0;1.27691;-0.33485
3D Uniform_1;1.59426;-0.43094
3D Uniform_2;0.87972;0.87772
3D Uniform_3;1.73106;0.40091
3D Uniform_4;0.56423;1.20469
3D Uniform_5;1.06131;0.69491
3D Uniform_6;0.72291;0.35992
3D Uniform_7;0.83771;1.05277
3D Uniform_8;0.42686;0.45623
3D Uniform_9;1.13411;0.97274
3D Uniform_10;1.0116;-0.14596
3D Uniform_11;0.89956;0.45388
3D Uniform_12;0.44091;-0.16108
3D Uniform_13;0.92234;0.62463
3D Uniform_14;1.34332;1.07861
3D Uniform_15;1.90353;0.76082
3D Uniform_16;1.08437;1.41525
3D Uniform_17;0.56357;1.07818
3D Uniform_18;1.08239;0.14449
3D Uniform_19;1.42064;0.80338
5D Uniform_0;1.05662;0.82428
5D Uniform_1;0.39339;0.9353
5D Uniform_2;1.60818;0.0357
5D Uniform_3;0.6058;0.76949
5D Uniform_4;0.14973;1.18481
5D Uniform_5;1.39619;-0.09131
5D Uniform_6;1.69965;1.30723
5D Uniform_7;0.683;0.06235
5D Uniform_8;1.55608;-0.34793
5D Uniform_9;0.80721;0.52392
5D Uniform_10;0.15435;0.29568
5D Uniform_11;1.5263;0.7606
5D Uniform_12;1.24202;0.8453
5D Uniform_13;0.36353;1.03816
5D Uniform_14;0.49317;0.28995
5D Uniform_15;1.84383;1.06723
5D Uniform_16;0.40598;0.75079
5D Uniform_17;0.96972;0.00638
5D Uniform_18;2.01576;0.2861
5D Uniform_19;0.43079;0.35221
10D Uniform_0;0.14861;1.02457
10D Uniform_1;0.78173;-0.00419
10D Uniform_2;-0.06356;0.49281
10D Uniform_3;0.12553;0.85266
10D Uniform_4;1.19084;0.46076
10D Uniform_5;0.38622;-0.16112
10D Uniform_6;0.46298;0.71665
10D Uniform_7;0.72569;0.48813
10D Uniform_8;2.38138;-0.0323
10D Uniform_9;1.70376;0.01506
10D Uniform_10;1.05324;0.40298
10D Uniform_11;0.32469;0.23101
10D Uniform_12;0.34986;0.84617
10D Uniform_13;0.46933;0.10258
10D Uniform_14;1.47398;0.43227
10D Uniform_15;1.2812;0.08564
10D Uniform_16;0.10031;1.0034
10D Uniform_17;0.59805;0.79909
10D Uniform_18;-0.17161;0.5216
10D Uniform_19;0.35679;0.67383
20D Uniform_0;0.55708;0.47144
20D Uniform_1;0.37528;0.23622
20D Uniform_2;0.21941;0.79673
20D Uniform_3;0.78028;0.75099
20D Uniform_4;1.91676;0.09791
20D Uniform_5;0.77454;0.18863
20D Uniform_6;1.06666;0.27756
20D Uniform_7;1.1099;0.51001
20D Uniform_8;0.19496;0.70784
20D Uniform_9;-0.22455;1.17285
20D Uniform_10;0.15976;0.79479
20D Uniform_11;0.17411;0.45265
20D Uniform_12;0.62899;0.53907
20D Uniform_13;-0.34289;0.5768
20D Uniform_14;0.78223;0.1175
20D Uniform_15;1.21629;0.21242
20D Uniform_16;1.34469;-0.06514
20D Uniform_17;0.70738;0.31899
20D Uniform_18;1.26513;0.70952
20D Uniform_19;-0.21542;0.69824
2D Sphere_0;0.1364;1.47826
2D Sphere_1;-0.22555;1.11798
2D Sphere_2;-0.04298;1.39814
2D Sphere_3;0.38375;1.71468
2D Sphere_4;-0.3049;1.4355
2D Sphere_5;-0.13947;1.76722
2D Sphere_6;-0.46083;1.21329
2D Sphere_7;-0.28543;1.26057
2D Sphere_8;0.36987;1.41905
2D Sphere_9;-0.04702;0.55414
2D Sphere_10;-0.27096;1.56597
2D Sphere_11;-0.08037;1.65638
2D Sphere_12;0.40519;2.32545
2D Sphere_13;-0.02029;1.51839
2D Sphere_14;-0.52726;0.85025
2D Sphere_15;-0.40709;1.40718
2D Sphere_16;-0.43739;1.0176
2D Sphere_17;0.20303;1.50478
2D Sphere_18;0.08421;1.09509
2D Sphere_19;-0.07992;1.736
3D Sphere_0;-0.39791;1.08811
3D Sphere_1;-0.48103;1.49901
3D Sphere_2;0.03643;1.47149
3D Sphere_3;0.0595;0.83646
3D Sphere_4;0.12742;1.15444
3D Sphere_5;-0.34035;1.12218
3D Sphere_6;0.26065;1.55287
3D Sphere_7;-0.14519;1.10473
3D Sphere_8;-0.38463;1.30724
3D Sphere_9;-0.17557;1.51708
3D Sphere_10;0.10913;1.52215
3D Sphere_11;-0.08871;1.29377
3D Sphere_12;-0.16199;1.13967
3D Sphere_13;0.06349;1.29317
3D Sphere_14;0.27208;1.51205
3D Sphere_15;-0.23459;1.42254
3D Sphere_16;0.07762;1.39378
3D Sphere_17;-0.17837;0.96322
3D Sphere_18;-0.10688;0.89528
3D Sphere_19;0.03671;0.97273
5D Sphere_0;-0.06218;1.01041
5D Sphere_1;0.15424;0.98887
5D Sphere_2;-0.05258;0.72523
5D Sphere_3;0.25382;1.38346
5D Sphere_4;-0.02222;1.12663
5D Sphere_5;-0.29053;0.91439
5D Sphere_6;-0.07146;1.32896
5D Sphere_7;-0.32742;1.22579
5D Sphere_8;0.23599;1.07766
5D Sphere_9;0.12267;0.62296
5D Sphere_10;-0.23215;1.05295
5D Sphere_11;0.0079;0.94773
5D Sphere_12;-0.3641;1.49574
5D Sphere_13;0.19691;1.17935
5D Sphere_14;-0.21357;1.30502
5D Sphere_15;0.33071;1.12251
5D Sphere_16;-0.16309;0.56605
5D Sphere_17;-0.48715;0.97743
5D Sphere_18;-0.13117;1.32724
5D Sphere_19;-0.23297;0.83541
GS Balanced_0;-0.36691;0.64684
GS Balanced_1;-0.54805;0.81459
GS Balanced_2;-0.6009;0.7667
GS Balanced_3;-0.22924;0.58067
GS Balanced_4;-0.17567;0.74464
GS Balanced_5;-0.55178;0.88846
GS Balanced_6;-0.45703;0.93339
GS Balanced_7;-0.50115;0.89822
GS Balanced_8;-0.21877;0.76047
GS Balanced_9;-0.4901;0.69513
GS Balanced_10;-0.31063;1.04556
GS Balanced_11;-0.49786;1.10124
GS Balanced_12;-0.49204;0.81969
GS Balanced_13;-0.37807;0.91528
GS Balanced_14;-0.49841;0.63964
GS Balanced_15;-0.34241;1.00998
GS Balanced_16;-0.55135;0.7257
GS Balanced_17;-0.47846;0.74973
GS Balanced_18;-0.03024;0.47408
GS Balanced_19;0.25286;0.26411
GS Caterpillar_0;0.139;1.86723
GS Caterpillar_1;0.24016;1.79413
GS Caterpillar_2;0.06188;1.82188
GS Caterpillar_3;-0.02409;1.86243
GS Caterpillar_4;-0.20931;1.89781
GS Caterpillar_5;0.1216;1.92589
GS Caterpillar_6;0.22248;1.73815
GS Caterpillar_7;0.00719;1.9117
GS Caterpillar_8;0.38805;1.95916
GS Caterpillar_9;-0.13324;1.84276
GS Caterpillar_10;0.24857;1.86047
GS Caterpillar_11;0.31217;1.98014
GS Caterpillar_12;0.02052;1.73486
GS Caterpillar_13;0.34904;1.76469
GS Caterpillar_14;-0.2172;1.76648
GS Caterpillar_15;-0.32863;1.83861
GS Caterpillar_16;0.30367;1.73287
GS Caterpillar_17;-0.38553;1.75252
GS Caterpillar_18;-0.09225;1.95453
GS Caterpillar_19;-0.09353;0.14861
Urn_0;0.73033;0.87557
Urn_1;2.34309;1.40594
Urn_2;-0.07158;0.42443
Urn_3;0.58447;0.01904
Urn_4;2.28522;1.27716
Urn_5;2.08196;0.81896
Urn_6;4.43418;0.79884
Urn_7;1.02877;0.04987
Urn_8;3.39731;1.07097
Urn_9;1.48693;1.42359
Urn_10;0.86633;1.85589
Urn_11;2.60824;1.17455
Urn_12;4.42624;0.76114
Urn_13;2.47141;2.18819
Urn_14;0.21176;-0.22887
Urn_15;2.27497;2.16196
Urn_16;2.32694;1.7972
Urn_17;2.86268;-0.18447
Urn_18;3.80091;1.4225
Urn_19;2.40615;1.63115
Urn_20;2.16228;0.96754
Urn_21;0.15969;0.69057
Urn_22;2.4438;1.01322
Urn_23;3.25276;1.17547
Urn_24;4.45626;0.75649
Urn_25;2.53241;-0.39461
Urn_26;0.7362;0.60998
Urn_27;3.29025;1.25055
Urn_28;1.06066;-0.84102
Urn_29;2.64508;0.00595
Urn_30;3.36279;0.0338
Urn_31;0.64234;0.02085
Urn_32;2.69352;0.70739
Urn_33;3.97542;0.54912
Urn_34;1.68694;1.84308
Urn_35;0.44282;0.03461
Urn_36;4.44814;0.78494
Urn_37;1.99451;1.13266
Urn_38;2.42573;0.9619
Urn_39;3.62815;1.55451
Urn_40;1.67709;1.07058
Urn_41;0.42604;2.05783
Urn_42;-0.02019;1.08556
Urn_43;0.82582;-0.41879
Urn_44;2.18063;1.77182
Urn_45;3.30007;1.31759
Urn_46;4.30288;0.86379
Urn_47;2.37477;-0.36296
Urn_48;2.25486;0.18229
Urn_49;0.24517;1.02725
Urn_50;3.66982;1.12936
Urn_51;2.94625;1.19144
Urn_52;0.39219;1.2431
Urn_53;2.16511;-0.38324
Urn_54;2.20391;1.2048
Urn_55;4.04456;0.96422
Urn_56;1.31078;1.27474
Urn_57;0.69116;1.21872
Urn_58;0.03552;0.24794
Urn_59;2.26979;-0.11776
Urn_60;2.79766;1.36271
Urn_61;2.96632;0.2497
Urn_62;2.4096;1.69629
Urn_63;1.12867;-0.23437
Urn_64;0.66287;1.07531
Urn_65;1.75688;0.97534
Urn_66;0.59444;0.65841
Urn_67;1.88427;-0.84653
Urn_68;1.06593;0.9803
Urn_69;0.99842;0.59814
Urn_70;2.29966;-0.91248
Urn_71;-0.33495;0.2449
Urn_72;3.19175;1.55934
Urn_73;3.20029;-0.11889
Urn_74;0.63644;0.26774
Urn_75;3.11157;1.55815
Urn_76;2.9139;1.43847
Urn_77;3.15687;-0.00143
Urn_78;2.04733;-0.60319
Urn_79;1.43712;2.25162
Norm-Mallows_0;0.61427;0.35857
Norm-Mallows_1;3.09574;0.38748
Norm-Mallows_2;0.34159;0.62035
Norm-Mallows_3;0.83612;0.26579
Norm-Mallows_4;0.09726;0.66909
Norm-Mallows_5;3.09855;0.80039
Norm-Mallows_6;0.28067;0.47759
Norm-Mallows_7;3.35798;0.73676
Norm-Mallows_8;4.1028;0.67969
Norm-Mallows_9;3.69467;0.58035
Norm-Mallows_10;0.15938;0.42048
Norm-Mallows_11;2.50871;0.10402
Norm-Mallows_12;3.11337;0.59766
Norm-Mallows_13;3.31538;0.31142
Norm-Mallows_14;1.61446;0.35868
Norm-Mallows_15;-0.40882;0.92958
Norm-Mallows_16;1.537;0.58812
Norm-Mallows_17;-0.40666;0.86623
Norm-Mallows_18;2.92318;0.56146
Norm-Mallows_19;-0.36729;0.86033
Norm-Mallows_20;3.59842;0.74058
Norm-Mallows_21;2.80234;0.46798
Norm-Mallows_22;2.22724;0.4228
Norm-Mallows_23;2.46615;0.43055
Norm-Mallows_24;3.83756;0.75573
Norm-Mallows_25;2.84896;0.60042
Norm-Mallows_26;3.00324;0.33453
Norm-Mallows_27;0.15198;0.32955
Norm-Mallows_28;3.74885;0.51706
Norm-Mallows_29;3.81039;0.62452
Norm-Mallows_30;4.1324;0.72718
Norm-Mallows_31;3.30797;0.38657
Norm-Mallows_32;0.3876;0.39974
Norm-Mallows_33;-0.10579;0.76719
Norm-Mallows_34;1.17394;0.67528
Norm-Mallows_35;3.81657;0.8773
Norm-Mallows_36;2.50039;0.30307
Norm-Mallows_37;0.28432;0.43055
Norm-Mallows_38;0.03591;0.50846
Norm-Mallows_39;1.89158;0.51945
Norm-Mallows_40;0.01366;0.85691
Norm-Mallows_41;3.66762;0.6819
Norm-Mallows_42;1.26854;0.28877
Norm-Mallows_43;3.60559;0.53931
Norm-Mallows_44;0.92643;0.19897
Norm-Mallows_45;2.54145;0.5536
Norm-Mallows_46;0.00605;0.5962
Norm-Mallows_47;-0.09344;0.63239
Norm-Mallows_48;4.04418;0.8298
Norm-Mallows_49;3.26488;0.5231
Norm-Mallows_50;2.31852;0.56527
Norm-Mallows_51;-0.14612;0.91093
Norm-Mallows_52;0.19442;0.51012
Norm-Mallows_53;3.66494;0.82207
Norm-Mallows_54;4.00211;0.70094
Norm-Mallows_55;1.62964;0.44717
Norm-Mallows_56;3.14812;0.68876
Norm-Mallows_57;0.49901;0.59168
Norm-Mallows_58;2.61083;0.32826
Norm-Mallows_59;1.46046;0.36037
Norm-Mallows_60;3.3589;0.59006
Norm-Mallows_61;0.08499;0.58623
Norm-Mallows_62;0.54119;0.23639
Norm-Mallows_63;0.64112;0.45476
Norm-Mallows_64;2.45351;0.67646
Norm-Mallows_65;0.78513;-0.11652
Norm-Mallows_66;1.02471;0.1953
Norm-Mallows_67;1.17245;0.41117
Norm-Mallows_68;0.27835;0.7873
Norm-Mallows_69;0.29477;0.60892
Norm-Mallows_70;2.00638;0.51653
Norm-Mallows_71;1.8442;0.41091
Norm-Mallows_72;3.31499;0.85973
Norm-Mallows_73;0.70795;0.6915
Norm-Mallows_74;2.26654;0.24429
Norm-Mallows_75;3.49281;0.55605
Norm-Mallows_76;3.31027;0.66223
Norm-Mallows_77;0.93225;0.31514
Norm-Mallows_78;0.84956;0.69356
Norm-Mallows_79;1.37409;0.51733
ANID_0;4.33142;0.95384
ANID_1;4.16523;1.09762
ANID_2;3.98528;1.225
ANID_3;3.79379;1.32631
ANID_4;3.59356;1.44429
ANID_5;3.40997;1.58474
ANID_6;3.20857;1.70685
ANID_7;2.99689;1.77997
ANID_8;2.79863;1.86031
ANID_9;2.5974;1.95247
ANID_10;2.38013;2.05248
ANID_11;2.14988;2.15194
ANID_12;1.93607;2.23839
ANID_13;1.72215;2.32095
ANID_14;1.50348;2.40326
ANID_15;1.28028;2.46802
ANID_16;1.06638;2.51754
ANID_17;0.86399;2.55732
ANID_18;0.67453;2.59538
ANID_19;0.49897;2.64676
STID_0;4.34938;0.73158
STID_1;4.27891;0.65857
STID_2;4.19729;0.59198
STID_3;4.12072;0.51117
STID_4;4.03663;0.43593
STID_5;3.95599;0.35835
STID_6;3.87814;0.27845
STID_7;3.80236;0.19779
STID_8;3.72975;0.1142
STID_9;3.65775;0.03032
STID_10;3.5894;-0.05632
STID_11;3.52282;-0.14362
STID_12;3.4582;-0.23068
STID_13;3.39542;-0.31684
STID_14;3.33384;-0.40167
STID_15;3.27396;-0.48593
STID_16;3.21602;-0.57019
STID_17;3.15956;-0.65449
STID_18;3.10517;-0.73913
STID_19;3.05445;-0.82497
ANUN_0;-0.6715;0.88265
ANUN_1;-0.63738;0.96748
ANUN_2;-0.60344;1.0484
ANUN_3;-0.57562;1.13392
ANUN_4;-0.54293;1.21947
ANUN_5;-0.50944;1.31246
ANUN_6;-0.47925;1.40798
ANUN_7;-0.43724;1.51185
ANUN_8;-0.39495;1.61201
ANUN_9;-0.3519;1.71153
ANUN_10;-0.30875;1.81984
ANUN_11;-0.26026;1.93443
ANUN_12;-0.19078;2.0379
ANUN_13;-0.11694;2.13132
ANUN_14;-0.04506;2.21821
ANUN_15;0.02299;2.30199
ANUN_16;0.08666;2.38422
ANUN_17;0.14753;2.46558
ANUN_18;0.20932;2.54494
ANUN_19;0.26801;2.62379
STUN_0;-0.553;0.67489
STUN_1;-0.37154;0.57021
STUN_2;-0.22561;0.4745
STUN_3;-0.08032;0.38266
STUN_4;0.07599;0.29736
STUN_5;0.22009;0.18187
STUN_6;0.37496;0.07409
STUN_7;0.54564;-0.05049
STUN_8;0.73521;-0.15338
STUN_9;0.92806;-0.24487
STUN_10;1.11182;-0.34372
STUN_11;1.28625;-0.44897
STUN_12;1.46468;-0.55022
STUN_13;1.669;-0.62262
STUN_14;1.87558;-0.67316
STUN_15;2.0833;-0.7148
STUN_16;2.27911;-0.75092
STUN_17;2.46322;-0.79806
STUN_18;2.64231;-0.84886
STUN_19;2.82228;-0.89748
