instance_id;x;y
ID;1.69192;0.48538
UN;0.14714;0.48538
AN;0.4638;-0.49358
ST;1.23083;-0.43512
Impartial Culture_0;0.35936;0.39322
Impartial Culture_1;0.33565;0.32935
Impartial Culture_2;0.35345;0.482
Impartial Culture_3;0.3915;0.44178
Impartial Culture_4;0.3249;0.4566
Impartial Culture_5;0.36381;0.45739
Impartial Culture_6;0.25883;0.34726
Impartial Culture_7;0.28699;0.47905
Impartial Culture_8;0.35996;0.30757
Impartial Culture_9;0.25285;0.38132
Impartial Culture_10;0.27851;0.369
Impartial Culture_11;0.28275;0.40954
Impartial Culture_12;0.21604;0.38744
Impartial Culture_13;0.35317;0.36734
Impartial Culture_14;0.30515;0.38156
Impartial Culture_15;0.32279;0.39626
Impartial Culture_16;0.29879;0.44581
Impartial Culture_17;0.27359;0.45121
Impartial Culture_18;0.23539;0.40681
Impartial Culture_19;0.25545;0.42689
SP by Conitzer_0;0.58255;-0.23411
SP by Conitzer_1;0.543;-0.13994
SP by Conitzer_2;0.67023;-0.17061
SP by Conitzer_3;0.49619;-0.15176
SP by Conitzer_4;0.44787;-0.13952
SP by Conitzer_5;0.61728;-0.14759
SP by Conitzer_6;0.63736;-0.16992
SP by Conitzer_7;0.69472;-0.12105
SP by Conitzer_8;0.61976;-0.22326
SP by Conitzer_9;0.70774;-0.15446
SP by Conitzer_10;0.39227;-0.16728
SP by Conitzer_11;0.56612;-0.10444
SP by Conitzer_12;0.65165;-0.21482
SP by Conitzer_13;0.65451;-0.12473
SP by Conitzer_14;0.69208;-0.20515
SP by Conitzer_15;0.47851;-0.11705
SP by Conitzer_16;0.62116;-0.10844
SP by Conitzer_17;0.46323;-0.20801
SP by Conitzer_18;0.60793;-0.19268
SP by Conitzer_19;0.53048;-0.18334
SP by Walsh_0;1.42128;-0.12232
SP by Walsh_1;1.46517;-0.00985
SP by Walsh_2;1.37971;-0.11464
SP by Walsh_3;1.4221;-0.05906
SP by Walsh_4;1.42373;-0.00821
SP by Walsh_5;1.41024;0.04926
SP by Walsh_6;1.33882;0.02574
SP by Walsh_7;1.33166;-0.09881
SP by Walsh_8;1.30027;-0.1319
SP by Walsh_9;1.37695;0.06473
SP by Walsh_10;1.44724;0.03343
SP by Walsh_11;1.47957;-0.04488
SP by Walsh_12;1.38992;-0.02979
SP by Walsh_13;1.35377;-0.05536
SP by Walsh_14;1.34492;-0.01235
SP by Walsh_15;1.34885;-0.14183
SP by Walsh_16;1.30866;-0.05753
SP by Walsh_17;1.37827;-0.0818
SP by Walsh_18;1.38752;0.01703
SP by Walsh_19;1.44865;-0.08206
SPOC_0;0.27099;0.30383
SPOC_1;0.44317;0.486
SPOC_2;0.4574;0.41373
SPOC_3;0.18466;0.40228
SPOC_4;0.48342;0.37197
SPOC_5;0.23633;0.28411
SPOC_6;0.20295;0.42899
SPOC_7;0.44004;0.38606
SPOC_8;0.17248;0.4314
SPOC_9;0.22788;0.35721
SPOC_10;0.23258;0.44364
SPOC_11;0.31791;0.49113
SPOC_12;0.37801;0.28613
SPOC_13;0.16254;0.36113
SPOC_14;0.37637;0.41979
SPOC_15;0.34637;0.42638
SPOC_16;0.20102;0.35279
SPOC_17;0.31002;0.3472
SPOC_18;0.31584;0.42749
SPOC_19;0.4305;0.46491
Single-Crossing_0;1.1591;0.21038
Single-Crossing_1;1.03546;-0.09151
Single-Crossing_2;1.01634;-0.20462
Single-Crossing_3;1.09282;0.02473
Single-Crossing_4;1.05026;0.05541
Single-Crossing_5;1.16745;-0.09667
Single-Crossing_6;1.09069;-0.10744
Single-Crossing_7;1.10675;-0.01913
Single-Crossing_8;0.99436;-0.10699
Single-Crossing_9;1.05324;-0.13262
Single-Crossing_10;0.95799;-0.22305
Single-Crossing_11;1.13002;-0.05471
Single-Crossing_12;1.10501;-0.15452
Single-Crossing_13;0.96355;-0.17871
Single-Crossing_14;1.15317;0.26791
Single-Crossing_15;1.008;-0.16814
Single-Crossing_16;1.07662;-0.06217
Single-Crossing_17;0.96223;-0.09728
Single-Crossing_18;1.0274;-0.0407
Single-Crossing_19;1.05635;-0.1907
1D Uniform_0;0.58189;-0.29002
1D Uniform_1;0.74588;-0.12525
1D Uniform_2;0.50712;-0.24687
1D Uniform_3;0.74222;-0.27359
1D Uniform_4;0.56072;-0.20757
1D Uniform_5;0.81592;-0.20222
1D Uniform_6;0.78948;-0.15391
1D Uniform_7;0.7411;-0.16357
1D Uniform_8;0.61863;-0.29624
1D Uniform_9;0.52426;-0.10558
1D Uniform_10;0.57105;-0.1738
1D Uniform_11;0.5537;-0.27045
1D Uniform_12;0.69728;-0.24583
1D Uniform_13;0.78618;-0.2426
1D Uniform_14;0.50309;-0.20351
1D Uniform_15;0.75773;-0.20642
1D Uniform_16;0.45878;-0.17859
1D Uniform_17;0.67957;-0.27359
1D Uniform_18;0.52873;-0.29698
1D Uniform_19;0.64869;-0.31686
2D Uniform_0;0.65692;0.05136
2D Uniform_1;0.5817;0.06169
2D Uniform_2;0.73893;0.0201
2D Uniform_3;0.65434;-0.05783
2D Uniform_4;0.78547;-0.02351
2D Uniform_5;0.91651;0.02013
2D Uniform_6;0.89362;0.04431
2D Uniform_7;0.86049;0.02544
2D Uniform_8;0.62147;-0.02809
2D Uniform_9;0.71553;-0.00341
2D Uniform_10;0.70561;-0.04255
2D Uniform_11;0.74573;-0.02397
2D Uniform_12;0.76462;0.04587
2D Uniform_13;0.75724;-0.06775
2D Uniform_14;0.85787;-0.02063
2D Uniform_15;0.59755;0.00447
2D Uniform_16;0.80742;0.04551
2D Uniform_17;0.64383;0.01828
2D Uniform_18;0.67307;-0.01041
2D Uniform_19;0.54604;0.01191
3D Uniform_0;0.80665;0.16135
3D Uniform_1;0.78022;0.08139
3D Uniform_2;0.68895;0.12313
3D Uniform_3;0.90195;0.08603
3D Uniform_4;0.78987;0.11666
3D Uniform_5;0.7448;0.11288
3D Uniform_6;0.71492;0.14965
3D Uniform_7;0.60123;0.13333
3D Uniform_8;0.95385;0.06717
3D Uniform_9;0.90167;-0.02927
3D Uniform_10;0.48441;0.15214
3D Uniform_11;0.6365;0.08172
3D Uniform_12;0.80823;0.00515
3D Uniform_13;0.87935;0.18235
3D Uniform_14;0.60833;0.04047
3D Uniform_15;0.70489;0.0445
3D Uniform_16;0.86622;0.1037
3D Uniform_17;0.64519;0.11836
3D Uniform_18;0.74233;0.07944
3D Uniform_19;0.84035;0.06849
5D Uniform_0;0.92082;0.1292
5D Uniform_1;0.7425;0.19837
5D Uniform_2;0.83586;0.12055
5D Uniform_3;0.63343;0.18685
5D Uniform_4;0.6442;0.14965
5D Uniform_5;0.67628;0.17109
5D Uniform_6;0.85337;0.21543
5D Uniform_7;0.70224;0.19536
5D Uniform_8;0.72819;0.2425
5D Uniform_9;0.53925;0.14485
5D Uniform_10;0.69044;0.08578
5D Uniform_11;0.77853;0.19555
5D Uniform_12;0.78154;0.23282
5D Uniform_13;0.84375;0.15523
5D Uniform_14;0.9694;0.14955
5D Uniform_15;0.82541;0.2043
5D Uniform_16;0.88347;0.23957
5D Uniform_17;0.88221;0.14637
5D Uniform_18;0.92298;0.16629
5D Uniform_19;0.75256;0.15588
10D Uniform_0;0.59194;0.27261
10D Uniform_1;0.80153;0.37977
10D Uniform_2;0.76991;0.35996
10D Uniform_3;0.6859;0.28693
10D Uniform_4;0.83378;0.32212
10D Uniform_5;0.66025;0.45205
10D Uniform_6;0.76197;0.26409
10D Uniform_7;0.93046;0.20876
10D Uniform_8;0.70898;0.31825
10D Uniform_9;0.708;0.46493
10D Uniform_10;0.89377;0.29365
10D Uniform_11;0.73864;0.291
10D Uniform_12;0.73993;0.33891
10D Uniform_13;0.78049;0.31708
10D Uniform_14;0.68223;0.2269
10D Uniform_15;0.5696;0.17096
10D Uniform_16;0.86999;0.3256
10D Uniform_17;0.70521;0.36013
10D Uniform_18;0.58653;0.10453
10D Uniform_19;0.82787;0.25918
20D Uniform_0;0.73072;0.42767
20D Uniform_1;0.52862;0.19342
20D Uniform_2;0.68824;0.25542
20D Uniform_3;0.78601;0.28454
20D Uniform_4;0.63824;0.26765
20D Uniform_5;0.53004;0.45038
20D Uniform_6;0.65866;0.39411
20D Uniform_7;0.50571;0.23575
20D Uniform_8;0.64674;0.22985
20D Uniform_9;0.57919;0.4405
20D Uniform_10;0.55803;0.26024
20D Uniform_11;0.59911;0.34843
20D Uniform_12;0.73689;0.38124
20D Uniform_13;0.60088;0.38216
20D Uniform_14;0.59743;0.19336
20D Uniform_15;0.67029;0.33658
20D Uniform_16;0.60706;0.23224
20D Uniform_17;0.55664;0.33972
20D Uniform_18;0.65442;0.30164
20D Uniform_19;0.54821;0.22959
2D Sphere_0;0.14543;0.28904
2D Sphere_1;0.26844;-0.04361
2D Sphere_2;0.19624;0.31304
2D Sphere_3;0.2256;0.06111
2D Sphere_4;0.23666;0.16007
2D Sphere_5;0.29924;0.15059
2D Sphere_6;0.37302;0.06603
2D Sphere_7;0.20248;0.48024
2D Sphere_8;0.3721;0.14341
2D Sphere_9;0.33776;0.0372
2D Sphere_10;0.405;0.13396
2D Sphere_11;0.15109;0.33232
2D Sphere_12;0.25676;0.13056
2D Sphere_13;0.20598;0.17579
2D Sphere_14;0.29211;0.50867
2D Sphere_15;0.21737;0.02036
2D Sphere_16;0.40761;0.1677
2D Sphere_17;0.27217;0.17533
2D Sphere_18;0.11607;0.31769
2D Sphere_19;0.32917;0.08548
3D Sphere_0;0.39345;0.47187
3D Sphere_1;0.38103;0.36304
3D Sphere_2;0.46108;0.26098
3D Sphere_3;0.3987;0.40124
3D Sphere_4;0.3397;0.13044
3D Sphere_5;0.41007;0.25843
3D Sphere_6;0.21023;0.46121
3D Sphere_7;0.38805;0.10264
3D Sphere_8;0.33;0.26995
3D Sphere_9;0.24928;0.47005
3D Sphere_10;0.14328;0.25
3D Sphere_11;0.25334;0.20828
3D Sphere_12;0.49672;0.40507
3D Sphere_13;0.17112;0.30155
3D Sphere_14;0.47583;0.46738
3D Sphere_15;0.43109;0.42461
3D Sphere_16;0.23281;0.24678
3D Sphere_17;0.2061;0.25654
3D Sphere_18;0.44331;0.22747
3D Sphere_19;0.18179;0.27042
5D Sphere_0;0.3123;0.29931
5D Sphere_1;0.34921;0.50708
5D Sphere_2;0.25496;0.49919
5D Sphere_3;0.41814;0.28412
5D Sphere_4;0.2656;0.26185
5D Sphere_5;0.15868;0.38263
5D Sphere_6;0.29881;0.26963
5D Sphere_7;0.33063;0.15898
5D Sphere_8;0.379;0.50421
5D Sphere_9;0.28178;0.22862
5D Sphere_10;0.42639;0.31205
5D Sphere_11;0.3772;0.19536
5D Sphere_12;0.22988;0.32459
5D Sphere_13;0.20883;0.29397
5D Sphere_14;0.38277;0.24912
5D Sphere_15;0.22379;0.21295
5D Sphere_16;0.1905;0.22945
5D Sphere_17;0.32794;0.22938
5D Sphere_18;0.33191;0.19409
5D Sphere_19;0.29235;0.19529
GS Balanced_0;0.18033;0.17783
GS Balanced_1;0.14198;0.1706
GS Balanced_2;0.18458;0.14047
GS Balanced_3;0.09646;0.24068
GS Balanced_4;0.29424;0.07223
GS Balanced_5;0.36253;0.55359
GS Balanced_6;0.14865;0.11909
GS Balanced_7;0.11965;0.20965
GS Balanced_8;0.28526;0.0279
GS Balanced_9;0.26236;0.05702
GS Balanced_10;0.30748;0.53346
GS Balanced_11;0.20946;0.11897
GS Balanced_12;0.15609;0.20498
GS Balanced_13;0.10871;0.17364
GS Balanced_14;0.17481;0.10529
GS Balanced_15;0.42237;0.50572
GS Balanced_16;0.19129;0.08315
GS Balanced_17;0.23823;0.0976
GS Balanced_18;0.12436;0.13303
GS Balanced_19;0.27912;0.09957
GS Caterpillar_0;0.38041;-0.30765
GS Caterpillar_1;0.27237;-0.20623
GS Caterpillar_2;0.39366;-0.26648
GS Caterpillar_3;0.33257;-0.21195
GS Caterpillar_4;0.29961;-0.24257
GS Caterpillar_5;0.36872;-0.35434
GS Caterpillar_6;0.22354;-0.22471
GS Caterpillar_7;0.43317;-0.30379
GS Caterpillar_8;0.30347;-0.16869
GS Caterpillar_9;0.25884;-0.24909
GS Caterpillar_10;0.34059;-0.32427
GS Caterpillar_11;0.48721;-0.36152
GS Caterpillar_12;0.36218;-0.23857
GS Caterpillar_13;0.25025;-0.16592
GS Caterpillar_14;0.21336;-0.18193
GS Caterpillar_15;0.42746;-0.35467
GS Caterpillar_16;0.46427;-0.33734
GS Caterpillar_17;0.26151;-0.28456
GS Caterpillar_18;0.33851;-0.27503
GS Caterpillar_19;0.30253;-0.29743
Urn_0;1.22706;0.41895
Urn_1;1.46441;0.54059
Urn_2;1.18245;0.45041
Urn_3;1.24257;-0.18143
Urn_4;0.47947;0.0708
Urn_5;0.61094;0.52783
Urn_6;0.83573;0.47847
Urn_7;1.33595;0.39683
Urn_8;0.76829;0.56079
Urn_9;1.68548;0.44368
Urn_10;1.38415;0.51842
Urn_11;0.68656;0.51113
Urn_12;0.96282;-0.33961
Urn_13;0.77253;0.49903
Urn_14;0.65672;0.53884
Urn_15;1.0763;0.58289
Urn_16;1.20242;0.50181
Urn_17;0.91189;0.47073
Urn_18;0.86827;-0.29719
Urn_19;0.35186;0.25469
Urn_20;0.72146;0.5264
Urn_21;1.01505;-0.35333
Urn_22;0.35793;0.21643
Urn_23;1.56586;0.53416
Urn_24;1.27415;-0.25887
Urn_25;1.71042;0.43439
Urn_26;1.11192;0.4777
Urn_27;0.47839;0.10401
Urn_28;0.49672;0.50671
Urn_29;1.50378;0.46328
Urn_30;0.90828;-0.13144
Urn_31;0.82611;-0.24497
Urn_32;1.09571;0.3769
Urn_33;1.41751;0.44325
Urn_34;0.89218;0.49049
Urn_35;0.82134;-0.10242
Urn_36;0.51968;0.04717
Urn_37;1.30973;0.48466
Urn_38;1.21026;-0.29319
Urn_39;0.82464;-0.29212
Urn_40;0.43934;0.03647
Urn_41;0.80744;0.51807
Urn_42;1.52814;0.51777
Urn_43;0.43862;-0.01486
Urn_44;1.14249;0.56611
Urn_45;0.94904;0.54038
Urn_46;1.04584;-0.00094
Urn_47;0.28105;0.3248
Urn_48;1.65848;0.45069
Urn_49;0.51893;0.09951
Urn_50;0.48839;-0.00323
Urn_51;1.65949;0.48311
Urn_52;0.93671;-0.29065
Urn_53;0.9059;-0.36968
Urn_54;0.99751;0.6144
Urn_55;0.85356;-0.18667
Urn_56;1.5562;0.47625
Urn_57;0.97707;0.4497
Urn_58;0.80561;-0.3528
Urn_59;1.53536;0.42766
Urn_60;1.27619;0.55081
Urn_61;1.01959;0.50594
Urn_62;0.90109;-0.25098
Urn_63;1.04688;-0.31858
Urn_64;1.05345;0.45471
Urn_65;0.5729;-0.02968
Urn_66;0.51115;-0.03084
Urn_67;0.85694;-0.14518
Urn_68;1.71315;0.46421
Urn_69;0.95906;-0.02765
Urn_70;0.43845;0.18784
Urn_71;1.06707;0.50378
Urn_72;0.81736;-0.05882
Urn_73;1.21792;-0.35615
Urn_74;0.85104;0.61541
Urn_75;0.87713;0.53638
Urn_76;0.39721;0.22316
Urn_77;1.03164;-0.25923
Urn_78;0.41781;-0.05751
Urn_79;0.87404;-0.07102
Norm-Mallows_0;1.10732;0.24492
Norm-Mallows_1;1.21088;0.22507
Norm-Mallows_2;0.44622;0.34314
Norm-Mallows_3;1.06186;0.28269
Norm-Mallows_4;0.9671;0.2699
Norm-Mallows_5;0.9356;0.3821
Norm-Mallows_6;1.16729;0.15532
Norm-Mallows_7;1.62524;0.05431
Norm-Mallows_8;0.98995;0.21932
Norm-Mallows_9;1.0365;0.12761
Norm-Mallows_10;1.14034;0.07705
Norm-Mallows_11;1.04166;0.16969
Norm-Mallows_12;0.67273;0.425
Norm-Mallows_13;0.56788;0.37145
Norm-Mallows_14;1.67154;0.15222
Norm-Mallows_15;0.62837;0.41781
Norm-Mallows_16;1.40522;0.24423
Norm-Mallows_17;1.27435;0.16409
Norm-Mallows_18;0.48543;0.3063
Norm-Mallows_19;0.53533;0.28919
Norm-Mallows_20;0.91794;0.26113
Norm-Mallows_21;0.90759;0.35607
Norm-Mallows_22;0.95895;0.34348
Norm-Mallows_23;1.63532;0.09042
Norm-Mallows_24;1.71023;0.3842
Norm-Mallows_25;1.39836;0.13294
Norm-Mallows_26;0.93796;0.31353
Norm-Mallows_27;1.00831;0.29868
Norm-Mallows_28;1.62126;0.13215
Norm-Mallows_29;0.60997;0.45608
Norm-Mallows_30;0.57816;0.47641
Norm-Mallows_31;0.69666;0.39811
Norm-Mallows_32;0.46917;0.44102
Norm-Mallows_33;1.0642;0.20706
Norm-Mallows_34;0.85319;0.28788
Norm-Mallows_35;1.50596;0.06298
Norm-Mallows_36;0.76772;0.434
Norm-Mallows_37;1.28655;0.21404
Norm-Mallows_38;1.02877;0.34018
Norm-Mallows_39;1.08566;0.11365
Norm-Mallows_40;1.68028;0.19377
Norm-Mallows_41;1.08951;0.30897
Norm-Mallows_42;1.69762;0.25162
Norm-Mallows_43;0.49917;0.34075
Norm-Mallows_44;0.83608;0.35435
Norm-Mallows_45;1.65746;0.22916
Norm-Mallows_46;1.47577;0.10919
Norm-Mallows_47;1.22254;0.27428
Norm-Mallows_48;0.57552;0.30971
Norm-Mallows_49;1.60672;0.18036
Norm-Mallows_50;1.55508;0.04838
Norm-Mallows_51;1.22392;0.12232
Norm-Mallows_52;0.85815;0.41117
Norm-Mallows_53;0.63477;0.36658
Norm-Mallows_54;1.66035;0.30122
Norm-Mallows_55;1.51927;0.16703
Norm-Mallows_56;1.23869;0.00593
Norm-Mallows_57;1.32369;0.26061
Norm-Mallows_58;1.48307;0.2372
Norm-Mallows_59;1.34728;0.15228
Norm-Mallows_60;1.04107;0.24305
Norm-Mallows_61;1.31215;0.10295
Norm-Mallows_62;1.48021;0.15654
Norm-Mallows_63;0.39414;0.33547
Norm-Mallows_64;1.37961;0.1995
Norm-Mallows_65;0.8768;0.38159
Norm-Mallows_66;1.19648;0.07318
Norm-Mallows_67;0.78611;0.4129
Norm-Mallows_68;1.12634;0.1287
Norm-Mallows_69;1.4437;0.19445
Norm-Mallows_70;1.69694;0.34578
Norm-Mallows_71;0.41606;0.36318
Norm-Mallows_72;0.57261;0.40395
Norm-Mallows_73;1.61874;0.24473
Norm-Mallows_74;0.54914;0.42169
Norm-Mallows_75;0.36102;0.33429
Norm-Mallows_76;0.60671;0.31852
Norm-Mallows_77;1.70684;0.30112
Norm-Mallows_78;1.53349;0.11767
Norm-Mallows_79;1.13037;0.17975
ANID_0;1.61986;0.52288
ANID_1;1.54821;0.5771
ANID_2;1.48267;0.59816
ANID_3;1.42611;0.61039
ANID_4;1.37339;0.6215
ANID_5;1.32175;0.64043
ANID_6;1.26831;0.6523
ANID_7;1.21456;0.66189
ANID_8;1.15868;0.67459
ANID_9;1.09964;0.68392
ANID_10;1.03705;0.69132
ANID_11;0.97044;0.69327
ANID_12;0.90462;0.68696
ANID_13;0.82641;0.67795
ANID_14;0.77864;0.62428
ANID_15;0.83937;0.38709
ANID_16;0.58454;-0.13787
ANID_17;0.67288;-0.40218
ANID_18;0.59906;-0.44903
ANID_19;0.5294;-0.47407
STID_0;1.65911;0.39957
STID_1;1.60856;0.40203
STID_2;1.61334;0.34249
STID_3;1.56643;0.34511
STID_4;1.52215;0.33506
STID_5;1.53861;0.2771
STID_6;1.54822;0.21358
STID_7;1.56867;0.09898
STID_8;1.56225;0.00451
STID_9;1.54244;-0.04484
STID_10;1.51629;-0.10023
STID_11;1.48204;-0.14834
STID_12;1.447;-0.18883
STID_13;1.40451;-0.20936
STID_14;1.39239;-0.24862
STID_15;1.34579;-0.2539
STID_16;1.35649;-0.29931
STID_17;1.31417;-0.31832
STID_18;1.30348;-0.35939
STID_19;1.27025;-0.39472
ANUN_0;0.12363;0.42999
ANUN_1;0.11317;0.38148
ANUN_2;0.09994;0.33907
ANUN_3;0.0923;0.27979
ANUN_4;0.08355;0.21159
ANUN_5;0.08965;0.13982
ANUN_6;0.113;0.07906
ANUN_7;0.12937;0.03694
ANUN_8;0.1397;-0.00123
ANUN_9;0.15967;-0.0371
ANUN_10;0.18965;-0.07622
ANUN_11;0.13934;-0.0854
ANUN_12;0.17288;-0.12512
ANUN_13;0.14491;-0.15537
ANUN_14;0.15977;-0.20397
ANUN_15;0.18527;-0.26386
ANUN_16;0.23038;-0.32888
ANUN_17;0.28797;-0.38384
ANUN_18;0.34989;-0.42909
ANUN_19;0.41031;-0.46123
STUN_0;0.22121;0.51869
STUN_1;0.28721;0.53923
STUN_2;0.39873;0.54583
STUN_3;0.44998;0.54777
STUN_4;0.49843;0.55391
STUN_5;0.54483;0.56271
STUN_6;0.58265;0.5762
STUN_7;0.6317;0.5915
STUN_8;0.68392;0.59829
STUN_9;0.7364;0.6056
STUN_10;0.82215;0.58541
STUN_11;0.90233;0.57954
STUN_12;0.98439;0.52648
STUN_13;1.08551;0.42393
STUN_14;1.16165;0.32972
STUN_15;1.17622;0.01162
STUN_16;1.15892;-0.19647
STUN_17;1.1405;-0.29539
STUN_18;1.13371;-0.3724
STUN_19;1.16545;-0.41868
