family_size,election_model,param_1,param_2,color,alpha,label,show,marker
50,unid,0,0,blue,1,UNID,t,2
36,anid,0,0,black,1,ANID,t,2
23,stid,0,0,black,1,STID,t,2
23,anun,0,0,black,1,ANUN,t,2
36,stun,0,0,black,1,STUN,t,2
41,stan,0,0,red,1,STAN,t,2
60,urn_model,-1, 0,antiquewhite, 1,Urn Model,t,o
60,phi_mallows,-1, 0,lightcyan, 1,Phi Mallows,t,o
15,sushi, 0, 0,Salmon, 1,Sushi,t,o
15,irish, 0, 0,navy, 1,Dublin,t,o
15,glasgow, 0, 0,blue, 1,Glasgow,t,o
15,skate, 0, 0,Green, 1,Skate,t,o
15,tshirt, 0, 0,darkred, 1,Tshirt,t,o
15,cities_survey, 0, 0,coral, 1,Cities survey,t,o
15,aspen, 0, 0,steelblue, 1,Aspen,t,o
15,ers, 0, 0,dodgerblue, 1,ERS,t,o
15,cycling_tdf, 0, 0,Limegreen, 1,Cycling TDF,t,o
15,cycling_gdi,0,0,Olive,1,Cycling GDI,t,o
15,ice_races, 0, 0,darkseagreen, 1,Speed Skating,t,o