size;num_candidates;num_voters;culture_id;params;color;alpha;family_id;marker;show;path;label
1;100;100;identity;{};blue;1;ID;o;t;{};ID
1;100;100;uniformity;{};black;1;UN;o;t;{};UN
1;100;100;antagonism;{};red;1;AN;o;t;{};AN
1;100;100;stratification;{};green;1;ST;o;t;{};ST
20;100;100;unid;{};black;1;UNID;3;t;{'variable': 'alpha'};UNID
20;100;100;anid;{};black;1;ANID;3;t;{'variable': 'alpha'};ANID
20;100;100;stid;{};black;1;STID;3;t;{'variable': 'alpha'};STID
20;100;100;anun;{};black;1;ANUN;3;t;{'variable': 'alpha'};ANUN
20;100;100;stun;{};black;1;STUN;3;t;{'variable': 'alpha'};STUN
20;100;100;stan;{};black;1;STAN;3;t;{'variable': 'alpha'};STAN