instance_id;x;y
ID;4.53426;0.65952
UN;-0.61371;0.65952
AN;0.46524;2.43051
ST;3.151;-1.02339
Impartial Culture_0;-0.06858;0.52603
Impartial Culture_1;-0.34803;0.69499
Impartial Culture_2;-0.26883;0.81248
Impartial Culture_3;-0.35015;0.46066
Impartial Culture_4;-0.34268;0.59255
Impartial Culture_5;-0.33574;0.6326
Impartial Culture_6;-0.17527;0.74614
Impartial Culture_7;-0.38412;0.51429
Impartial Culture_8;-0.51002;0.60041
Impartial Culture_9;0.02238;0.6186
Impartial Culture_10;-0.13863;0.63933
Impartial Culture_11;-0.07821;0.42271
Impartial Culture_12;-0.24961;0.46675
Impartial Culture_13;-0.26524;0.51562
Impartial Culture_14;-0.44168;0.78295
Impartial Culture_15;-0.47008;0.68094
Impartial Culture_16;-0.27282;0.57604
Impartial Culture_17;-0.0661;0.62438
Impartial Culture_18;-0.12849;0.45123
Impartial Culture_19;-0.16474;0.38364
SP by Conitzer_0;0.97302;-0.37249
SP by Conitzer_1;0.63917;-0.17158
SP by Conitzer_2;0.54308;-0.29605
SP by Conitzer_3;0.73862;0.26449
SP by Conitzer_4;0.87393;0.50801
SP by Conitzer_5;0.59294;0.03969
SP by Conitzer_6;0.70111;-0.16303
SP by Conitzer_7;0.72001;-0.11076
SP by Conitzer_8;0.88335;-0.06734
SP by Conitzer_9;0.94527;0.14229
SP by Conitzer_10;0.80825;-0.35992
SP by Conitzer_11;0.70144;-0.25298
SP by Conitzer_12;0.61328;-0.31351
SP by Conitzer_13;0.56307;-0.16215
SP by Conitzer_14;0.73978;-0.35632
SP by Conitzer_15;0.88217;-0.23063
SP by Conitzer_16;0.86929;-0.14652
SP by Conitzer_17;0.78556;-0.05464
SP by Conitzer_18;0.81494;0.06243
SP by Conitzer_19;0.39326;-0.03775
SP by Walsh_0;1.42816;-0.57709
SP by Walsh_1;1.23535;-0.53561
SP by Walsh_2;1.75278;-0.40233
SP by Walsh_3;1.25424;-0.41449
SP by Walsh_4;1.87562;-0.42056
SP by Walsh_5;1.84121;-0.58254
SP by Walsh_6;1.68374;-0.58844
SP by Walsh_7;1.81;-0.36466
SP by Walsh_8;1.54097;-0.59428
SP by Walsh_9;1.57407;-0.66601
SP by Walsh_10;2.01967;-0.33235
SP by Walsh_11;1.51238;-0.48778
SP by Walsh_12;1.99229;-0.48769
SP by Walsh_13;1.61043;-0.58574
SP by Walsh_14;1.46399;-0.52878
SP by Walsh_15;1.93909;-0.64801
SP by Walsh_16;1.70014;-0.4166
SP by Walsh_17;1.62952;-0.4678
SP by Walsh_18;1.66558;-0.50123
SP by Walsh_19;1.60561;-0.21354
SPOC_0;-0.12602;0.51253
SPOC_1;-0.20404;0.54223
SPOC_2;-0.22232;0.81095
SPOC_3;-0.29258;0.65557
SPOC_4;-0.12824;0.37409
SPOC_5;-0.26224;0.6877
SPOC_6;-0.37205;0.71938
SPOC_7;-0.12564;0.73099
SPOC_8;0.01887;0.46963
SPOC_9;-0.10038;0.29218
SPOC_10;0.12118;0.5106
SPOC_11;-0.4188;0.723
SPOC_12;-0.50405;0.62656
SPOC_13;-0.4173;0.5601
SPOC_14;-0.36216;0.50568
SPOC_15;-0.35371;0.7881
SPOC_16;0.09802;0.61723
SPOC_17;-0.28546;0.93922
SPOC_18;-0.45718;0.49528
SPOC_19;-0.40123;0.62268
Single-Crossing_0;1.51508;-0.39648
Single-Crossing_1;1.60564;1.70569
Single-Crossing_2;1.60869;0.01879
Single-Crossing_3;2.16679;0.67045
Single-Crossing_4;1.71576;0.22897
Single-Crossing_5;1.9582;0.7557
Single-Crossing_6;1.76105;1.54721
Single-Crossing_7;1.88903;1.56601
Single-Crossing_8;1.54657;1.1348
Single-Crossing_9;1.96872;1.42938
Single-Crossing_10;2.07379;1.08061
Single-Crossing_11;1.72759;0.65193
Single-Crossing_12;2.1766;0.99802
Single-Crossing_13;1.22618;-0.33232
Single-Crossing_14;1.75184;1.30179
Single-Crossing_15;1.8238;0.92961
Single-Crossing_16;1.50043;1.78952
Single-Crossing_17;1.78137;-0.1801
Single-Crossing_18;2.05685;-0.14096
Single-Crossing_19;1.79678;0.41229
1D Uniform_0;0.32496;-0.2127
1D Uniform_1;1.17193;-0.04645
1D Uniform_2;0.83407;-0.26637
1D Uniform_3;1.22949;0.1568
1D Uniform_4;0.86573;1.58395
1D Uniform_5;1.77283;0.79648
1D Uniform_6;0.61142;0.13385
1D Uniform_7;1.61054;1.41992
1D Uniform_8;1.79153;1.07312
1D Uniform_9;1.44085;-0.10266
1D Uniform_10;1.309;-0.02167
1D Uniform_11;0.42007;-0.25613
1D Uniform_12;1.31858;-0.16047
1D Uniform_13;1.68632;0.47942
1D Uniform_14;2.47909;1.52906
1D Uniform_15;1.09508;0.53444
1D Uniform_16;0.7081;0.46439
1D Uniform_17;0.96886;1.47029
1D Uniform_18;0.36152;-0.19663
1D Uniform_19;1.04036;-0.01713
2D Uniform_0;1.20538;0.85907
2D Uniform_1;0.79345;0.33216
2D Uniform_2;0.84028;0.23812
2D Uniform_3;2.04589;0.01724
2D Uniform_4;1.52795;0.12992
2D Uniform_5;0.39096;1.13783
2D Uniform_6;0.36039;1.297
2D Uniform_7;1.91661;1.043
2D Uniform_8;1.81845;0.02219
2D Uniform_9;0.70673;1.21376
2D Uniform_10;1.66711;-0.08227
2D Uniform_11;1.4378;-0.23676
2D Uniform_12;1.28865;1.38491
2D Uniform_13;1.1045;0.26287
2D Uniform_14;0.93772;1.02675
2D Uniform_15;0.52986;0.03562
2D Uniform_16;0.49273;0.83426
2D Uniform_17;1.11836;-0.27654
2D Uniform_18;0.55493;0.45374
2D Uniform_19;0.11615;1.29193
3D Uniform_0;0.88875;0.87306
3D Uniform_1;1.04131;0.72655
3D Uniform_2;1.5709;0.66261
3D Uniform_3;0.24108;0.78872
3D Uniform_4;1.08448;1.11998
3D Uniform_5;1.38028;1.51166
3D Uniform_6;1.30733;0.93726
3D Uniform_7;1.99653;1.25198
3D Uniform_8;1.22418;1.10388
3D Uniform_9;0.45492;1.14455
3D Uniform_10;0.9555;1.1615
3D Uniform_11;1.08338;0.92126
3D Uniform_12;1.0785;0.19077
3D Uniform_13;1.23259;0.43532
3D Uniform_14;0.46823;0.47976
3D Uniform_15;0.09869;0.47097
3D Uniform_16;1.08619;0.01279
3D Uniform_17;1.88374;0.86842
3D Uniform_18;0.60063;0.54335
3D Uniform_19;0.87034;0.63648
5D Uniform_0;1.03305;0.24407
5D Uniform_1;0.80719;0.42202
5D Uniform_2;1.65218;0.14951
5D Uniform_3;1.97144;0.63006
5D Uniform_4;0.45434;0.40009
5D Uniform_5;1.42346;0.55648
5D Uniform_6;1.48272;0.26239
5D Uniform_7;1.5565;1.25277
5D Uniform_8;0.71716;0.35838
5D Uniform_9;0.67564;0.72016
5D Uniform_10;0.75173;0.6985
5D Uniform_11;1.13655;0.64311
5D Uniform_12;0.98515;1.27399
5D Uniform_13;1.27153;1.09727
5D Uniform_14;1.15914;0.09398
5D Uniform_15;0.46951;0.53918
5D Uniform_16;1.02813;1.04645
5D Uniform_17;1.16555;1.50742
5D Uniform_18;0.34373;0.68453
5D Uniform_19;1.77503;0.5264
10D Uniform_0;1.0743;-0.235
10D Uniform_1;1.90491;0.81717
10D Uniform_2;1.21617;0.74319
10D Uniform_3;1.63496;0.73683
10D Uniform_4;2.11371;0.88523
10D Uniform_5;1.42419;0.63197
10D Uniform_6;0.88804;0.17292
10D Uniform_7;1.56646;1.09946
10D Uniform_8;1.48948;-0.05948
10D Uniform_9;1.51896;0.99267
10D Uniform_10;1.87684;1.30685
10D Uniform_11;1.5272;1.32596
10D Uniform_12;0.5932;0.22974
10D Uniform_13;0.76149;0.44687
10D Uniform_14;1.41396;0.38707
10D Uniform_15;1.28469;0.44111
10D Uniform_16;1.43826;0.23004
10D Uniform_17;1.13;-0.12684
10D Uniform_18;0.09832;0.55997
10D Uniform_19;1.39007;0.71274
20D Uniform_0;0.70908;0.05701
20D Uniform_1;1.11097;1.03671
20D Uniform_2;0.75158;0.57872
20D Uniform_3;0.82344;1.1036
20D Uniform_4;0.63651;0.0993
20D Uniform_5;0.25086;0.29853
20D Uniform_6;1.35377;0.04595
20D Uniform_7;0.44332;0.63894
20D Uniform_8;1.44379;1.00632
20D Uniform_9;1.25866;0.69371
20D Uniform_10;1.26281;0.54692
20D Uniform_11;0.7104;0.82272
20D Uniform_12;1.24032;1.19266
20D Uniform_13;0.85159;0.40077
20D Uniform_14;0.21862;0.21729
20D Uniform_15;0.29331;0.36426
20D Uniform_16;1.04392;0.92562
20D Uniform_17;0.48319;0.24075
20D Uniform_18;0.37799;0.60925
20D Uniform_19;0.19311;0.6908
2D Sphere_0;0.17294;1.31621
2D Sphere_1;0.41131;0.92988
2D Sphere_2;-0.01715;0.71755
2D Sphere_3;0.1574;1.9178
2D Sphere_4;-0.24193;1.28397
2D Sphere_5;0.33382;1.96189
2D Sphere_6;-0.13848;1.20876
2D Sphere_7;-0.26776;1.25742
2D Sphere_8;-0.34199;0.93688
2D Sphere_9;0.22997;1.05114
2D Sphere_10;0.66582;1.76548
2D Sphere_11;0.51611;1.73486
2D Sphere_12;0.42531;1.89259
2D Sphere_13;0.07433;1.31764
2D Sphere_14;-0.13231;1.4177
2D Sphere_15;0.56056;1.84492
2D Sphere_16;-0.08373;1.34575
2D Sphere_17;0.53364;0.92698
2D Sphere_18;0.25317;1.20898
2D Sphere_19;-0.21968;1.47877
3D Sphere_0;-0.04903;1.11556
3D Sphere_1;0.41017;1.03901
3D Sphere_2;0.03477;1.42301
3D Sphere_3;-0.14599;1.26512
3D Sphere_4;0.3169;1.14662
3D Sphere_5;0.08638;0.82361
3D Sphere_6;-0.36203;1.06771
3D Sphere_7;-0.10421;1.14021
3D Sphere_8;0.07061;1.09277
3D Sphere_9;-0.32187;1.12581
3D Sphere_10;-0.02317;0.94159
3D Sphere_11;-0.00352;1.06584
3D Sphere_12;0.09155;1.15623
3D Sphere_13;0.32299;0.94536
3D Sphere_14;0.18937;1.45596
3D Sphere_15;0.01468;0.66936
3D Sphere_16;0.15797;1.08385
3D Sphere_17;0.40764;1.201
3D Sphere_18;-0.13671;0.69585
3D Sphere_19;-0.02991;1.14408
5D Sphere_0;0.00798;0.91777
5D Sphere_1;0.24787;0.90782
5D Sphere_2;0.19852;0.7484
5D Sphere_3;-0.04986;1.22076
5D Sphere_4;0.63884;1.28626
5D Sphere_5;-0.41638;1.0239
5D Sphere_6;-0.09155;0.98251
5D Sphere_7;-0.20286;0.98107
5D Sphere_8;-0.03648;0.81793
5D Sphere_9;-0.26336;0.88258
5D Sphere_10;-0.21478;1.05002
5D Sphere_11;-0.1701;0.93631
5D Sphere_12;0.22557;1.21874
5D Sphere_13;0.21954;0.66772
5D Sphere_14;0.21366;0.9231
5D Sphere_15;0.97801;1.12092
5D Sphere_16;0.05904;0.91286
5D Sphere_17;-0.38032;0.41209
5D Sphere_18;0.12682;0.8431
5D Sphere_19;-0.16275;0.90424
GS Balanced_0;-0.43581;0.65546
GS Balanced_1;-0.45008;0.57668
GS Balanced_2;-0.42007;0.86295
GS Balanced_3;-0.08212;0.72085
GS Balanced_4;-0.20829;0.79368
GS Balanced_5;-0.20426;0.51589
GS Balanced_6;-0.53368;0.69937
GS Balanced_7;-0.34107;0.76212
GS Balanced_8;-0.38796;0.77478
GS Balanced_9;-0.40107;0.68806
GS Balanced_10;0.05866;0.70274
GS Balanced_11;-0.53232;0.73078
GS Balanced_12;-0.20301;0.57516
GS Balanced_13;-0.00161;0.34668
GS Balanced_14;0.03114;0.42268
GS Balanced_15;-0.41881;0.93729
GS Balanced_16;-0.4466;0.8666
GS Balanced_17;-0.14712;0.66441
GS Balanced_18;-0.3489;0.86019
GS Balanced_19;-0.01695;0.85451
GS Caterpillar_0;-0.17616;1.55937
GS Caterpillar_1;-0.02158;1.65466
GS Caterpillar_2;0.38275;1.46143
GS Caterpillar_3;0.0837;1.62518
GS Caterpillar_4;-0.06003;1.59158
GS Caterpillar_5;0.25038;1.78487
GS Caterpillar_6;0.45005;1.59827
GS Caterpillar_7;-0.10136;1.71696
GS Caterpillar_8;0.03231;1.7031
GS Caterpillar_9;0.08341;1.51498
GS Caterpillar_10;0.02091;1.59823
GS Caterpillar_11;0.05528;1.79844
GS Caterpillar_12;0.14676;1.66755
GS Caterpillar_13;0.1542;1.57461
GS Caterpillar_14;0.28963;1.64153
GS Caterpillar_15;0.52023;1.55187
GS Caterpillar_16;-0.20237;1.646
GS Caterpillar_17;0.45582;1.75306
GS Caterpillar_18;0.40078;1.50413
GS Caterpillar_19;0.28271;1.54239
Urn_0;0.20858;-0.18968
Urn_1;3.91384;1.00871
Urn_2;1.47351;1.15886
Urn_3;1.75551;-0.02209
Urn_4;0.89009;0.81074
Urn_5;1.36825;-0.27279
Urn_6;2.94645;1.23675
Urn_7;3.44535;1.22178
Urn_8;3.11349;-0.13234
Urn_9;2.63505;1.58273
Urn_10;3.18093;1.39228
Urn_11;1.19329;1.37212
Urn_12;3.40317;1.28484
Urn_13;0.80344;0.99206
Urn_14;0.51407;1.87022
Urn_15;2.8165;1.99105
Urn_16;2.98446;0.95292
Urn_17;2.31418;-0.05688
Urn_18;4.31164;0.35346
Urn_19;0.52294;1.23562
Urn_20;2.14256;-0.30911
Urn_21;0.99287;0.67121
Urn_22;2.46288;2.33052
Urn_23;0.42855;0.29392
Urn_24;0.16524;0.88141
Urn_25;0.6366;-0.04804
Urn_26;3.76276;1.06334
Urn_27;0.07338;0.01635
Urn_28;0.47989;1.2524
Urn_29;4.27939;0.6143
Urn_30;4.32456;0.90026
Urn_31;4.18841;0.14794
Urn_32;2.26547;1.93509
Urn_33;3.42484;0.14887
Urn_34;1.3765;0.81985
Urn_35;4.07761;0.49365
Urn_36;1.84978;1.11501
Urn_37;2.16271;0.2107
Urn_38;1.69732;0.14248
Urn_39;3.76172;1.31377
Urn_40;4.05845;1.08183
Urn_41;0.90591;1.64162
Urn_42;1.75337;-0.8084
Urn_43;1.85743;0.73756
Urn_44;-0.07446;0.21956
Urn_45;0.14564;-0.08075
Urn_46;0.2335;0.5065
Urn_47;1.64152;1.2384
Urn_48;0.52953;0.74489
Urn_49;0.70126;0.24353
Urn_50;1.1649;1.74681
Urn_51;0.28468;0.95346
Urn_52;0.71427;1.60265
Urn_53;2.3504;0.96592
Urn_54;2.40191;1.04798
Urn_55;0.27961;0.4632
Urn_56;2.4222;1.7336
Urn_57;0.79839;0.90598
Urn_58;3.15249;-0.3233
Urn_59;0.18629;-0.44834
Urn_60;0.55833;1.37966
Urn_61;-0.01843;0.62609
Urn_62;3.49385;1.40004
Urn_63;1.18188;1.40763
Urn_64;2.633;1.23989
Urn_65;3.9495;0.39099
Urn_66;-0.23494;0.19429
Urn_67;0.32913;0.0757
Urn_68;0.28294;0.87979
Urn_69;2.00584;0.50866
Urn_70;3.7992;0.38148
Urn_71;2.19773;1.49923
Urn_72;1.99368;1.82589
Urn_73;0.48005;0.11231
Urn_74;2.37042;0.87994
Urn_75;3.09634;1.02791
Urn_76;4.53059;0.64388
Urn_77;4.53433;0.68109
Urn_78;0.14467;0.30926
Urn_79;0.63508;0.78986
Norm-Mallows_0;3.95565;0.62417
Norm-Mallows_1;-0.26806;0.75545
Norm-Mallows_2;0.88759;0.72901
Norm-Mallows_3;-0.25809;0.41539
Norm-Mallows_4;3.85059;0.78301
Norm-Mallows_5;-0.2951;0.63473
Norm-Mallows_6;4.16721;0.66966
Norm-Mallows_7;1.62149;0.22471
Norm-Mallows_8;2.29389;0.30857
Norm-Mallows_9;-0.48811;0.73819
Norm-Mallows_10;3.29021;0.33921
Norm-Mallows_11;3.73359;0.74255
Norm-Mallows_12;2.26833;0.45838
Norm-Mallows_13;3.83857;0.4402
Norm-Mallows_14;3.04927;0.45951
Norm-Mallows_15;1.13848;0.40769
Norm-Mallows_16;-0.10536;0.57061
Norm-Mallows_17;4.26359;0.82879
Norm-Mallows_18;2.31361;0.04847
Norm-Mallows_19;0.1224;0.38695
Norm-Mallows_20;3.1795;0.45329
Norm-Mallows_21;0.95905;0.61561
Norm-Mallows_22;-0.24774;0.72482
Norm-Mallows_23;2.53556;0.59532
Norm-Mallows_24;-0.30721;0.52882
Norm-Mallows_25;3.95908;0.68081
Norm-Mallows_26;1.40642;0.31485
Norm-Mallows_27;0.38764;0.47192
Norm-Mallows_28;3.49526;0.3834
Norm-Mallows_29;1.88687;0.51703
Norm-Mallows_30;2.03058;0.14541
Norm-Mallows_31;4.29523;0.74516
Norm-Mallows_32;0.97371;0.40748
Norm-Mallows_33;1.4931;0.83519
Norm-Mallows_34;1.64005;0.61036
Norm-Mallows_35;4.25348;0.66021
Norm-Mallows_36;3.01074;0.19457
Norm-Mallows_37;0.13068;0.65567
Norm-Mallows_38;-0.30237;0.45823
Norm-Mallows_39;0.58999;0.65818
Norm-Mallows_40;3.71895;0.55307
Norm-Mallows_41;-0.05731;0.45412
Norm-Mallows_42;1.01795;0.51344
Norm-Mallows_43;-0.00476;0.53767
Norm-Mallows_44;3.46917;0.46921
Norm-Mallows_45;3.43693;0.29407
Norm-Mallows_46;-0.1912;0.62123
Norm-Mallows_47;-0.38857;0.58601
Norm-Mallows_48;3.24625;0.62484
Norm-Mallows_49;2.08215;0.273
Norm-Mallows_50;2.87222;0.29223
Norm-Mallows_51;3.3458;0.58659
Norm-Mallows_52;-0.15825;0.58365
Norm-Mallows_53;1.67443;0.35493
Norm-Mallows_54;1.51318;0.38806
Norm-Mallows_55;0.01625;0.394
Norm-Mallows_56;4.48117;0.67839
Norm-Mallows_57;0.99201;0.76038
Norm-Mallows_58;4.06809;0.73356
Norm-Mallows_59;2.88223;0.14253
Norm-Mallows_60;-0.18713;0.44681
Norm-Mallows_61;0.21705;0.42696
Norm-Mallows_62;0.78512;0.5284
Norm-Mallows_63;2.59287;0.38443
Norm-Mallows_64;3.61208;0.55856
Norm-Mallows_65;1.26631;0.19901
Norm-Mallows_66;4.02334;0.58097
Norm-Mallows_67;3.81475;0.62503
Norm-Mallows_68;2.10599;0.37406
Norm-Mallows_69;2.85475;0.41449
Norm-Mallows_70;4.14824;0.78343
Norm-Mallows_71;0.59365;0.28446
Norm-Mallows_72;1.75796;0.26616
Norm-Mallows_73;1.55041;0.45617
Norm-Mallows_74;2.4597;-0.08792
Norm-Mallows_75;3.95611;0.53527
Norm-Mallows_76;2.47587;0.19372
Norm-Mallows_77;4.37849;0.74802
Norm-Mallows_78;3.88856;0.48467
Norm-Mallows_79;1.8519;0.20456
ANID_0;4.44454;0.85118
ANID_1;4.25436;1.01373
ANID_2;4.08424;1.15563
ANID_3;3.87848;1.24218
ANID_4;3.66915;1.33912
ANID_5;3.47613;1.4578
ANID_6;3.26776;1.53283
ANID_7;3.06159;1.60242
ANID_8;2.85917;1.67709
ANID_9;2.64596;1.77112
ANID_10;2.42417;1.86969
ANID_11;2.22125;1.95275
ANID_12;2.00273;2.03769
ANID_13;1.78431;2.10285
ANID_14;1.5727;2.15525
ANID_15;1.36602;2.19776
ANID_16;1.16871;2.23361
ANID_17;0.98075;2.26412
ANID_18;0.80195;2.30138
ANID_19;0.63043;2.35505
STID_0;4.44383;0.62328
STID_1;4.36473;0.56269
STID_2;4.27484;0.49818
STID_3;4.18742;0.42731
STID_4;4.10665;0.34448
STID_5;4.03082;0.25746
STID_6;3.95333;0.17221
STID_7;3.87614;0.09033
STID_8;3.8006;0.01129
STID_9;3.73137;-0.07039
STID_10;3.6657;-0.15399
STID_11;3.60551;-0.23963
STID_12;3.54706;-0.32574
STID_13;3.49027;-0.41237
STID_14;3.43471;-0.49912
STID_15;3.37952;-0.58512
STID_16;3.32532;-0.67037
STID_17;3.27481;-0.75659
STID_18;3.22728;-0.84372
STID_19;3.18258;-0.93165
ANUN_0;-0.58044;0.73969
ANUN_1;-0.54025;0.81589
ANUN_2;-0.51444;0.89526
ANUN_3;-0.48402;0.9822
ANUN_4;-0.45058;1.07216
ANUN_5;-0.4194;1.1607
ANUN_6;-0.39266;1.25002
ANUN_7;-0.36305;1.3429
ANUN_8;-0.32657;1.43612
ANUN_9;-0.28444;1.53428
ANUN_10;-0.23174;1.63453
ANUN_11;-0.16544;1.73643
ANUN_12;-0.09493;1.8304
ANUN_13;-0.02578;1.91804
ANUN_14;0.04387;2.00266
ANUN_15;0.1177;2.081
ANUN_16;0.19186;2.15354
ANUN_17;0.26426;2.22357
ANUN_18;0.33519;2.29167
ANUN_19;0.4005;2.36107
STUN_0;-0.47546;0.54377
STUN_1;-0.29499;0.42267
STUN_2;-0.14943;0.3147
STUN_3;0.00713;0.21762
STUN_4;0.14892;0.1193
STUN_5;0.29913;0.01688
STUN_6;0.4589;-0.09908
STUN_7;0.64161;-0.22964
STUN_8;0.84521;-0.3454
STUN_9;1.01843;-0.45534
STUN_10;1.17842;-0.56749
STUN_11;1.36465;-0.68207
STUN_12;1.61442;-0.76719
STUN_13;1.87382;-0.79135
STUN_14;2.10246;-0.79077
STUN_15;2.29266;-0.80464
STUN_16;2.46275;-0.84538
STUN_17;2.62413;-0.90203
STUN_18;2.78819;-0.95991
STUN_19;2.95971;-1.01128
