instance_id;x;y
ID;1.04275;1.08313
UN;-0.59215;1.08313
AN;-0.06222;1.69322
ST;0.55945;0.41616
Impartial Culture_0;-0.37762;1.0182
Impartial Culture_1;-0.54463;1.09259
Impartial Culture_2;-0.46492;1.13672
Impartial Culture_3;-0.52411;0.94264
Impartial Culture_4;-0.52713;0.98596
Impartial Culture_5;-0.53045;0.98824
Impartial Culture_6;-0.42206;1.08716
Impartial Culture_7;-0.51985;0.97056
Impartial Culture_8;-0.58373;1.06719
Impartial Culture_9;-0.34517;0.93409
Impartial Culture_10;-0.41107;1.08315
Impartial Culture_11;-0.38466;0.90501
Impartial Culture_12;-0.47725;0.9049
Impartial Culture_13;-0.49799;0.94341
Impartial Culture_14;-0.56172;1.10926
Impartial Culture_15;-0.54556;1.08113
Impartial Culture_16;-0.50741;0.95971
Impartial Culture_17;-0.38162;1.04537
Impartial Culture_18;-0.4096;0.90765
Impartial Culture_19;-0.40673;0.89653
SP by Conitzer_0;0.21355;1.09535
SP by Conitzer_1;0.10459;1.22255
SP by Conitzer_2;0.12769;1.26712
SP by Conitzer_3;0.04039;1.34816
SP by Conitzer_4;0.05959;1.40081
SP by Conitzer_5;0.02446;1.2873
SP by Conitzer_6;0.07241;1.15209
SP by Conitzer_7;0.11703;1.23968
SP by Conitzer_8;0.13114;1.19744
SP by Conitzer_9;0.13538;1.27225
SP by Conitzer_10;0.12751;1.0752
SP by Conitzer_11;0.1417;1.25929
SP by Conitzer_12;0.09689;1.1831
SP by Conitzer_13;0.08819;1.25785
SP by Conitzer_14;0.13228;1.11516
SP by Conitzer_15;0.16194;1.16008
SP by Conitzer_16;0.12889;1.14232
SP by Conitzer_17;0.11997;1.23814
SP by Conitzer_18;0.11022;1.26641
SP by Conitzer_19;0.05762;1.39796
SP by Walsh_0;0.29801;0.84086
SP by Walsh_1;0.26345;0.91891
SP by Walsh_2;0.29505;0.6866
SP by Walsh_3;0.25146;0.94215
SP by Walsh_4;0.33091;0.66711
SP by Walsh_5;0.3432;0.63892
SP by Walsh_6;0.35934;0.76686
SP by Walsh_7;0.36635;0.77819
SP by Walsh_8;0.34249;0.79301
SP by Walsh_9;0.31374;0.76877
SP by Walsh_10;0.34483;0.63819
SP by Walsh_11;0.32189;0.82827
SP by Walsh_12;0.36299;0.63502
SP by Walsh_13;0.3446;0.77943
SP by Walsh_14;0.3146;0.82571
SP by Walsh_15;0.34145;0.59427
SP by Walsh_16;0.34225;0.78043
SP by Walsh_17;0.34297;0.78616
SP by Walsh_18;0.35749;0.79895
SP by Walsh_19;0.29366;0.86064
SPOC_0;-0.41628;0.92003
SPOC_1;-0.42545;1.05922
SPOC_2;-0.44449;1.11825
SPOC_3;-0.51377;0.98288
SPOC_4;-0.40082;0.89576
SPOC_5;-0.51694;0.97531
SPOC_6;-0.46476;1.08226
SPOC_7;-0.40572;1.08715
SPOC_8;-0.30905;0.96106
SPOC_9;-0.40889;0.8549
SPOC_10;-0.30305;0.91507
SPOC_11;-0.55855;1.09262
SPOC_12;-0.58343;1.07459
SPOC_13;-0.53044;0.99348
SPOC_14;-0.53001;0.95904
SPOC_15;-0.53438;1.11544
SPOC_16;-0.28895;0.99387
SPOC_17;-0.47242;1.19812
SPOC_18;-0.56112;0.96127
SPOC_19;-0.55201;0.99068
Single-Crossing_0;0.3194;0.83822
Single-Crossing_1;0.25371;1.36834
Single-Crossing_2;0.13814;0.67541
Single-Crossing_3;0.07488;0.46848
Single-Crossing_4;0.02548;0.5811
Single-Crossing_5;0.07553;0.53834
Single-Crossing_6;-0.06858;0.48154
Single-Crossing_7;0.35994;1.27732
Single-Crossing_8;-0.1133;0.55414
Single-Crossing_9;0.38376;1.18923
Single-Crossing_10;0.41032;1.13655
Single-Crossing_11;0.00931;0.60482
Single-Crossing_12;0.18634;0.55301
Single-Crossing_13;0.22693;0.94613
Single-Crossing_14;0.04942;0.60553
Single-Crossing_15;0.30058;1.22081
Single-Crossing_16;0.23619;1.41601
Single-Crossing_17;0.05485;0.49361
Single-Crossing_18;0.20594;0.53112
Single-Crossing_19;0.10741;0.64264
1D Uniform_0;0.01321;1.29777
1D Uniform_1;0.17191;1.05755
1D Uniform_2;0.19052;1.29149
1D Uniform_3;0.19227;1.14121
1D Uniform_4;0.03344;1.5624
1D Uniform_5;0.29357;1.26662
1D Uniform_6;0.01844;1.30455
1D Uniform_7;0.24709;1.36926
1D Uniform_8;0.29009;1.24629
1D Uniform_9;0.29094;1.12224
1D Uniform_10;0.218;1.00134
1D Uniform_11;0.02515;1.29519
1D Uniform_12;0.25595;1.11718
1D Uniform_13;0.28065;1.14283
1D Uniform_14;0.46883;1.36825
1D Uniform_15;0.1014;1.36383
1D Uniform_16;-0.00657;1.33834
1D Uniform_17;0.06114;1.48288
1D Uniform_18;0.14252;1.43824
1D Uniform_19;0.13532;1.07544
2D Uniform_0;0.09792;1.03778
2D Uniform_1;-0.00605;1.05926
2D Uniform_2;-0.13566;0.757
2D Uniform_3;0.19998;0.55269
2D Uniform_4;0.28607;1.10371
2D Uniform_5;-0.15937;1.28907
2D Uniform_6;-0.16193;1.28868
2D Uniform_7;0.35527;1.00976
2D Uniform_8;0.16407;0.62878
2D Uniform_9;-0.06246;1.335
2D Uniform_10;0.33056;0.97731
2D Uniform_11;0.27465;0.94953
2D Uniform_12;-0.22334;0.58334
2D Uniform_13;0.11282;1.07753
2D Uniform_14;0.00281;1.11233
2D Uniform_15;0.04042;1.37667
2D Uniform_16;-0.12514;1.13947
2D Uniform_17;0.19264;0.97113
2D Uniform_18;-0.15587;0.92356
2D Uniform_19;-0.25759;1.33633
3D Uniform_0;-0.15638;0.80404
3D Uniform_1;-0.1856;0.69862
3D Uniform_2;0.21707;0.97279
3D Uniform_3;-0.22931;1.04327
3D Uniform_4;-0.23175;0.64013
3D Uniform_5;-0.20858;0.52375
3D Uniform_6;-0.09873;0.64524
3D Uniform_7;0.35035;1.23843
3D Uniform_8;-0.07279;0.71745
3D Uniform_9;-0.14178;1.26125
3D Uniform_10;0.02527;1.25744
3D Uniform_11;0.02882;0.93832
3D Uniform_12;-0.03928;0.74464
3D Uniform_13;0.09656;0.92342
3D Uniform_14;-0.10537;1.11062
3D Uniform_15;-0.30973;0.9017
3D Uniform_16;0.1076;0.96083
3D Uniform_17;0.34243;1.00914
3D Uniform_18;-0.08295;1.071
3D Uniform_19;-0.00617;1.03948
5D Uniform_0;0.04203;0.89843
5D Uniform_1;-0.02322;0.98673
5D Uniform_2;0.1996;0.79229
5D Uniform_3;0.17341;0.62663
5D Uniform_4;-0.17953;0.9171
5D Uniform_5;0.054;0.75844
5D Uniform_6;0.01777;0.63487
5D Uniform_7;-0.10933;0.53679
5D Uniform_8;-0.04419;0.98971
5D Uniform_9;-0.05007;1.17237
5D Uniform_10;-0.03871;1.10448
5D Uniform_11;0.04541;0.91858
5D Uniform_12;-0.26188;0.64293
5D Uniform_13;-0.17347;0.64428
5D Uniform_14;0.09909;0.89532
5D Uniform_15;-0.17761;0.93054
5D Uniform_16;0.02779;1.01882
5D Uniform_17;-0.25642;0.58816
5D Uniform_18;-0.30512;0.85022
5D Uniform_19;0.11597;0.64517
10D Uniform_0;0.12649;0.87812
10D Uniform_1;0.05747;0.52399
10D Uniform_2;-0.03254;0.76904
10D Uniform_3;0.17637;0.84012
10D Uniform_4;0.36604;0.98013
10D Uniform_5;-0.01627;0.68841
10D Uniform_6;-0.08205;0.77832
10D Uniform_7;0.25506;1.11109
10D Uniform_8;0.13501;0.68393
10D Uniform_9;-0.00266;0.66011
10D Uniform_10;0.33443;1.221
10D Uniform_11;-0.10563;0.52776
10D Uniform_12;-0.20304;0.78182
10D Uniform_13;-0.07908;0.91085
10D Uniform_14;0.14277;0.87538
10D Uniform_15;0.03757;0.78127
10D Uniform_16;0.08674;0.72985
10D Uniform_17;0.11305;0.8556
10D Uniform_18;-0.2778;0.9922
10D Uniform_19;-0.05965;0.64217
20D Uniform_0;-0.04258;0.90091
20D Uniform_1;-0.16353;0.67131
20D Uniform_2;-0.08634;0.91635
20D Uniform_3;-0.28679;0.70076
20D Uniform_4;-0.15553;0.79559
20D Uniform_5;-0.21156;0.9333
20D Uniform_6;0.08414;0.73188
20D Uniform_7;-0.17976;0.95266
20D Uniform_8;-0.04769;0.64411
20D Uniform_9;0.07423;0.90372
20D Uniform_10;0.02108;0.78495
20D Uniform_11;-0.19381;0.80861
20D Uniform_12;0.17455;1.24258
20D Uniform_13;-0.13658;0.78714
20D Uniform_14;-0.31123;0.79802
20D Uniform_15;-0.24085;0.87769
20D Uniform_16;-0.16155;0.70043
20D Uniform_17;-0.12574;0.94232
20D Uniform_18;-0.31379;0.81614
20D Uniform_19;-0.23964;1.09599
2D Sphere_0;-0.25158;1.33335
2D Sphere_1;-0.1618;1.16152
2D Sphere_2;-0.36907;1.04738
2D Sphere_3;-0.19299;1.54364
2D Sphere_4;-0.45698;1.33303
2D Sphere_5;-0.14079;1.51694
2D Sphere_6;-0.38797;1.27428
2D Sphere_7;-0.45473;1.3235
2D Sphere_8;-0.50317;1.19813
2D Sphere_9;-0.21482;1.18984
2D Sphere_10;-0.03477;1.49781
2D Sphere_11;-0.11998;1.45008
2D Sphere_12;-0.10196;1.53192
2D Sphere_13;-0.26209;1.33431
2D Sphere_14;-0.40026;1.39089
2D Sphere_15;-0.07071;1.52353
2D Sphere_16;-0.38907;1.35039
2D Sphere_17;-0.11522;1.24122
2D Sphere_18;-0.22188;1.29094
2D Sphere_19;-0.42016;1.39193
3D Sphere_0;-0.36466;1.25496
3D Sphere_1;-0.1631;1.17143
3D Sphere_2;-0.38264;1.38641
3D Sphere_3;-0.39169;1.32007
3D Sphere_4;-0.20896;1.29371
3D Sphere_5;-0.27521;1.13094
3D Sphere_6;-0.51192;1.24675
3D Sphere_7;-0.36563;1.27747
3D Sphere_8;-0.30221;1.26604
3D Sphere_9;-0.49502;1.27179
3D Sphere_10;-0.40251;0.89152
3D Sphere_11;-0.3621;1.23418
3D Sphere_12;-0.29711;1.26956
3D Sphere_13;-0.19675;1.17987
3D Sphere_14;-0.26655;1.39938
3D Sphere_15;-0.35666;1.05141
3D Sphere_16;-0.26145;1.28081
3D Sphere_17;-0.16014;1.27423
3D Sphere_18;-0.41168;1.06743
3D Sphere_19;-0.35187;1.27577
5D Sphere_0;-0.31739;1.17631
5D Sphere_1;-0.21735;1.15447
5D Sphere_2;-0.23365;1.09809
5D Sphere_3;-0.36237;1.28623
5D Sphere_4;-0.09308;1.28393
5D Sphere_5;-0.52955;1.23803
5D Sphere_6;-0.3828;1.21408
5D Sphere_7;-0.43378;1.20142
5D Sphere_8;-0.35444;1.1476
5D Sphere_9;-0.47835;1.16255
5D Sphere_10;-0.42791;1.23061
5D Sphere_11;-0.41569;1.19333
5D Sphere_12;-0.23274;1.31383
5D Sphere_13;-0.22804;1.02967
5D Sphere_14;-0.23015;1.18634
5D Sphere_15;0.01961;1.15582
5D Sphere_16;-0.29263;1.17449
5D Sphere_17;-0.53131;0.99543
5D Sphere_18;-0.26598;1.15229
5D Sphere_19;-0.41569;1.17913
GS Balanced_0;-0.56585;1.07737
GS Balanced_1;-0.56254;0.97737
GS Balanced_2;-0.50177;1.15938
GS Balanced_3;-0.39398;1.06978
GS Balanced_4;-0.44753;1.11046
GS Balanced_5;-0.46366;0.93653
GS Balanced_6;-0.58854;1.09438
GS Balanced_7;-0.54151;1.08863
GS Balanced_8;-0.53916;1.11098
GS Balanced_9;-0.55401;1.09025
GS Balanced_10;-0.31175;1.04899
GS Balanced_11;-0.58878;1.09753
GS Balanced_12;-0.44874;0.96693
GS Balanced_13;-0.37878;0.85125
GS Balanced_14;-0.32946;0.91384
GS Balanced_15;-0.52485;1.2009
GS Balanced_16;-0.54245;1.17432
GS Balanced_17;-0.41037;1.06684
GS Balanced_18;-0.51124;1.16135
GS Balanced_19;-0.33224;1.1596
GS Caterpillar_0;-0.39783;1.43159
GS Caterpillar_1;-0.28275;1.46735
GS Caterpillar_2;-0.15766;1.41536
GS Caterpillar_3;-0.27503;1.45824
GS Caterpillar_4;-0.30007;1.46511
GS Caterpillar_5;-0.17609;1.47728
GS Caterpillar_6;-0.13446;1.38736
GS Caterpillar_7;-0.40908;1.444
GS Caterpillar_8;-0.28096;1.45099
GS Caterpillar_9;-0.27717;1.45273
GS Caterpillar_10;-0.28627;1.46842
GS Caterpillar_11;-0.2884;1.46759
GS Caterpillar_12;-0.28579;1.47734
GS Caterpillar_13;-0.29293;1.46039
GS Caterpillar_14;-0.17158;1.45061
GS Caterpillar_15;-0.1319;1.45771
GS Caterpillar_16;-0.4039;1.44078
GS Caterpillar_17;-0.11924;1.43422
GS Caterpillar_18;-0.15503;1.39932
GS Caterpillar_19;-0.17646;1.43609
Urn_0;-0.35219;0.68604
Urn_1;0.77697;1.20184
Urn_2;0.22873;1.0969
Urn_3;0.32099;0.95884
Urn_4;-0.17427;0.76511
Urn_5;-0.03143;0.53518
Urn_6;0.58866;1.21053
Urn_7;0.69471;1.26787
Urn_8;0.60426;0.67439
Urn_9;0.50364;1.35359
Urn_10;0.64029;1.30937
Urn_11;0.10251;1.01715
Urn_12;0.69088;1.24696
Urn_13;-0.17287;0.84608
Urn_14;-0.11932;1.54727
Urn_15;0.52556;1.49393
Urn_16;0.59762;1.13006
Urn_17;0.45214;0.92951
Urn_18;0.96229;0.90702
Urn_19;-0.12307;1.26111
Urn_20;0.35448;0.60695
Urn_21;-0.04927;0.84046
Urn_22;0.43925;1.59008
Urn_23;-0.10097;1.0704
Urn_24;-0.24592;1.1353
Urn_25;0.01835;1.1401
Urn_26;0.75712;1.19191
Urn_27;-0.07747;1.37819
Urn_28;-0.12625;1.26503
Urn_29;0.94361;1.01061
Urn_30;0.94755;1.20368
Urn_31;0.90288;0.80957
Urn_32;0.39108;1.48979
Urn_33;0.72029;0.79821
Urn_34;0.14752;1.03924
Urn_35;0.8691;1.01704
Urn_36;0.3499;1.16841
Urn_37;0.38027;0.99906
Urn_38;0.17763;0.71863
Urn_39;0.75626;1.31045
Urn_40;0.83212;1.27707
Urn_41;0.03289;1.40788
Urn_42;0.32754;1.50651
Urn_43;0.28452;1.09093
Urn_44;-0.24503;1.32147
Urn_45;-0.36042;0.71635
Urn_46;-0.23895;0.94711
Urn_47;0.24112;1.09269
Urn_48;-0.27651;0.81454
Urn_49;-0.01381;1.04893
Urn_50;0.1331;1.38362
Urn_51;-0.20622;1.17534
Urn_52;-0.02579;1.50086
Urn_53;0.4395;1.08774
Urn_54;0.32853;0.55162
Urn_55;-0.23641;0.94776
Urn_56;0.44786;1.364
Urn_57;-0.0216;1.15435
Urn_58;0.61469;0.60577
Urn_59;0.12965;1.53079
Urn_60;-0.11076;1.27092
Urn_61;-0.36686;1.02801
Urn_62;0.70335;1.35219
Urn_63;0.11891;1.24806
Urn_64;0.52169;1.23953
Urn_65;0.79493;1.15879
Urn_66;-0.34477;1.33803
Urn_67;-0.06107;1.21604
Urn_68;-0.21212;1.08817
Urn_69;0.37279;1.00093
Urn_70;0.75648;1.05921
Urn_71;0.4095;1.27109
Urn_72;0.33439;1.41589
Urn_73;-0.102;0.92586
Urn_74;0.44367;1.07409
Urn_75;0.60928;1.14646
Urn_76;1.04611;1.07516
Urn_77;1.0443;1.08318
Urn_78;-0.33997;0.82873
Urn_79;-0.08791;1.07723
Norm-Mallows_0;0.83494;0.95715
Norm-Mallows_1;-0.45766;1.10302
Norm-Mallows_2;-0.14414;0.81014
Norm-Mallows_3;-0.46414;0.92607
Norm-Mallows_4;0.79031;1.08123
Norm-Mallows_5;-0.51886;0.97703
Norm-Mallows_6;0.9029;1.05992
Norm-Mallows_7;0.13143;0.67813
Norm-Mallows_8;0.44049;0.86129
Norm-Mallows_9;-0.57894;1.10197
Norm-Mallows_10;0.66876;0.8493
Norm-Mallows_11;0.76593;1.07506
Norm-Mallows_12;0.4098;0.91344
Norm-Mallows_13;0.79866;0.90156
Norm-Mallows_14;0.61745;0.91095
Norm-Mallows_15;-0.02227;0.77379
Norm-Mallows_16;-0.41607;0.92626
Norm-Mallows_17;0.93975;1.1821
Norm-Mallows_18;0.42663;0.68206
Norm-Mallows_19;-0.31258;0.89578
Norm-Mallows_20;0.64872;0.96249
Norm-Mallows_21;-0.1009;0.80658
Norm-Mallows_22;-0.4525;1.09906
Norm-Mallows_23;0.47619;0.91873
Norm-Mallows_24;-0.49271;0.96746
Norm-Mallows_25;0.85274;1.01006
Norm-Mallows_26;0.04776;0.68769
Norm-Mallows_27;-0.16434;0.97645
Norm-Mallows_28;0.69934;0.86683
Norm-Mallows_29;0.20815;0.70144
Norm-Mallows_30;0.29542;0.68995
Norm-Mallows_31;0.95792;1.13668
Norm-Mallows_32;-0.02554;0.87367
Norm-Mallows_33;0.07876;0.77902
Norm-Mallows_34;0.21139;0.92239
Norm-Mallows_35;0.93546;1.03084
Norm-Mallows_36;0.5675;0.7785
Norm-Mallows_37;-0.25861;1.03133
Norm-Mallows_38;-0.50723;0.93844
Norm-Mallows_39;-0.30949;0.74791
Norm-Mallows_40;0.76061;0.93083
Norm-Mallows_41;-0.38159;0.91096
Norm-Mallows_42;-0.05843;0.82036
Norm-Mallows_43;-0.40301;0.8724
Norm-Mallows_44;0.71527;0.86701
Norm-Mallows_45;0.72351;0.85369
Norm-Mallows_46;-0.46743;0.94968
Norm-Mallows_47;-0.53844;0.97165
Norm-Mallows_48;0.66136;0.99486
Norm-Mallows_49;0.29724;0.67997
Norm-Mallows_50;0.54027;0.7977
Norm-Mallows_51;0.68285;0.98404
Norm-Mallows_52;-0.41826;1.05273
Norm-Mallows_53;0.18873;0.79389
Norm-Mallows_54;0.14966;0.81181
Norm-Mallows_55;-0.3504;0.87882
Norm-Mallows_56;1.01597;1.07686
Norm-Mallows_57;-0.13403;0.74942
Norm-Mallows_58;0.87062;1.05668
Norm-Mallows_59;0.54368;0.75625
Norm-Mallows_60;-0.42834;0.92071
Norm-Mallows_61;-0.22582;0.95786
Norm-Mallows_62;-0.09955;0.87723
Norm-Mallows_63;0.50672;0.80936
Norm-Mallows_64;0.73182;0.99951
Norm-Mallows_65;0.05455;0.77208
Norm-Mallows_66;0.86344;0.9862
Norm-Mallows_67;0.79088;0.94048
Norm-Mallows_68;0.29933;0.67523
Norm-Mallows_69;0.57058;0.9081
Norm-Mallows_70;0.88067;1.10186
Norm-Mallows_71;-0.09166;0.94196
Norm-Mallows_72;0.21404;0.79224
Norm-Mallows_73;0.09776;0.73227
Norm-Mallows_74;0.45363;0.66382
Norm-Mallows_75;0.82627;0.93786
Norm-Mallows_76;0.45461;0.70463
Norm-Mallows_77;0.97969;1.1517
Norm-Mallows_78;0.81031;0.90947
Norm-Mallows_79;0.21829;0.69696
ANID_0;0.98082;1.1813
ANID_1;0.91144;1.25343
ANID_2;0.83656;1.26283
ANID_3;0.79424;1.29547
ANID_4;0.72841;1.32838
ANID_5;0.70156;1.35859
ANID_6;0.63674;1.37326
ANID_7;0.6045;1.40752
ANID_8;0.54271;1.39557
ANID_9;0.48836;1.42153
ANID_10;0.44292;1.48285
ANID_11;0.39126;1.50332
ANID_12;0.32212;1.51887
ANID_13;0.28267;1.56439
ANID_14;0.23571;1.58066
ANID_15;0.17969;1.58244
ANID_16;0.13535;1.62277
ANID_17;0.08563;1.64258
ANID_18;0.03093;1.66086
ANID_19;-0.01487;1.66693
STID_0;1.00751;1.05898
STID_1;1.00216;0.98948
STID_2;0.95173;0.96267
STID_3;0.94082;0.9151
STID_4;0.91081;0.87312
STID_5;0.87517;0.83748
STID_6;0.85459;0.80182
STID_7;0.8271;0.77035
STID_8;0.78254;0.7557
STID_9;0.77846;0.7164
STID_10;0.73765;0.69882
STID_11;0.71937;0.66909
STID_12;0.71974;0.63664
STID_13;0.68456;0.62229
STID_14;0.68368;0.56434
STID_15;0.65931;0.55239
STID_16;0.64642;0.5064
STID_17;0.6227;0.49814
STID_18;0.60121;0.47257
STID_19;0.58637;0.42406
ANUN_0;-0.5814;1.0993
ANUN_1;-0.56309;1.1298
ANUN_2;-0.53758;1.18402
ANUN_3;-0.54607;1.22623
ANUN_4;-0.53378;1.25479
ANUN_5;-0.50701;1.28974
ANUN_6;-0.49872;1.32155
ANUN_7;-0.48158;1.35421
ANUN_8;-0.45975;1.39667
ANUN_9;-0.42266;1.41886
ANUN_10;-0.39752;1.44486
ANUN_11;-0.36891;1.51099
ANUN_12;-0.3152;1.51727
ANUN_13;-0.28346;1.55312
ANUN_14;-0.24398;1.57508
ANUN_15;-0.2272;1.61606
ANUN_16;-0.19761;1.63914
ANUN_17;-0.16438;1.6573
ANUN_18;-0.12673;1.67863
ANUN_19;-0.09417;1.68859
STUN_0;-0.5722;0.97456
STUN_1;-0.49348;0.90179
STUN_2;-0.38607;0.89562
STUN_3;-0.3193;0.87284
STUN_4;-0.33014;0.77401
STUN_5;-0.28778;0.74505
STUN_6;-0.21375;0.7326
STUN_7;-0.17027;0.66099
STUN_8;-0.10193;0.62416
STUN_9;-0.03323;0.58524
STUN_10;0.03957;0.5635
STUN_11;0.08675;0.51053
STUN_12;0.16909;0.51047
STUN_13;0.20918;0.47921
STUN_14;0.25825;0.44423
STUN_15;0.31231;0.43378
STUN_16;0.3706;0.44899
STUN_17;0.4239;0.44356
STUN_18;0.47057;0.41768
STUN_19;0.50808;0.41551
