instance_id;x;y
ID;1.43344;1.28388
UN;-0.43585;1.28388
AN;0.31859;2.05721
ST;0.72228;0.36407
Impartial Culture_0;-0.20044;1.2286
Impartial Culture_1;-0.19365;1.1476
Impartial Culture_2;-0.23013;1.20444
Impartial Culture_3;-0.20758;1.27686
Impartial Culture_4;-0.09426;1.27964
Impartial Culture_5;-0.20665;1.31643
Impartial Culture_6;-0.23632;1.29781
Impartial Culture_7;-0.25299;1.22229
Impartial Culture_8;-0.0914;1.311
Impartial Culture_9;-0.19782;1.34645
Impartial Culture_10;-0.16247;1.35262
Impartial Culture_11;-0.15075;1.24048
Impartial Culture_12;-0.1329;1.35374
Impartial Culture_13;-0.16862;1.21126
Impartial Culture_14;-0.16385;1.32109
Impartial Culture_15;-0.12563;1.26529
Impartial Culture_16;-0.10965;1.37699
Impartial Culture_17;-0.13097;1.3017
Impartial Culture_18;-0.09345;1.34844
Impartial Culture_19;-0.22679;1.35914
SP by Conitzer_0;0.46319;1.40677
SP by Conitzer_1;0.49619;1.48839
SP by Conitzer_2;0.28786;1.47834
SP by Conitzer_3;0.55975;1.525
SP by Conitzer_4;0.3042;1.54752
SP by Conitzer_5;0.48061;1.45529
SP by Conitzer_6;0.25502;1.56648
SP by Conitzer_7;0.25681;1.61788
SP by Conitzer_8;0.3682;1.58307
SP by Conitzer_9;0.32959;1.58422
SP by Conitzer_10;0.17999;1.65752
SP by Conitzer_11;0.32798;1.48918
SP by Conitzer_12;0.23714;1.50104
SP by Conitzer_13;0.22102;1.60833
SP by Conitzer_14;0.20777;1.55183
SP by Conitzer_15;0.35871;1.44459
SP by Conitzer_16;0.52543;1.4026
SP by Conitzer_17;0.40905;1.58452
SP by Conitzer_18;0.44413;1.44604
SP by Conitzer_19;0.25189;1.6786
SP by Walsh_0;1.24598;0.91557
SP by Walsh_1;1.24494;1.00938
SP by Walsh_2;1.31597;0.90369
SP by Walsh_3;1.31443;0.94895
SP by Walsh_4;1.22124;0.98287
SP by Walsh_5;1.30377;1.01247
SP by Walsh_6;1.22102;0.94485
SP by Walsh_7;1.28552;0.97696
SP by Walsh_8;1.32649;0.98559
SP by Walsh_9;1.34212;0.92177
SP by Walsh_10;1.28029;0.92997
SP by Walsh_11;1.27434;1.02569
SP by Walsh_12;1.27869;0.85369
SP by Walsh_13;1.2476;0.87531
SP by Walsh_14;1.34311;0.88385
SP by Walsh_15;1.28183;0.88918
SP by Walsh_16;1.31453;0.85961
SP by Walsh_17;1.25503;0.96574
SP by Walsh_18;1.21315;0.90272
SP by Walsh_19;1.35701;0.95982
SPOC_0;-0.27147;1.13797
SPOC_1;-0.33103;1.27704
SPOC_2;-0.10931;1.42993
SPOC_3;-0.03551;1.192
SPOC_4;-0.2115;1.10909
SPOC_5;-0.35469;1.3582
SPOC_6;-0.36374;1.26495
SPOC_7;-0.30972;1.35318
SPOC_8;-0.29856;1.17632
SPOC_9;-0.09681;1.13394
SPOC_10;-0.11285;1.05393
SPOC_11;-0.23756;1.11395
SPOC_12;-0.29865;1.14892
SPOC_13;-0.22299;1.08098
SPOC_14;-0.27215;1.19548
SPOC_15;-0.38842;1.29185
SPOC_16;-0.1401;1.39074
SPOC_17;-0.18535;1.37846
SPOC_18;-0.06421;1.02531
SPOC_19;-0.17932;1.09803
Single-Crossing_0;0.81288;1.1086
Single-Crossing_1;0.7197;1.0306
Single-Crossing_2;0.7183;0.92643
Single-Crossing_3;0.71569;0.87745
Single-Crossing_4;0.76864;1.01883
Single-Crossing_5;0.83396;0.99672
Single-Crossing_6;0.65409;1.01297
Single-Crossing_7;0.8038;1.0532
Single-Crossing_8;0.77783;0.85721
Single-Crossing_9;0.65516;0.94034
Single-Crossing_10;0.76558;1.18677
Single-Crossing_11;0.69157;1.07758
Single-Crossing_12;0.76453;1.08571
Single-Crossing_13;0.70557;1.12452
Single-Crossing_14;0.76449;0.92115
Single-Crossing_15;0.81029;0.95055
Single-Crossing_16;0.70293;0.97539
Single-Crossing_17;0.75506;0.97298
Single-Crossing_18;0.75164;1.14147
Single-Crossing_19;0.65022;0.89031
1D Uniform_0;0.36554;1.49364
1D Uniform_1;0.33397;1.64949
1D Uniform_2;0.35471;1.54035
1D Uniform_3;0.18532;1.59538
1D Uniform_4;0.38886;1.53576
1D Uniform_5;0.46062;1.4998
1D Uniform_6;0.48989;1.54683
1D Uniform_7;0.28656;1.65238
1D Uniform_8;0.40013;1.64923
1D Uniform_9;0.43429;1.53514
1D Uniform_10;0.52399;1.44047
1D Uniform_11;0.39677;1.42871
1D Uniform_12;0.56259;1.49258
1D Uniform_13;0.21525;1.66358
1D Uniform_14;0.45073;1.57488
1D Uniform_15;0.29302;1.60067
1D Uniform_16;0.48388;1.62253
1D Uniform_17;0.271;1.52078
1D Uniform_18;0.40341;1.47199
1D Uniform_19;0.36606;1.63199
2D Uniform_0;0.2901;1.37237
2D Uniform_1;0.39722;1.31308
2D Uniform_2;0.36404;1.28541
2D Uniform_3;0.46221;1.22814
2D Uniform_4;0.40135;1.2577
2D Uniform_5;0.2359;1.3932
2D Uniform_6;0.2542;1.34381
2D Uniform_7;0.32964;1.33817
2D Uniform_8;0.19225;1.37915
2D Uniform_9;0.50148;1.14203
2D Uniform_10;0.35821;1.32225
2D Uniform_11;0.32298;1.27424
2D Uniform_12;0.43613;1.25487
2D Uniform_13;0.24442;1.30673
2D Uniform_14;0.3695;1.23965
2D Uniform_15;0.29071;1.28626
2D Uniform_16;0.1916;1.31253
2D Uniform_17;0.29784;1.32942
2D Uniform_18;0.47589;1.19874
2D Uniform_19;0.20912;1.35061
3D Uniform_0;0.44577;1.15621
3D Uniform_1;0.40663;1.16821
3D Uniform_2;0.17581;1.21872
3D Uniform_3;0.20727;1.25967
3D Uniform_4;0.47887;1.0765
3D Uniform_5;0.35271;1.20476
3D Uniform_6;0.43034;1.06363
3D Uniform_7;0.37973;1.14039
3D Uniform_8;0.17072;1.25083
3D Uniform_9;0.31523;1.18929
3D Uniform_10;0.43667;1.1185
3D Uniform_11;0.34576;1.16737
3D Uniform_12;0.26501;1.18967
3D Uniform_13;0.25435;1.26071
3D Uniform_14;0.41055;1.20215
3D Uniform_15;0.2688;1.22514
3D Uniform_16;0.22811;1.22056
3D Uniform_17;0.30953;1.23228
3D Uniform_18;0.41545;1.09097
3D Uniform_19;0.38415;1.11007
5D Uniform_0;0.28305;1.15112
5D Uniform_1;0.36529;1.06306
5D Uniform_2;0.3493;1.09654
5D Uniform_3;0.20932;1.17954
5D Uniform_4;0.17684;1.16346
5D Uniform_5;0.13355;1.17442
5D Uniform_6;0.31684;1.13391
5D Uniform_7;0.17299;1.09764
5D Uniform_8;0.20512;1.10449
5D Uniform_9;0.28046;1.07858
5D Uniform_10;0.39294;1.03935
5D Uniform_11;0.44322;1.01273
5D Uniform_12;0.23923;1.11928
5D Uniform_13;0.31548;1.09441
5D Uniform_14;0.23985;1.1568
5D Uniform_15;0.24407;1.08292
5D Uniform_16;0.27609;1.11863
5D Uniform_17;0.20585;1.14018
5D Uniform_18;0.15752;1.13111
5D Uniform_19;0.32701;1.05867
10D Uniform_0;0.2808;0.96161
10D Uniform_1;0.34671;0.98582
10D Uniform_2;0.31424;0.96694
10D Uniform_3;0.29344;1.00215
10D Uniform_4;0.35159;0.94589
10D Uniform_5;0.39067;0.96052
10D Uniform_6;0.14233;1.02654
10D Uniform_7;0.2843;1.03735
10D Uniform_8;0.17477;1.04567
10D Uniform_9;0.18843;0.99605
10D Uniform_10;0.22605;0.98705
10D Uniform_11;0.2578;1.00414
10D Uniform_12;0.36613;1.01211
10D Uniform_13;0.32453;1.02034
10D Uniform_14;0.40389;0.9893
10D Uniform_15;0.20823;1.02421
10D Uniform_16;0.12626;0.97306
10D Uniform_17;0.20819;1.06152
10D Uniform_18;0.09365;1.00393
10D Uniform_19;0.23976;1.04142
20D Uniform_0;0.15862;0.94381
20D Uniform_1;0.32041;0.92143
20D Uniform_2;0.21036;0.93116
20D Uniform_3;0.13563;0.9126
20D Uniform_4;0.14123;1.06202
20D Uniform_5;0.15003;0.99218
20D Uniform_6;0.18841;0.95647
20D Uniform_7;0.11081;0.93347
20D Uniform_8;0.36404;0.90827
20D Uniform_9;0.26498;0.88767
20D Uniform_10;0.11949;1.10249
20D Uniform_11;0.24501;0.95678
20D Uniform_12;0.10408;1.0393
20D Uniform_13;0.24192;0.92176
20D Uniform_14;0.04391;0.99172
20D Uniform_15;0.08591;1.08573
20D Uniform_16;0.32194;0.88191
20D Uniform_17;0.17989;0.90935
20D Uniform_18;0.2155;0.89433
20D Uniform_19;0.28174;0.92111
2D Sphere_0;-0.21792;1.49985
2D Sphere_1;-0.36742;1.189
2D Sphere_2;-0.33503;1.19366
2D Sphere_3;-0.15221;1.04908
2D Sphere_4;-0.14163;1.08433
2D Sphere_5;-0.18417;1.47711
2D Sphere_6;-0.1654;1.40632
2D Sphere_7;0.004;1.31477
2D Sphere_8;-0.02951;1.36924
2D Sphere_9;-0.1996;1.42682
2D Sphere_10;-0.28106;1.44679
2D Sphere_11;-0.30906;1.11092
2D Sphere_12;-0.13678;1.47613
2D Sphere_13;-0.21646;1.45744
2D Sphere_14;-0.33142;1.15514
2D Sphere_15;-0.15168;1.43315
2D Sphere_16;-0.26837;1.09519
2D Sphere_17;-0.27332;1.48349
2D Sphere_18;-0.31778;1.44215
2D Sphere_19;-0.24927;1.41653
3D Sphere_0;-0.25251;1.26886
3D Sphere_1;-0.35998;1.23281
3D Sphere_2;-0.27394;1.29371
3D Sphere_3;-0.27461;1.36252
3D Sphere_4;-0.23731;1.14611
3D Sphere_5;-0.30293;1.40641
3D Sphere_6;-0.29982;1.26542
3D Sphere_7;-0.17994;1.29698
3D Sphere_8;-0.24926;1.17347
3D Sphere_9;-0.01356;1.27992
3D Sphere_10;-0.22657;1.24494
3D Sphere_11;-0.09789;1.0926
3D Sphere_12;-0.07653;1.40525
3D Sphere_13;-0.16566;1.12832
3D Sphere_14;-0.30117;1.21267
3D Sphere_15;-0.21679;1.39225
3D Sphere_16;-0.0602;1.1308
3D Sphere_17;-0.13323;1.13515
3D Sphere_18;-0.32286;1.2351
3D Sphere_19;-0.25053;1.45259
5D Sphere_0;-0.2717;1.32592
5D Sphere_1;-0.21643;1.17217
5D Sphere_2;-0.09724;1.16854
5D Sphere_3;-0.11731;1.33074
5D Sphere_4;-0.06581;1.22308
5D Sphere_5;-0.26159;1.3865
5D Sphere_6;-0.17303;1.17391
5D Sphere_7;-0.07586;1.37518
5D Sphere_8;-0.0893;1.20201
5D Sphere_9;-0.06202;1.33669
5D Sphere_10;-0.32418;1.38563
5D Sphere_11;-0.24285;1.33454
5D Sphere_12;-0.1838;1.25231
5D Sphere_13;-0.3308;1.33641
5D Sphere_14;-0.37899;1.33101
5D Sphere_15;-0.27444;1.245
5D Sphere_16;-0.14018;1.17091
5D Sphere_17;-0.05947;1.27805
5D Sphere_18;-0.30477;1.30894
5D Sphere_19;-0.34131;1.30439
GS Balanced_0;-0.15387;1.0032
GS Balanced_1;-0.24993;0.9727
GS Balanced_2;-0.2279;1.02729
GS Balanced_3;-0.3014;1.08081
GS Balanced_4;-0.04801;1.58225
GS Balanced_5;0.04098;1.50351
GS Balanced_6;-0.07464;1.54531
GS Balanced_7;0.00693;1.54467
GS Balanced_8;-0.06555;1.5121
GS Balanced_9;0.03379;1.46849
GS Balanced_10;-8e-05;1.44354
GS Balanced_11;-0.02559;1.54675
GS Balanced_12;-0.03199;1.49997
GS Balanced_13;-0.16675;1.56785
GS Balanced_14;0.00134;1.48199
GS Balanced_15;-0.13149;1.55362
GS Balanced_16;-0.09431;1.5861
GS Balanced_17;-0.20034;1.57412
GS Balanced_18;-0.19525;1.05471
GS Balanced_19;-0.10912;1.51778
GS Caterpillar_0;0.37355;1.95985
GS Caterpillar_1;0.22297;1.9125
GS Caterpillar_2;0.38506;1.90614
GS Caterpillar_3;0.46033;1.86864
GS Caterpillar_4;0.49395;1.81106
GS Caterpillar_5;0.40978;1.86361
GS Caterpillar_6;0.46229;1.90723
GS Caterpillar_7;0.34686;1.88209
GS Caterpillar_8;0.23649;1.86466
GS Caterpillar_9;0.27139;1.90107
GS Caterpillar_10;0.34773;1.83706
GS Caterpillar_11;0.33534;1.92969
GS Caterpillar_12;0.44337;1.81729
GS Caterpillar_13;0.3028;1.95062
GS Caterpillar_14;0.25238;1.94724
GS Caterpillar_15;0.50473;1.85686
GS Caterpillar_16;0.30611;1.87825
GS Caterpillar_17;0.39424;1.82376
GS Caterpillar_18;0.4205;1.92928
GS Caterpillar_19;0.28552;1.83787
Urn_0;0.78604;1.40281
Urn_1;1.14568;1.28833
Urn_2;1.05029;1.4862
Urn_3;0.03065;0.86735
Urn_4;0.12897;0.73689
Urn_5;0.67767;1.21485
Urn_6;1.05658;1.37782
Urn_7;0.78348;1.4948
Urn_8;0.45527;1.32983
Urn_9;1.43333;1.28906
Urn_10;0.88365;1.24159
Urn_11;1.08778;1.21612
Urn_12;0.66831;1.2928
Urn_13;0.98075;1.44486
Urn_14;0.56916;1.17801
Urn_15;0.17511;0.74343
Urn_16;0.00837;0.83593
Urn_17;0.07124;0.77335
Urn_18;0.70677;1.52164
Urn_19;0.5347;1.32036
Urn_20;1.49099;1.29448
Urn_21;0.08181;0.81799
Urn_22;0.6823;1.43942
Urn_23;0.00866;1.35249
Urn_24;0.63506;1.33304
Urn_25;0.03703;0.81026
Urn_26;0.59106;1.059
Urn_27;0.58164;1.12926
Urn_28;0.58227;1.37844
Urn_29;0.53177;0.62441
Urn_30;-0.15532;1.27688
Urn_31;0.96005;1.50052
Urn_32;0.95961;1.19626
Urn_33;0.76686;1.44485
Urn_34;0.86734;1.31656
Urn_35;0.74175;1.3268
Urn_36;1.39771;1.32548
Urn_37;0.06422;1.36386
Urn_38;0.26863;0.70441
Urn_39;1.28406;1.32996
Urn_40;1.28849;1.40805
Urn_41;0.11393;0.7779
Urn_42;1.19383;1.34475
Urn_43;1.42192;1.35375
Urn_44;1.13886;1.42565
Urn_45;0.88992;1.16708
Urn_46;-0.03026;0.8562
Urn_47;0.7915;1.35428
Urn_48;0.83681;1.23738
Urn_49;0.52566;1.26291
Urn_50;0.21634;0.72226
Urn_51;-0.10604;0.97203
Urn_52;0.64052;1.18216
Urn_53;0.42839;0.68049
Urn_54;0.85535;1.55044
Urn_55;0.80593;1.29555
Urn_56;0.62987;1.25074
Urn_57;1.0615;1.43127
Urn_58;0.83322;1.62483
Urn_59;1.03579;1.26286
Urn_60;1.13046;1.35944
Urn_61;-0.07053;0.97712
Urn_62;0.67665;1.37458
Urn_63;0.97208;1.32899
Urn_64;1.3304;1.36738
Urn_65;0.89037;1.47148
Urn_66;-0.04453;0.92033
Urn_67;0.30901;0.66032
Urn_68;0.35645;0.75272
Urn_69;0.55131;1.22405
Urn_70;0.39797;0.76645
Urn_71;0.34507;0.69408
Urn_72;0.64246;0.64643
Urn_73;1.04306;1.31633
Urn_74;0.30026;0.72933
Urn_75;0.89321;1.38092
Urn_76;0.04919;1.31276
Urn_77;0.69441;0.84797
Urn_78;1.13132;1.48843
Urn_79;0.471;0.71052
Norm-Mallows_0;0.72908;0.73437
Norm-Mallows_1;0.68429;0.70996
Norm-Mallows_2;0.1967;0.82425
Norm-Mallows_3;0.48118;0.90664
Norm-Mallows_4;-0.12321;1.22536
Norm-Mallows_5;1.19659;0.75157
Norm-Mallows_6;1.49327;1.15176
Norm-Mallows_7;-0.01068;1.10331
Norm-Mallows_8;-0.04014;1.15848
Norm-Mallows_9;0.55796;0.85233
Norm-Mallows_10;0.06467;0.91275
Norm-Mallows_11;-0.13672;1.19941
Norm-Mallows_12;0.15733;0.83027
Norm-Mallows_13;0.4933;0.84135
Norm-Mallows_14;-0.00928;0.98583
Norm-Mallows_15;0.57567;0.67548
Norm-Mallows_16;1.00784;0.80877
Norm-Mallows_17;1.37276;1.11897
Norm-Mallows_18;0.82376;0.78346
Norm-Mallows_19;0.97606;0.71894
Norm-Mallows_20;1.37625;1.01916
Norm-Mallows_21;0.53195;0.78396
Norm-Mallows_22;1.42748;0.99671
Norm-Mallows_23;1.31279;0.80671
Norm-Mallows_24;0.3301;0.81261
Norm-Mallows_25;0.37701;0.81738
Norm-Mallows_26;1.04562;0.75897
Norm-Mallows_27;1.50213;1.20084
Norm-Mallows_28;1.05556;0.84486
Norm-Mallows_29;-0.06081;1.08334
Norm-Mallows_30;0.74297;0.64542
Norm-Mallows_31;1.09321;0.98878
Norm-Mallows_32;0.15589;0.86503
Norm-Mallows_33;1.21346;0.79831
Norm-Mallows_34;-0.0442;1.31122
Norm-Mallows_35;-0.04431;1.24638
Norm-Mallows_36;0.52575;0.92177
Norm-Mallows_37;0.42938;0.80368
Norm-Mallows_38;0.19668;0.85679
Norm-Mallows_39;1.0398;0.91212
Norm-Mallows_40;1.39681;0.9
Norm-Mallows_41;0.89806;0.70428
Norm-Mallows_42;0.27068;0.79954
Norm-Mallows_43;0.27671;0.83687
Norm-Mallows_44;1.46564;1.18259
Norm-Mallows_45;0.45525;0.86977
Norm-Mallows_46;0.53042;0.691
Norm-Mallows_47;1.45755;1.07346
Norm-Mallows_48;0.96052;0.87194
Norm-Mallows_49;1.42665;1.04433
Norm-Mallows_50;0.76469;0.69045
Norm-Mallows_51;1.15865;0.78355
Norm-Mallows_52;-0.19648;1.19517
Norm-Mallows_53;1.16982;0.84174
Norm-Mallows_54;0.06453;0.94949
Norm-Mallows_55;0.4812;0.76604
Norm-Mallows_56;0.67186;0.66767
Norm-Mallows_57;0.95334;0.76194
Norm-Mallows_58;0.72494;0.78028
Norm-Mallows_59;-0.0006;1.24654
Norm-Mallows_60;0.58178;0.71951
Norm-Mallows_61;0.91897;0.80517
Norm-Mallows_62;1.41342;1.09968
Norm-Mallows_63;1.12089;0.95195
Norm-Mallows_64;0.64366;0.76226
Norm-Mallows_65;1.40216;0.9449
Norm-Mallows_66;0.00114;1.20966
Norm-Mallows_67;0.11758;0.86525
Norm-Mallows_68;0.61539;0.81595
Norm-Mallows_69;0.01029;1.16174
Norm-Mallows_70;0.80112;0.73037
Norm-Mallows_71;0.0007;1.0276
Norm-Mallows_72;1.25804;0.78472
Norm-Mallows_73;-0.08929;1.2455
Norm-Mallows_74;0.59476;0.76028
Norm-Mallows_75;1.31913;1.08374
Norm-Mallows_76;0.23471;0.82404
Norm-Mallows_77;0.04522;1.02719
Norm-Mallows_78;1.36149;1.06577
Norm-Mallows_79;0.40986;0.85734
ANID_0;1.44006;1.38793
ANID_1;1.37243;1.43205
ANID_2;1.31535;1.47844
ANID_3;1.25841;1.51069
ANID_4;1.20845;1.55459
ANID_5;1.15191;1.59314
ANID_6;1.09471;1.62257
ANID_7;1.04046;1.64951
ANID_8;0.98728;1.67285
ANID_9;0.93775;1.70296
ANID_10;0.88471;1.72366
ANID_11;0.83794;1.75765
ANID_12;0.78295;1.75254
ANID_13;0.74983;1.80081
ANID_14;0.69659;1.80095
ANID_15;0.66266;1.84426
ANID_16;0.61933;1.87722
ANID_17;0.5758;1.92333
ANID_18;0.51327;1.97552
ANID_19;0.42061;2.02603
STID_0;1.47445;1.24332
STID_1;1.40177;1.21844
STID_2;1.34645;1.23382
STID_3;1.29744;1.21802
STID_4;1.25409;1.18452
STID_5;1.20646;1.14248
STID_6;1.15494;1.07874
STID_7;1.11566;0.91453
STID_8;1.10357;0.80083
STID_9;1.09856;0.7147
STID_10;1.06686;0.67003
STID_11;1.02108;0.64773
STID_12;1.00068;0.602
STID_13;0.94761;0.59629
STID_14;0.94031;0.54474
STID_15;0.88548;0.5381
STID_16;0.87638;0.48761
STID_17;0.82038;0.47923
STID_18;0.80731;0.43102
STID_19;0.75745;0.41003
ANUN_0;-0.38504;1.41057
ANUN_1;-0.39358;1.3827
ANUN_2;-0.3454;1.46704
ANUN_3;-0.30169;1.51777
ANUN_4;-0.26143;1.55646
ANUN_5;-0.22923;1.60138
ANUN_6;-0.17451;1.63807
ANUN_7;-0.12939;1.66775
ANUN_8;-0.06431;1.68411
ANUN_9;-0.0906;1.72753
ANUN_10;-0.04017;1.74705
ANUN_11;0.00267;1.76541
ANUN_12;0.04871;1.78852
ANUN_13;0.00224;1.83615
ANUN_14;0.05151;1.85999
ANUN_15;0.10565;1.87491
ANUN_16;0.08439;1.92631
ANUN_17;0.13197;1.95558
ANUN_18;0.17287;1.99661
ANUN_19;0.23685;2.03231
STUN_0;-0.39669;1.20815
STUN_1;-0.3425;1.11766
STUN_2;-0.26768;1.04088
STUN_3;-0.20088;0.98268
STUN_4;-0.16647;0.93327
STUN_5;-0.13256;0.88726
STUN_6;-0.10219;0.83787
STUN_7;-0.06341;0.78312
STUN_8;-0.01264;0.72804
STUN_9;0.04839;0.6757
STUN_10;0.1146;0.63074
STUN_11;0.17878;0.59204
STUN_12;0.24244;0.55709
STUN_13;0.30686;0.52775
STUN_14;0.36843;0.50206
STUN_15;0.42731;0.4773
STUN_16;0.48621;0.4545
STUN_17;0.54549;0.43426
STUN_18;0.60517;0.4168
STUN_19;0.66337;0.39755
