instance_id;x;y
ID;2.02683;1.00132
UN;0.30588;1.00132
AN;0.9386;1.73015
ST;1.34336;0.22729
Impartial Culture_0;0.56387;1.0592
Impartial Culture_1;0.60671;1.0208
Impartial Culture_2;0.48196;0.966
Impartial Culture_3;0.54102;1.07668
Impartial Culture_4;0.5584;0.89635
Impartial Culture_5;0.49823;1.01196
Impartial Culture_6;0.49315;1.04332
Impartial Culture_7;0.56844;1.09303
Impartial Culture_8;0.6149;1.05455
Impartial Culture_9;0.50999;1.06579
Impartial Culture_10;0.52482;1.02251
Impartial Culture_11;0.5836;1.00341
Impartial Culture_12;0.56404;1.02833
Impartial Culture_13;0.50243;0.9061
Impartial Culture_14;0.46886;0.93873
Impartial Culture_15;0.5655;0.97821
Impartial Culture_16;0.5311;0.9154
Impartial Culture_17;0.58883;1.04358
Impartial Culture_18;0.53358;0.9431
Impartial Culture_19;0.44035;0.98726
SP by Conitzer_0;1.08247;1.15367
SP by Conitzer_1;1.07128;1.21753
SP by Conitzer_2;0.99303;1.2299
SP by Conitzer_3;1.1766;1.24101
SP by Conitzer_4;0.9536;1.27475
SP by Conitzer_5;1.11447;1.21442
SP by Conitzer_6;0.85852;1.27737
SP by Conitzer_7;0.92031;1.33689
SP by Conitzer_8;1.00861;1.31504
SP by Conitzer_9;0.97117;1.309
SP by Conitzer_10;0.82733;1.3644
SP by Conitzer_11;1.0311;1.23037
SP by Conitzer_12;0.91334;1.21492
SP by Conitzer_13;0.95997;1.34768
SP by Conitzer_14;0.88561;1.28985
SP by Conitzer_15;1.04339;1.17577
SP by Conitzer_16;1.15011;1.18476
SP by Conitzer_17;0.99751;1.28001
SP by Conitzer_18;1.08908;1.18723
SP by Conitzer_19;0.88849;1.38856
SP by Walsh_0;1.7816;0.75496
SP by Walsh_1;1.83945;0.7472
SP by Walsh_2;1.85935;0.83844
SP by Walsh_3;1.86298;0.77718
SP by Walsh_4;1.78656;0.78403
SP by Walsh_5;1.86073;0.87281
SP by Walsh_6;1.76185;0.81407
SP by Walsh_7;1.84366;0.80778
SP by Walsh_8;1.83094;0.89519
SP by Walsh_9;1.8233;0.8367
SP by Walsh_10;1.80379;0.80979
SP by Walsh_11;1.83031;0.86633
SP by Walsh_12;1.77181;0.87221
SP by Walsh_13;1.75637;0.84216
SP by Walsh_14;1.83035;0.78033
SP by Walsh_15;1.81026;0.74855
SP by Walsh_16;1.78949;0.84542
SP by Walsh_17;1.79849;0.88805
SP by Walsh_18;1.75021;0.78395
SP by Walsh_19;1.88254;0.81427
SPOC_0;0.45765;0.88163
SPOC_1;0.40695;1.02264
SPOC_2;0.59236;1.15013
SPOC_3;0.60842;0.85531
SPOC_4;0.49412;0.8522
SPOC_5;0.3557;1.00885
SPOC_6;0.37908;1.02685
SPOC_7;0.38189;0.95544
SPOC_8;0.43546;0.91976
SPOC_9;0.5781;0.85544
SPOC_10;0.66012;0.89634
SPOC_11;0.62403;1.08338
SPOC_12;0.51773;1.10337
SPOC_13;0.53662;0.84505
SPOC_14;0.4719;0.99213
SPOC_15;0.36499;1.08169
SPOC_16;0.54564;1.11054
SPOC_17;0.56791;1.1239
SPOC_18;0.64635;0.7857
SPOC_19;0.51637;0.83579
Single-Crossing_0;1.4129;0.84538
Single-Crossing_1;1.35656;0.82224
Single-Crossing_2;1.40184;0.88694
Single-Crossing_3;1.33665;0.70066
Single-Crossing_4;1.29734;0.63326
Single-Crossing_5;1.38603;0.66587
Single-Crossing_6;1.32755;0.92247
Single-Crossing_7;1.33534;0.65825
Single-Crossing_8;1.41456;0.71594
Single-Crossing_9;1.34829;0.87228
Single-Crossing_10;1.38065;0.92932
Single-Crossing_11;1.30981;0.8404
Single-Crossing_12;1.29265;0.67848
Single-Crossing_13;1.26505;0.72918
Single-Crossing_14;1.39476;0.78653
Single-Crossing_15;1.43375;0.80349
Single-Crossing_16;1.34724;0.77586
Single-Crossing_17;1.36581;0.73557
Single-Crossing_18;1.30672;0.74482
Single-Crossing_19;1.30412;0.78818
1D Uniform_0;0.95765;1.22674
1D Uniform_1;1.02624;1.35349
1D Uniform_2;1.03477;1.27737
1D Uniform_3;0.84091;1.31571
1D Uniform_4;0.88271;1.24351
1D Uniform_5;1.10757;1.24571
1D Uniform_6;1.10114;1.28954
1D Uniform_7;0.92633;1.37224
1D Uniform_8;0.98707;1.37788
1D Uniform_9;1.06665;1.2693
1D Uniform_10;1.12939;1.15454
1D Uniform_11;1.0101;1.17935
1D Uniform_12;1.15433;1.29081
1D Uniform_13;0.85714;1.37215
1D Uniform_14;1.05982;1.3112
1D Uniform_15;0.92146;1.30297
1D Uniform_16;1.0931;1.35539
1D Uniform_17;0.92202;1.25049
1D Uniform_18;0.97694;1.19227
1D Uniform_19;0.88553;1.33835
2D Uniform_0;0.95126;1.08903
2D Uniform_1;1.04568;1.04023
2D Uniform_2;1.02416;1.01129
2D Uniform_3;1.10154;0.97172
2D Uniform_4;1.05147;0.9745
2D Uniform_5;0.90528;1.1011
2D Uniform_6;0.92029;1.06092
2D Uniform_7;0.96256;1.04797
2D Uniform_8;0.86252;1.09373
2D Uniform_9;1.13723;0.89426
2D Uniform_10;1.00845;1.04047
2D Uniform_11;0.98205;1.00414
2D Uniform_12;1.07578;0.99612
2D Uniform_13;0.90805;1.02883
2D Uniform_14;1.01794;0.97363
2D Uniform_15;0.94757;1.01461
2D Uniform_16;0.86114;1.0327
2D Uniform_17;0.98921;1.06486
2D Uniform_18;1.11315;0.9443
2D Uniform_19;0.87594;1.06622
3D Uniform_0;1.09006;0.90532
3D Uniform_1;1.07539;0.8775
3D Uniform_2;0.84914;0.9521
3D Uniform_3;0.87791;0.98868
3D Uniform_4;1.11766;0.83164
3D Uniform_5;1.00251;0.94315
3D Uniform_6;1.07263;0.81525
3D Uniform_7;1.03368;0.87284
3D Uniform_8;0.84364;0.98009
3D Uniform_9;1.00359;0.90946
3D Uniform_10;1.05299;0.89899
3D Uniform_11;0.97309;0.92557
3D Uniform_12;0.91639;0.92747
3D Uniform_13;0.96007;0.97509
3D Uniform_14;1.05605;0.93485
3D Uniform_15;0.94007;0.94763
3D Uniform_16;0.89455;0.95595
3D Uniform_17;0.92581;0.98001
3D Uniform_18;1.07096;0.8435
3D Uniform_19;1.03561;0.84105
5D Uniform_0;0.94559;0.86013
5D Uniform_1;1.00279;0.86245
5D Uniform_2;1.01186;0.81248
5D Uniform_3;0.87042;0.91553
5D Uniform_4;0.83381;0.86454
5D Uniform_5;0.81273;0.91595
5D Uniform_6;0.97006;0.88346
5D Uniform_7;0.85334;0.84085
5D Uniform_8;0.87152;0.87967
5D Uniform_9;0.94335;0.82759
5D Uniform_10;1.03982;0.79415
5D Uniform_11;1.08769;0.77324
5D Uniform_12;0.91148;0.86777
5D Uniform_13;0.97953;0.84257
5D Uniform_14;0.89882;0.89749
5D Uniform_15;0.91061;0.83381
5D Uniform_16;0.93745;0.89481
5D Uniform_17;0.88285;0.8516
5D Uniform_18;0.84069;0.89386
5D Uniform_19;0.98102;0.81277
10D Uniform_0;0.94654;0.7261
10D Uniform_1;0.97991;0.72522
10D Uniform_2;0.9899;0.75084
10D Uniform_3;0.95268;0.76091
10D Uniform_4;1.00949;0.71208
10D Uniform_5;1.05481;0.7525
10D Uniform_6;0.82429;0.8162
10D Uniform_7;0.94372;0.79003
10D Uniform_8;0.84216;0.79111
10D Uniform_9;0.87284;0.80925
10D Uniform_10;0.8888;0.74189
10D Uniform_11;0.92032;0.75929
10D Uniform_12;1.01913;0.76432
10D Uniform_13;0.98229;0.78046
10D Uniform_14;1.03933;0.72569
10D Uniform_15;0.8886;0.77904
10D Uniform_16;0.81026;0.7324
10D Uniform_17;0.86351;0.76577
10D Uniform_18;0.78398;0.80583
10D Uniform_19;0.90648;0.80094
20D Uniform_0;0.85183;0.7256
20D Uniform_1;0.97694;0.68864
20D Uniform_2;0.86067;0.67625
20D Uniform_3;0.81296;0.68002
20D Uniform_4;0.8064;0.77245
20D Uniform_5;0.82931;0.75436
20D Uniform_6;0.83841;0.69835
20D Uniform_7;0.79344;0.70067
20D Uniform_8;1.01326;0.67591
20D Uniform_9;0.93007;0.66089
20D Uniform_10;0.7952;0.83708
20D Uniform_11;0.91438;0.72142
20D Uniform_12;0.77622;0.75321
20D Uniform_13;0.90521;0.69288
20D Uniform_14;0.76708;0.8655
20D Uniform_15;0.75549;0.78823
20D Uniform_16;0.97618;0.65354
20D Uniform_17;0.87642;0.70347
20D Uniform_18;0.88947;0.66607
20D Uniform_19;0.94182;0.69042
2D Sphere_0;0.44327;1.18604
2D Sphere_1;0.52988;1.19296
2D Sphere_2;0.54489;1.15596
2D Sphere_3;0.69857;1.0967
2D Sphere_4;0.66757;1.11623
2D Sphere_5;0.35794;0.97349
2D Sphere_6;0.43665;0.89486
2D Sphere_7;0.69462;1.05408
2D Sphere_8;0.66259;1.08492
2D Sphere_9;0.39729;0.93304
2D Sphere_10;0.49864;1.19065
2D Sphere_11;0.43409;0.85143
2D Sphere_12;0.57259;1.18933
2D Sphere_13;0.48585;1.1634
2D Sphere_14;0.40594;0.90009
2D Sphere_15;0.52398;1.14147
2D Sphere_16;0.46463;0.84517
2D Sphere_17;0.40141;1.15397
2D Sphere_18;0.46626;1.1964
2D Sphere_19;0.46569;1.13722
3D Sphere_0;0.44932;0.9618
3D Sphere_1;0.38302;0.99075
3D Sphere_2;0.48979;1.08906
3D Sphere_3;0.46205;1.10682
3D Sphere_4;0.48479;0.88286
3D Sphere_5;0.39343;1.10534
3D Sphere_6;0.49667;1.12085
3D Sphere_7;0.53604;1.04763
3D Sphere_8;0.50689;0.9584
3D Sphere_9;0.68148;1.01703
3D Sphere_10;0.47201;0.913
3D Sphere_11;0.68524;0.96027
3D Sphere_12;0.62144;1.12485
3D Sphere_13;0.61284;0.98527
3D Sphere_14;0.42486;0.94599
3D Sphere_15;0.4533;1.04963
3D Sphere_16;0.69642;0.98644
3D Sphere_17;0.64303;1.02452
3D Sphere_18;0.41158;0.97847
3D Sphere_19;0.43606;1.15031
5D Sphere_0;0.46953;1.0701
5D Sphere_1;0.49936;0.93306
5D Sphere_2;0.61672;0.91465
5D Sphere_3;0.59999;1.10464
5D Sphere_4;0.64961;0.99998
5D Sphere_5;0.44064;1.08474
5D Sphere_6;0.55073;1.00359
5D Sphere_7;0.51866;0.88756
5D Sphere_8;0.62612;0.94995
5D Sphere_9;0.54261;0.87294
5D Sphere_10;0.42127;1.11823
5D Sphere_11;0.4423;1.01424
5D Sphere_12;0.5131;0.98634
5D Sphere_13;0.41115;1.08429
5D Sphere_14;0.35674;1.05198
5D Sphere_15;0.47126;1.02424
5D Sphere_16;0.59267;0.96584
5D Sphere_17;0.63772;0.9736
5D Sphere_18;0.42541;1.0458
5D Sphere_19;0.39907;1.0568
GS Balanced_0;0.57089;0.78119
GS Balanced_1;0.72162;1.178
GS Balanced_2;0.69048;1.23322
GS Balanced_3;0.59467;1.24113
GS Balanced_4;0.40885;0.79948
GS Balanced_5;0.53163;0.7883
GS Balanced_6;0.62235;1.23455
GS Balanced_7;0.47159;0.75846
GS Balanced_8;0.62468;1.2797
GS Balanced_9;0.67826;1.26278
GS Balanced_10;0.68033;1.1915
GS Balanced_11;0.44778;0.78794
GS Balanced_12;0.64913;1.25498
GS Balanced_13;0.53384;1.28099
GS Balanced_14;0.71329;1.21345
GS Balanced_15;0.55192;1.25182
GS Balanced_16;0.36715;0.86902
GS Balanced_17;0.49747;1.26778
GS Balanced_18;0.6517;1.20992
GS Balanced_19;0.58754;1.27165
GS Caterpillar_0;1.00777;1.64228
GS Caterpillar_1;0.92842;1.63927
GS Caterpillar_2;0.93759;1.59432
GS Caterpillar_3;1.06727;1.61208
GS Caterpillar_4;0.96315;1.54185
GS Caterpillar_5;0.86083;1.55862
GS Caterpillar_6;1.02869;1.60959
GS Caterpillar_7;0.8563;1.59788
GS Caterpillar_8;0.90149;1.57142
GS Caterpillar_9;1.01446;1.57217
GS Caterpillar_10;1.0821;1.52677
GS Caterpillar_11;1.06081;1.57002
GS Caterpillar_12;1.00111;1.52871
GS Caterpillar_13;1.102;1.5798
GS Caterpillar_14;0.96618;1.63625
GS Caterpillar_15;1.11949;1.54091
GS Caterpillar_16;0.97702;1.58727
GS Caterpillar_17;1.04172;1.52825
GS Caterpillar_18;0.89575;1.61845
GS Caterpillar_19;0.92014;1.53807
Urn_0;1.36823;1.2113
Urn_1;1.71494;1.21558
Urn_2;1.64881;1.07225
Urn_3;0.7276;0.64697
Urn_4;1.07564;1.10137
Urn_5;1.27756;0.89281
Urn_6;1.642;1.00491
Urn_7;1.4433;1.01217
Urn_8;0.84274;0.55721
Urn_9;2.02868;1.00372
Urn_10;1.47766;0.94276
Urn_11;1.6528;1.22687
Urn_12;1.2845;1.08213
Urn_13;1.56103;1.23394
Urn_14;1.19757;0.86992
Urn_15;1.10956;1.07408
Urn_16;0.72947;0.61496
Urn_17;1.00517;1.11651
Urn_18;1.29835;1.29627
Urn_19;0.95125;0.54493
Urn_20;2.02721;1.04914
Urn_21;0.89033;1.13424
Urn_22;1.29302;1.22051
Urn_23;0.57784;0.81688
Urn_24;1.2922;1.01597
Urn_25;0.76356;0.59464
Urn_26;1.23941;0.99484
Urn_27;1.20209;0.82549
Urn_28;1.20448;1.14889
Urn_29;1.34265;1.29401
Urn_30;0.59131;1.07442
Urn_31;1.58042;1.05935
Urn_32;1.5211;1.1621
Urn_33;1.40437;1.13002
Urn_34;1.46322;1.11818
Urn_35;1.3523;1.11756
Urn_36;1.98522;1.07986
Urn_37;0.61067;0.77024
Urn_38;1.01238;0.54473
Urn_39;1.84142;1.07576
Urn_40;1.84583;1.14579
Urn_41;0.94215;1.1512
Urn_42;1.75896;1.07423
Urn_43;1.93015;1.07934
Urn_44;1.7098;1.123
Urn_45;1.45107;1.21674
Urn_46;0.68415;0.64789
Urn_47;1.39688;1.06965
Urn_48;1.45027;1.05783
Urn_49;1.16056;0.99918
Urn_50;1.15017;1.06113
Urn_51;0.62134;0.73712
Urn_52;1.26003;1.04625
Urn_53;1.10117;0.51813
Urn_54;1.46017;1.3062
Urn_55;1.39877;1.1752
Urn_56;1.2684;0.95405
Urn_57;1.64787;1.13807
Urn_58;1.42724;1.37602
Urn_59;1.59102;1.2814
Urn_60;1.70399;1.04667
Urn_61;0.76717;1.07714
Urn_62;1.28506;1.16894
Urn_63;1.56393;1.11396
Urn_64;1.88257;1.1117
Urn_65;1.53936;0.95776
Urn_66;0.80424;1.12552
Urn_67;1.0039;0.49819
Urn_68;1.20615;0.92068
Urn_69;1.18245;0.9586
Urn_70;1.2005;1.05483
Urn_71;1.20987;1.20359
Urn_72;1.40815;1.26031
Urn_73;1.60978;1.17769
Urn_74;1.18211;1.10563
Urn_75;1.51207;1.0243
Urn_76;0.73192;1.04185
Urn_77;1.38767;1.00572
Urn_78;1.71889;1.17392
Urn_79;1.28556;1.13196
Norm-Mallows_0;1.32815;0.52386
Norm-Mallows_1;1.32796;0.56985
Norm-Mallows_2;0.87126;0.60671
Norm-Mallows_3;1.11451;0.66984
Norm-Mallows_4;0.56292;0.94702
Norm-Mallows_5;1.70722;0.73198
Norm-Mallows_6;2.02486;0.9143
Norm-Mallows_7;0.71557;0.9167
Norm-Mallows_8;0.63825;0.87851
Norm-Mallows_9;1.15548;0.58166
Norm-Mallows_10;0.75378;0.68511
Norm-Mallows_11;0.56347;0.92173
Norm-Mallows_12;0.83172;0.60776
Norm-Mallows_13;1.1325;0.63037
Norm-Mallows_14;0.70768;0.79546
Norm-Mallows_15;1.25371;0.56265
Norm-Mallows_16;1.59289;0.68951
Norm-Mallows_17;1.92703;0.89664
Norm-Mallows_18;1.42718;0.59293
Norm-Mallows_19;1.56975;0.60935
Norm-Mallows_20;1.91571;0.75264
Norm-Mallows_21;1.19679;0.63621
Norm-Mallows_22;1.96082;0.76391
Norm-Mallows_23;1.83515;0.67553
Norm-Mallows_24;0.99034;0.59727
Norm-Mallows_25;1.03189;0.60365
Norm-Mallows_26;1.62661;0.58669
Norm-Mallows_27;2.00147;0.96042
Norm-Mallows_28;1.63602;0.6351
Norm-Mallows_29;0.64681;0.83918
Norm-Mallows_30;1.39069;0.52282
Norm-Mallows_31;1.66812;0.68978
Norm-Mallows_32;0.83143;0.63893
Norm-Mallows_33;1.75509;0.68772
Norm-Mallows_34;0.64928;1.05138
Norm-Mallows_35;0.59472;0.89025
Norm-Mallows_36;1.15678;0.69091
Norm-Mallows_37;1.0519;0.56475
Norm-Mallows_38;0.86483;0.63311
Norm-Mallows_39;1.62199;0.74692
Norm-Mallows_40;1.89208;0.71832
Norm-Mallows_41;1.50699;0.59577
Norm-Mallows_42;0.94821;0.59644
Norm-Mallows_43;0.9033;0.58643
Norm-Mallows_44;2.0348;0.94393
Norm-Mallows_45;1.07753;0.61155
Norm-Mallows_46;1.23961;0.60526
Norm-Mallows_47;1.99552;0.84619
Norm-Mallows_48;1.54246;0.66065
Norm-Mallows_49;1.94742;0.84427
Norm-Mallows_50;1.38889;0.56672
Norm-Mallows_51;1.7174;0.66281
Norm-Mallows_52;0.53733;0.97448
Norm-Mallows_53;1.76653;0.63362
Norm-Mallows_54;0.75294;0.72116
Norm-Mallows_55;1.11738;0.55771
Norm-Mallows_56;1.27127;0.46732
Norm-Mallows_57;1.54923;0.55756
Norm-Mallows_58;1.29172;0.5044
Norm-Mallows_59;0.6662;0.93273
Norm-Mallows_60;1.19225;0.5103
Norm-Mallows_61;1.49768;0.53324
Norm-Mallows_62;1.9606;0.881
Norm-Mallows_63;1.70846;0.61603
Norm-Mallows_64;1.23097;0.50953
Norm-Mallows_65;1.87814;0.69106
Norm-Mallows_66;0.61459;0.82671
Norm-Mallows_67;0.7991;0.63671
Norm-Mallows_68;1.20732;0.55978
Norm-Mallows_69;0.68241;0.8652
Norm-Mallows_70;1.369;0.48377
Norm-Mallows_71;0.68537;0.75407
Norm-Mallows_72;1.7958;0.66957
Norm-Mallows_73;0.5952;0.93318
Norm-Mallows_74;1.16514;0.4847
Norm-Mallows_75;1.93964;0.72591
Norm-Mallows_76;0.91621;0.61685
Norm-Mallows_77;0.71342;0.72581
Norm-Mallows_78;1.93383;0.79744
Norm-Mallows_79;1.06973;0.65077
ANID_0;1.97372;1.12132
ANID_1;1.92238;1.16576
ANID_2;1.87075;1.20773
ANID_3;1.82079;1.23944
ANID_4;1.77555;1.28134
ANID_5;1.7238;1.31753
ANID_6;1.67219;1.34939
ANID_7;1.62101;1.37845
ANID_8;1.57063;1.40232
ANID_9;1.52268;1.42845
ANID_10;1.47478;1.45583
ANID_11;1.42521;1.47457
ANID_12;1.38052;1.49642
ANID_13;1.33379;1.50478
ANID_14;1.29853;1.53745
ANID_15;1.25389;1.55093
ANID_16;1.21848;1.58592
ANID_17;1.17627;1.62334
ANID_18;1.11747;1.66747
ANID_19;1.03105;1.70788
STID_0;1.97346;1.02581
STID_1;1.92619;1.00674
STID_2;1.91114;0.95948
STID_3;1.97532;0.80749
STID_4;1.91084;0.66131
STID_5;1.84496;0.60982
STID_6;1.79336;0.57535
STID_7;1.74719;0.54891
STID_8;1.6995;0.54227
STID_9;1.67205;0.50407
STID_10;1.62522;0.50755
STID_11;1.61299;0.46027
STID_12;1.5661;0.45809
STID_13;1.55986;0.41141
STID_14;1.51101;0.40852
STID_15;1.50654;0.36233
STID_16;1.45625;0.35672
STID_17;1.45073;0.31153
STID_18;1.40198;0.30199
STID_19;1.38261;0.26162
ANUN_0;0.32473;1.07537
ANUN_1;0.3541;1.13082
ANUN_2;0.38211;1.17924
ANUN_3;0.41536;1.2209
ANUN_4;0.44739;1.25676
ANUN_5;0.47552;1.2975
ANUN_6;0.51956;1.33194
ANUN_7;0.55839;1.35932
ANUN_8;0.60968;1.37692
ANUN_9;0.59475;1.41538
ANUN_10;0.65854;1.42493
ANUN_11;0.63622;1.4662
ANUN_12;0.69853;1.47659
ANUN_13;0.67514;1.51899
ANUN_14;0.73685;1.53007
ANUN_15;0.71277;1.574
ANUN_16;0.75899;1.59361
ANUN_17;0.77416;1.63539
ANUN_18;0.81504;1.66914
ANUN_19;0.86798;1.70327
STUN_0;0.35013;0.92798
STUN_1;0.40602;0.86288
STUN_2;0.48689;0.79924
STUN_3;0.52781;0.74665
STUN_4;0.56085;0.70583
STUN_5;0.59288;0.66576
STUN_6;0.62149;0.62254
STUN_7;0.65899;0.57514
STUN_8;0.7085;0.52891
STUN_9;0.76354;0.48798
STUN_10;0.8202;0.45221
STUN_11;0.8758;0.42133
STUN_12;0.92997;0.39336
STUN_13;0.98392;0.36872
STUN_14;1.03678;0.34678
STUN_15;1.08817;0.32607
STUN_16;1.13941;0.30695
STUN_17;1.19072;0.28952
STUN_18;1.24239;0.27392
STUN_19;1.29392;0.25817
