instance_id;x;y
ID;1.76517;1.31745
UN;-0.26201;1.31745
AN;0.45049;2.09693
ST;0.97305;0.34609
Impartial Culture_0;-0.00698;1.22225
Impartial Culture_1;0.05627;1.19805
Impartial Culture_2;0.02397;1.32386
Impartial Culture_3;0.03619;1.35418
Impartial Culture_4;0.09641;1.25522
Impartial Culture_5;-0.06308;1.23317
Impartial Culture_6;-0.02958;1.32725
Impartial Culture_7;0.04774;1.38376
Impartial Culture_8;0.03108;1.17318
Impartial Culture_9;-0.06142;1.26889
Impartial Culture_10;-9e-05;1.30368
Impartial Culture_11;0.00742;1.19368
Impartial Culture_12;0.07095;1.33991
Impartial Culture_13;0.06636;1.28052
Impartial Culture_14;-0.01923;1.27603
Impartial Culture_15;0.05167;1.2501
Impartial Culture_16;0.0984;1.32365
Impartial Culture_17;-0.03202;1.13366
Impartial Culture_18;0.0314;1.22346
Impartial Culture_19;-0.09681;1.24429
SP by Conitzer_0;0.64197;1.42615
SP by Conitzer_1;0.62014;1.50116
SP by Conitzer_2;0.46159;1.48493
SP by Conitzer_3;0.74468;1.53108
SP by Conitzer_4;0.47586;1.57202
SP by Conitzer_5;0.66999;1.50109
SP by Conitzer_6;0.37818;1.55204
SP by Conitzer_7;0.43671;1.64574
SP by Conitzer_8;0.5232;1.57882
SP by Conitzer_9;0.50578;1.61368
SP by Conitzer_10;0.43246;1.69746
SP by Conitzer_11;0.57066;1.51064
SP by Conitzer_12;0.41327;1.50076
SP by Conitzer_13;0.35341;1.59485
SP by Conitzer_14;0.4053;1.57968
SP by Conitzer_15;0.58897;1.44792
SP by Conitzer_16;0.7108;1.43018
SP by Conitzer_17;0.55941;1.60811
SP by Conitzer_18;0.63959;1.46528
SP by Conitzer_19;0.38611;1.68611
SP by Walsh_0;1.43331;1.08417
SP by Walsh_1;1.52246;0.97058
SP by Walsh_2;1.56474;1.02089
SP by Walsh_3;1.55266;0.98934
SP by Walsh_4;1.48688;0.97771
SP by Walsh_5;1.56379;1.09187
SP by Walsh_6;1.43538;1.04529
SP by Walsh_7;1.50356;1.10643
SP by Walsh_8;1.54858;1.12249
SP by Walsh_9;1.52523;1.07714
SP by Walsh_10;1.51007;1.0118
SP by Walsh_11;1.52304;1.14401
SP by Walsh_12;1.45491;1.11866
SP by Walsh_13;1.46444;1.0216
SP by Walsh_14;1.53588;1.04288
SP by Walsh_15;1.47022;1.08234
SP by Walsh_16;1.48753;1.05035
SP by Walsh_17;1.48509;1.14159
SP by Walsh_18;1.44806;0.98915
SP by Walsh_19;1.5835;1.05666
SPOC_0;-0.06879;1.12786
SPOC_1;-0.04366;1.43432
SPOC_2;0.10731;1.42793
SPOC_3;0.09263;1.08183
SPOC_4;0.11952;1.35078
SPOC_5;-0.13566;1.41585
SPOC_6;-0.17633;1.27055
SPOC_7;-0.11538;1.37565
SPOC_8;-0.09576;1.14427
SPOC_9;0.18036;1.29584
SPOC_10;0.1862;1.1785
SPOC_11;-0.04209;1.09117
SPOC_12;0.02376;1.41071
SPOC_13;0.14586;1.32815
SPOC_14;-0.0044;1.34978
SPOC_15;-0.20496;1.33244
SPOC_16;-0.07787;1.20375
SPOC_17;-0.08299;1.1011
SPOC_18;0.14998;1.01585
SPOC_19;0.14739;1.37859
Single-Crossing_0;1.00794;0.962
Single-Crossing_1;0.90767;0.9045
Single-Crossing_2;1.02051;1.12314
Single-Crossing_3;0.909;0.82054
Single-Crossing_4;0.9644;0.91862
Single-Crossing_5;0.99368;0.84272
Single-Crossing_6;0.92029;1.11472
Single-Crossing_7;1.03245;1.06705
Single-Crossing_8;1.02922;0.89719
Single-Crossing_9;0.86295;0.8746
Single-Crossing_10;0.98619;1.16063
Single-Crossing_11;0.88753;1.01618
Single-Crossing_12;0.98156;1.07741
Single-Crossing_13;0.91469;1.06021
Single-Crossing_14;1.00964;1.02246
Single-Crossing_15;1.0563;1.00241
Single-Crossing_16;0.9592;1.00912
Single-Crossing_17;0.93924;0.86505
Single-Crossing_18;0.92764;0.97492
Single-Crossing_19;0.88303;0.94585
1D Uniform_0;0.52615;1.51697
1D Uniform_1;0.56145;1.65754
1D Uniform_2;0.56932;1.56131
1D Uniform_3;0.38908;1.62684
1D Uniform_4;0.43402;1.54043
1D Uniform_5;0.66096;1.53601
1D Uniform_6;0.65537;1.58517
1D Uniform_7;0.34021;1.63262
1D Uniform_8;0.51809;1.68534
1D Uniform_9;0.61081;1.56185
1D Uniform_10;0.69902;1.46734
1D Uniform_11;0.54936;1.45596
1D Uniform_12;0.71781;1.58822
1D Uniform_13;0.34424;1.67461
1D Uniform_14;0.60809;1.60822
1D Uniform_15;0.4469;1.60769
1D Uniform_16;0.64333;1.662
1D Uniform_17;0.4796;1.52828
1D Uniform_18;0.51104;1.4703
1D Uniform_19;0.48688;1.65881
2D Uniform_0;0.4855;1.3427
2D Uniform_1;0.59697;1.28214
2D Uniform_2;0.56414;1.25122
2D Uniform_3;0.66317;1.22001
2D Uniform_4;0.60597;1.23055
2D Uniform_5;0.42818;1.36229
2D Uniform_6;0.45114;1.31211
2D Uniform_7;0.49986;1.29317
2D Uniform_8;0.38406;1.34739
2D Uniform_9;0.70797;1.11662
2D Uniform_10;0.55295;1.2881
2D Uniform_11;0.52243;1.23814
2D Uniform_12;0.63256;1.19678
2D Uniform_13;0.4402;1.27407
2D Uniform_14;0.57534;1.20213
2D Uniform_15;0.48769;1.25185
2D Uniform_16;0.38494;1.27574
2D Uniform_17;0.52897;1.31624
2D Uniform_18;0.67922;1.17683
2D Uniform_19;0.40117;1.31617
3D Uniform_0;0.6555;1.11116
3D Uniform_1;0.59418;1.14364
3D Uniform_2;0.36851;1.17846
3D Uniform_3;0.40163;1.222
3D Uniform_4;0.68553;1.03716
3D Uniform_5;0.54634;1.17334
3D Uniform_6;0.61756;1.0968
3D Uniform_7;0.57781;1.09401
3D Uniform_8;0.36354;1.21126
3D Uniform_9;0.54618;1.1301
3D Uniform_10;0.64302;1.0634
3D Uniform_11;0.51286;1.14805
3D Uniform_12;0.46618;1.14909
3D Uniform_13;0.45112;1.22538
3D Uniform_14;0.62805;1.15021
3D Uniform_15;0.42299;1.18061
3D Uniform_16;0.45887;1.18581
3D Uniform_17;0.50387;1.196
3D Uniform_18;0.62862;1.0266
3D Uniform_19;0.59365;1.05923
5D Uniform_0;0.47129;1.02877
5D Uniform_1;0.56989;1.02181
5D Uniform_2;0.54917;1.0576
5D Uniform_3;0.38054;1.09628
5D Uniform_4;0.37046;1.12983
5D Uniform_5;0.31197;1.08417
5D Uniform_6;0.51687;1.09372
5D Uniform_7;0.40675;1.13024
5D Uniform_8;0.38896;1.05548
5D Uniform_9;0.48905;1.06468
5D Uniform_10;0.59833;0.99567
5D Uniform_11;0.65078;0.97341
5D Uniform_12;0.42332;1.04253
5D Uniform_13;0.5173;1.03899
5D Uniform_14;0.43986;1.11571
5D Uniform_15;0.45159;1.06618
5D Uniform_16;0.47787;1.1051
5D Uniform_17;0.41851;1.08747
5D Uniform_18;0.35276;1.0637
5D Uniform_19;0.53445;1.00756
10D Uniform_0;0.48348;0.91082
10D Uniform_1;0.55288;0.93889
10D Uniform_2;0.51667;0.92234
10D Uniform_3;0.49127;0.99059
10D Uniform_4;0.52035;0.86975
10D Uniform_5;0.61248;0.94512
10D Uniform_6;0.3376;1.02089
10D Uniform_7;0.48348;0.95266
10D Uniform_8;0.36267;0.99173
10D Uniform_9;0.38472;0.95125
10D Uniform_10;0.42189;0.93602
10D Uniform_11;0.4521;0.96217
10D Uniform_12;0.57054;0.96741
10D Uniform_13;0.52305;0.96717
10D Uniform_14;0.59222;0.91332
10D Uniform_15;0.40925;0.97789
10D Uniform_16;0.34396;0.93404
10D Uniform_17;0.43717;1.00195
10D Uniform_18;0.32422;1.11265
10D Uniform_19;0.39337;1.01102
20D Uniform_0;0.37903;0.9107
20D Uniform_1;0.55027;0.89579
20D Uniform_2;0.40684;0.88528
20D Uniform_3;0.33022;0.85905
20D Uniform_4;0.31188;0.92506
20D Uniform_5;0.33489;0.96716
20D Uniform_6;0.35787;0.88415
20D Uniform_7;0.30721;0.88245
20D Uniform_8;0.5218;0.82687
20D Uniform_9;0.46427;0.8359
20D Uniform_10;0.28001;0.95534
20D Uniform_11;0.44638;0.90919
20D Uniform_12;0.29927;0.99008
20D Uniform_13;0.43921;0.87367
20D Uniform_14;0.25195;1.01395
20D Uniform_15;0.28424;1.04459
20D Uniform_16;0.56636;0.86099
20D Uniform_17;0.38073;0.85502
20D Uniform_18;0.4162;0.84414
20D Uniform_19;0.48064;0.87014
2D Sphere_0;-0.21135;1.19429
2D Sphere_1;0.01212;1.48715
2D Sphere_2;-0.16146;1.18051
2D Sphere_3;0.03738;1.02285
2D Sphere_4;0.18292;1.35984
2D Sphere_5;-0.05855;1.47208
2D Sphere_6;-0.10283;1.1731
2D Sphere_7;0.05392;1.05182
2D Sphere_8;0.00126;1.05096
2D Sphere_9;-0.14788;1.21266
2D Sphere_10;-0.02713;1.47809
2D Sphere_11;0.03717;1.44643
2D Sphere_12;-0.16192;1.10833
2D Sphere_13;-0.18347;1.22768
2D Sphere_14;-0.13353;1.15964
2D Sphere_15;-0.11885;1.11924
2D Sphere_16;0.07792;1.4486
2D Sphere_17;-0.22326;1.2783
2D Sphere_18;-0.22125;1.23824
2D Sphere_19;-0.15245;1.24986
3D Sphere_0;0.00461;1.37935
3D Sphere_1;-0.15536;1.30026
3D Sphere_2;-0.08987;1.2888
3D Sphere_3;-0.07914;1.36897
3D Sphere_4;0.07667;1.4144
3D Sphere_5;-0.15043;1.38496
3D Sphere_6;-0.00668;1.42338
3D Sphere_7;-0.03832;1.20395
3D Sphere_8;-0.06038;1.16961
3D Sphere_9;0.1584;1.20793
3D Sphere_10;-0.03091;1.24302
3D Sphere_11;0.19726;1.22248
3D Sphere_12;-0.01478;1.09406
3D Sphere_13;0.06341;1.15821
3D Sphere_14;-0.11319;1.21049
3D Sphere_15;-0.0275;1.39391
3D Sphere_16;0.20271;1.25629
3D Sphere_17;0.10375;1.17908
3D Sphere_18;-0.12208;1.26977
3D Sphere_19;-0.09243;1.45142
5D Sphere_0;-0.04739;1.35883
5D Sphere_1;0.00917;1.25487
5D Sphere_2;0.09584;1.14515
5D Sphere_3;0.08017;1.36893
5D Sphere_4;0.03671;1.09628
5D Sphere_5;-0.11626;1.31262
5D Sphere_6;-0.00208;1.16135
5D Sphere_7;0.1072;1.38283
5D Sphere_8;0.11582;1.20995
5D Sphere_9;0.03075;1.13333
5D Sphere_10;-0.10183;1.41624
5D Sphere_11;-0.07175;1.32645
5D Sphere_12;-0.03221;1.16825
5D Sphere_13;-0.14736;1.34128
5D Sphere_14;-0.19744;1.30518
5D Sphere_15;-0.04972;1.3011
5D Sphere_16;0.00321;1.12365
5D Sphere_17;0.1273;1.24161
5D Sphere_18;-0.06459;1.39799
5D Sphere_19;-0.1163;1.34655
GS Balanced_0;0.05295;0.96509
GS Balanced_1;-0.03496;0.90146
GS Balanced_2;-0.02069;0.99677
GS Balanced_3;0.06944;1.5137
GS Balanced_4;-0.15799;0.99863
GS Balanced_5;-0.02168;0.95948
GS Balanced_6;-0.12023;1.0263
GS Balanced_7;-0.07832;0.95747
GS Balanced_8;-0.16728;1.06923
GS Balanced_9;-0.06507;1.00442
GS Balanced_10;0.18118;1.45305
GS Balanced_11;-0.11042;0.97681
GS Balanced_12;0.12249;1.5209
GS Balanced_13;-0.0089;1.54272
GS Balanced_14;0.1791;1.4927
GS Balanced_15;-0.21684;1.13672
GS Balanced_16;0.0826;1.55602
GS Balanced_17;-0.09334;1.52937
GS Balanced_18;0.13708;1.48216
GS Balanced_19;-0.12994;1.06507
GS Caterpillar_0;0.49905;2.00208
GS Caterpillar_1;0.43524;1.98886
GS Caterpillar_2;0.42088;1.93335
GS Caterpillar_3;0.46982;1.95769
GS Caterpillar_4;0.6369;1.85089
GS Caterpillar_5;0.38041;1.88917
GS Caterpillar_6;0.60269;1.95797
GS Caterpillar_7;0.35338;1.92401
GS Caterpillar_8;0.46463;1.90492
GS Caterpillar_9;0.57169;1.92382
GS Caterpillar_10;0.60062;1.8832
GS Caterpillar_11;0.3847;1.96215
GS Caterpillar_12;0.55876;1.85686
GS Caterpillar_13;0.66455;1.89209
GS Caterpillar_14;0.55301;1.98386
GS Caterpillar_15;0.63954;1.9266
GS Caterpillar_16;0.53001;1.90308
GS Caterpillar_17;0.49769;1.8676
GS Caterpillar_18;0.51758;1.95176
GS Caterpillar_19;0.43244;1.87097
Urn_0;0.99406;1.44887
Urn_1;1.37996;1.32745
Urn_2;1.29929;1.33698
Urn_3;0.23495;0.81101
Urn_4;0.66176;1.32159
Urn_5;0.90048;1.2523
Urn_6;1.29725;1.27207
Urn_7;0.99034;1.55524
Urn_8;0.60707;1.3554
Urn_9;1.75823;1.31742
Urn_10;1.08227;1.41772
Urn_11;1.30044;1.52481
Urn_12;0.89752;1.21325
Urn_13;1.19033;1.54193
Urn_14;0.77239;1.20719
Urn_15;0.66622;1.36037
Urn_16;0.37916;1.4157
Urn_17;0.46719;1.40672
Urn_18;0.90483;1.56692
Urn_19;0.76837;1.12761
Urn_20;1.73202;1.35801
Urn_21;0.30314;0.74959
Urn_22;0.90297;1.45484
Urn_23;0.08521;1.0465
Urn_24;0.87047;1.1635
Urn_25;0.25478;0.76989
Urn_26;0.82744;1.23885
Urn_27;0.77852;1.3048
Urn_28;0.78332;1.42687
Urn_29;0.91945;1.61833
Urn_30;0.05739;1.3111
Urn_31;1.19083;1.47236
Urn_32;1.18876;1.24371
Urn_33;1.01631;1.39872
Urn_34;1.08807;1.35379
Urn_35;0.95439;1.37972
Urn_36;1.67892;1.3732
Urn_37;0.25657;1.30891
Urn_38;0.51486;0.68461
Urn_39;1.52866;1.35633
Urn_40;1.52907;1.44286
Urn_41;0.53988;1.39207
Urn_42;1.43403;1.36313
Urn_43;1.62427;1.35625
Urn_44;1.36999;1.46292
Urn_45;1.06515;1.51422
Urn_46;0.18638;0.81576
Urn_47;1.01267;1.32727
Urn_48;1.07017;1.27308
Urn_49;0.73049;1.2385
Urn_50;0.72006;1.31672
Urn_51;0.26833;1.38186
Urn_52;0.86439;1.2941
Urn_53;0.87208;1.37877
Urn_54;1.07262;1.61182
Urn_55;0.98729;1.49669
Urn_56;0.83812;1.32859
Urn_57;1.29758;1.41092
Urn_58;1.03552;1.69257
Urn_59;1.23012;1.59022
Urn_60;1.36964;1.40204
Urn_61;0.117;0.94217
Urn_62;0.6898;0.67504
Urn_63;1.20789;1.36417
Urn_64;1.57341;1.40428
Urn_65;1.17107;1.16442
Urn_66;0.15309;0.88439
Urn_67;0.57609;0.65633
Urn_68;0.56788;0.71902
Urn_69;0.76179;1.03944
Urn_70;0.80042;1.16697
Urn_71;0.78337;1.49017
Urn_72;1.09495;1.22314
Urn_73;1.25678;1.45625
Urn_74;0.7576;1.37247
Urn_75;1.14224;1.31394
Urn_76;0.23187;1.34536
Urn_77;1.00428;1.25219
Urn_78;1.36914;1.52412
Urn_79;0.85418;1.48877
Norm-Mallows_0;0.96827;0.75284
Norm-Mallows_1;0.90582;0.66731
Norm-Mallows_2;0.39287;0.76755
Norm-Mallows_3;0.60438;0.73392
Norm-Mallows_4;0.07487;1.22371
Norm-Mallows_5;1.43188;0.85249
Norm-Mallows_6;1.71383;1.23335
Norm-Mallows_7;0.12104;1.00363
Norm-Mallows_8;0.14799;1.14358
Norm-Mallows_9;0.70897;0.72205
Norm-Mallows_10;0.25972;0.86411
Norm-Mallows_11;0.09927;1.28985
Norm-Mallows_12;0.35584;0.77372
Norm-Mallows_13;0.70911;0.81516
Norm-Mallows_14;0.18568;0.95712
Norm-Mallows_15;0.86057;0.74426
Norm-Mallows_16;1.24787;0.90361
Norm-Mallows_17;1.69759;1.08906
Norm-Mallows_18;1.04232;0.71426
Norm-Mallows_19;1.22597;0.79965
Norm-Mallows_20;1.64549;0.9562
Norm-Mallows_21;0.75251;0.75942
Norm-Mallows_22;1.67227;1.03671
Norm-Mallows_23;1.53576;0.89231
Norm-Mallows_24;0.53465;0.76337
Norm-Mallows_25;0.65145;0.85236
Norm-Mallows_26;1.29209;0.78521
Norm-Mallows_27;1.75567;1.24621
Norm-Mallows_28;1.28944;0.9553
Norm-Mallows_29;0.13829;1.06955
Norm-Mallows_30;0.98087;0.64059
Norm-Mallows_31;1.37063;0.8039
Norm-Mallows_32;0.35694;0.8102
Norm-Mallows_33;1.48103;0.84855
Norm-Mallows_34;0.06354;1.11886
Norm-Mallows_35;0.15632;1.2589
Norm-Mallows_36;0.72887;0.87931
Norm-Mallows_37;0.63961;0.7547
Norm-Mallows_38;0.40012;0.80263
Norm-Mallows_39;1.2941;0.85532
Norm-Mallows_40;1.60243;0.95116
Norm-Mallows_41;1.15142;0.78457
Norm-Mallows_42;0.46709;0.7422
Norm-Mallows_43;0.475;0.78124
Norm-Mallows_44;1.75617;1.20383
Norm-Mallows_45;0.65459;0.80562
Norm-Mallows_46;0.8331;0.78765
Norm-Mallows_47;1.65952;1.17234
Norm-Mallows_48;1.19152;0.85813
Norm-Mallows_49;1.65109;1.12125
Norm-Mallows_50;0.99466;0.69013
Norm-Mallows_51;1.38803;0.90819
Norm-Mallows_52;0.03051;1.2818
Norm-Mallows_53;1.3856;0.9625
Norm-Mallows_54;0.25981;0.90671
Norm-Mallows_55;0.76608;0.83449
Norm-Mallows_56;0.92612;0.71154
Norm-Mallows_57;1.20369;0.74083
Norm-Mallows_58;0.87764;0.63074
Norm-Mallows_59;0.12522;1.11356
Norm-Mallows_60;0.7992;0.68625
Norm-Mallows_61;1.14454;0.71149
Norm-Mallows_62;1.61615;1.18369
Norm-Mallows_63;1.37245;0.85913
Norm-Mallows_64;0.80677;0.6406
Norm-Mallows_65;1.59042;0.91603
Norm-Mallows_66;0.17907;1.14709
Norm-Mallows_67;0.31658;0.80996
Norm-Mallows_68;0.75158;0.65916
Norm-Mallows_69;0.18253;1.09583
Norm-Mallows_70;1.04712;0.77428
Norm-Mallows_71;0.2019;0.99504
Norm-Mallows_72;1.47487;0.90065
Norm-Mallows_73;0.13399;1.29212
Norm-Mallows_74;0.81475;0.7265
Norm-Mallows_75;1.64362;1.00054
Norm-Mallows_76;0.4319;0.76712
Norm-Mallows_77;0.21509;0.91786
Norm-Mallows_78;1.64204;1.0677
Norm-Mallows_79;0.59768;0.79151
ANID_0;1.67685;1.42532
ANID_1;1.61617;1.47139
ANID_2;1.55541;1.51787
ANID_3;1.49583;1.55191
ANID_4;1.44237;1.59893
ANID_5;1.38119;1.63992
ANID_6;1.31981;1.67543
ANID_7;1.259;1.70759
ANID_8;1.19936;1.73355
ANID_9;1.14254;1.76221
ANID_10;1.08595;1.79249
ANID_11;1.02753;1.81159
ANID_12;0.97552;1.83795
ANID_13;0.92015;1.84428
ANID_14;0.87846;1.88274
ANID_15;0.82549;1.89674
ANID_16;0.78282;1.93672
ANID_17;0.73191;1.97901
ANID_18;0.66185;2.02814
ANID_19;0.56113;2.07292
STID_0;1.68721;1.30179
STID_1;1.63738;1.26616
STID_2;1.70904;1.1499
STID_3;1.70505;1.00117
STID_4;1.6222;0.87082
STID_5;1.55086;0.8132
STID_6;1.49039;0.77122
STID_7;1.43527;0.74514
STID_8;1.39046;0.71023
STID_9;1.33486;0.71031
STID_10;1.31405;0.65801
STID_11;1.26002;0.65609
STID_12;1.2511;0.60039
STID_13;1.19501;0.5954
STID_14;1.19068;0.54079
STID_15;1.13323;0.53353
STID_16;1.12731;0.48005
STID_17;1.06822;0.47043
STID_18;1.05935;0.41884
STID_19;1.00749;0.39574
ANUN_0;-0.20049;1.42517
ANUN_1;-0.21285;1.39478
ANUN_2;-0.16239;1.46528
ANUN_3;-0.1329;1.50538
ANUN_4;-0.07529;1.55786
ANUN_5;-0.04062;1.59229
ANUN_6;-0.00045;1.62237
ANUN_7;0.03808;1.65119
ANUN_8;0.09536;1.67069
ANUN_9;0.06097;1.71613
ANUN_10;0.13654;1.73011
ANUN_11;0.10471;1.77752
ANUN_12;0.1783;1.79177
ANUN_13;0.14813;1.84066
ANUN_14;0.22055;1.85562
ANUN_15;0.1901;1.90641
ANUN_16;0.24368;1.93092
ANUN_17;0.25994;1.98046
ANUN_18;0.30661;2.02147
ANUN_19;0.36829;2.06335
STUN_0;-0.18873;1.35257
STUN_1;-0.16417;1.13879
STUN_2;-0.05739;1.03952
STUN_3;0.01494;0.95637
STUN_4;0.04336;0.89705
STUN_5;0.07258;0.84525
STUN_6;0.10727;0.79253
STUN_7;0.1531;0.73688
STUN_8;0.21193;0.68286
STUN_9;0.27954;0.63554
STUN_10;0.34652;0.59576
STUN_11;0.41126;0.56015
STUN_12;0.4758;0.52814
STUN_13;0.54045;0.50042
STUN_14;0.60382;0.47605
STUN_15;0.66546;0.45329
STUN_16;0.72683;0.43241
STUN_17;0.78814;0.41342
STUN_18;0.85026;0.39764
STUN_19;0.9109;0.37936
